,Unnamed: 0.3,Unnamed: 0.2,Unnamed: 0.1,Unnamed: 0,Date,Headline,Source,Market_Event,Market_Index,Index_Change_Percent,Trading_Volume,Sentiment,Sector,Impact_Level,Related_Company,News_Url,text_clean,label_id,ESG_Label,Impact_Level_Code,ESG_Controversy,Year,Sentiment_Code
0,0,0,0,0,2025-05-21,Nikkei 225 index benefits from a weaker yen,Times of India,Carbon Emissions Violation,DAX,3.52,166.45,Negative,Technology,High,JPMorgan Chase,https://timesofindia.indiatimes.com/business/markets/stock-market-crash,nikkei 225 index benefits from a weaker yen,2,Environmental,2,1,2025,-1.0
1,1,1,1,1,2025-05-18,Government subsidy program gives a lift to the agriculture sector,Financial Times,Antitrust Investigation,Shanghai Composite,-3.39,57.61,,Retail,Low,Chevron Corporation,https://timesofindia.indiatimes.com/business/markets/stock-market-crash,government subsidy program gives a lift to the agriculture sector,1,Governance,0,0,2025,
2,2,2,2,2,2025-06-25,New housing data release shows a slowdown in market activity,The Hindu Business Line,Worker Strike,Shanghai Composite,-0.05,403.22,Neutral,Retail,Medium,Lockheed Martin,https://www.moneycontrol.com/us-markets/sp-500,new housing data release shows a slowdown in market activity,3,Social,1,1,2025,0.0
3,3,3,3,3,2025-07-21,Massive stock buyback program announced by a consumer goods company,The Economist,Carbon Emissions Violation,NSE Nifty,-2.29,100.11,Positive,Consumer Goods,Low,Intel,https://www.cnbc.com/2025/09/automotive-industry-trends,massive stock buyback program announced by a consumer goods company,2,Environmental,0,0,2025,1.0
4,4,4,4,4,2025-07-23,Government spending bill is expected to stimulate the economy,The Motley Fool,Antitrust Investigation,Nasdaq Composite,-3.97,438.22,Negative,Consumer Goods,Low,Bank of America,https://www.bloomberg.com/australia/asx-200-performance,government spending bill is expected to stimulate the economy,11,Governance,0,0,2025,-1.0
5,5,5,5,5,2025-03-18,Central bank maintains status quo on interest rates,Bloomberg,Product Safety Recall,IBOVESPA,0.56,36.24,Negative,Transportation,Low,Chevron Corporation,https://www.reuters.com/markets/indices/ftse-100,central bank maintains status quo on interest rates,19,Social,0,0,2025,-1.0
6,6,6,6,6,2025-03-02,Tech Giant's New Product Launch Sparks Sector-Wide Gains,Barron's,Executive Misconduct,Shanghai Composite,-3.68,273.35,Neutral,Telecommunications,Medium,Bank of America,https://www.cnbc.com/2025/08/russia-ukraine-war-economic-impact,tech giant's new product launch sparks sector wide gains,10,Governance,1,1,2025,0.0
7,7,7,7,7,2025-04-05,A massive data breach sends a tech company's stock tumbling,Wall Street Journal,Human Rights Allegation,DAX,-4.33,420.89,Positive,Retail,Low,Bank of America,https://www.ft.com/content/tech-sector-innovation,a massive data breach sends a tech company's stock tumbling,8,Social,0,0,2025,1.0
8,8,8,8,8,2025-04-08,,Financial Times,Accounting Fraud Investigation,S&P/TSX Composite,-3.77,209.41,Positive,Automotive,Low,Bank of America,https://www.investopedia.com/articles/government-policy-announcement,,18,Governance,0,0,2025,1.0
9,9,9,9,9,2025-06-18,Market sentiment turns positive on vaccine trial results,Investopedia,Regulatory Compliance Failure,Nikkei 225,3.35,76.55,Negative,Energy,Low,Bank of America,https://www.wsj.com/europe/dax-performance,market sentiment turns positive on vaccine trial results,18,Governance,0,0,2025,-1.0
10,10,10,10,10,2025-07-17,"Global trade talks collapse, causing market turmoil",Investopedia,Worker Strike,FTSE 100,-1.66,36.59,Positive,Transportation,Medium,General Motors,https://www.ft.com/content/media-entertainment-merger,"global trade talks collapse, causing market turmoil",3,Social,1,1,2025,1.0
11,11,11,11,11,2025-05-28,Aerospace and Defense sector sees rally amid geopolitical tensions,Investopedia,Water Pollution Incident,TSX,-2.01,261.94,,Pharmaceuticals,Medium,General Motors,https://www.business-standard.com/economy/economic-stimulus,aerospace and defense sector sees rally amid geopolitical tensions,2,Environmental,1,1,2025,
12,12,12,12,12,2025-04-28,Supply chain issues impact manufacturing sector earnings,The Economist,Executive Misconduct,ASX 200,-2.45,371.87,Negative,Healthcare,High,Chevron Corporation,https://www.cnbc.com/2025/12/healthcare-sector-outlook,supply chain issues impact manufacturing sector earnings,9,Governance,2,1,2025,-1.0
13,13,13,13,13,2025-02-28,,Investopedia,Product Safety Recall,Nasdaq Composite,,422.01,Negative,Aerospace & Defense,Low,Lockheed Martin,,,19,Social,0,0,2025,-1.0
14,14,14,14,14,2025-06-30,Market braces for a major policy announcement from the EU,Reuters,Antitrust Investigation,BSE Sensex,0.92,286.71,Positive,Finance,Medium,Ford Motor Company,https://www.reuters.com/markets/indices/nikkei-225,market braces for a major policy announcement from the eu,0,Governance,1,1,2025,1.0
15,15,15,15,15,2025-05-26,New IPO for a popular software firm is oversubscribed,The Motley Fool,Antitrust Investigation,Shanghai Composite,2.83,13.97,Negative,Industrials,Medium,Microsoft,https://www.reuters.com/business/retail-sector-earnings,new ipo for a popular software firm is oversubscribed,15,Governance,1,1,2025,-1.0
16,16,16,16,16,2025-06-02,Market sentiment turns positive on vaccine trial results,The Motley Fool,Antitrust Investigation,KOSPI,-2.92,475.95,Negative,Real Estate,Low,Lockheed Martin,https://www.wsj.com/europe/regulatory-changes,market sentiment turns positive on vaccine trial results,14,Governance,0,0,2025,-1.0
17,17,17,17,17,2025-04-02,Major technology firm acquires a smaller rival in a multi-billion dollar deal,Barron's,Accounting Fraud Investigation,Shanghai Composite,4.41,448.6,Negative,Aerospace & Defense,High,Intel,https://www.bloomberg.com/australia/asx-200-performance,major technology firm acquires a smaller rival in a multi billion dollar deal,11,Governance,2,1,2025,-1.0
18,18,18,18,18,2025-07-18,Manufacturing PMI data signals economic expansion,CNBC,Accounting Fraud Investigation,Nasdaq Composite,-1.3,6.76,,Retail,Low,Apple Inc.,https://economictimes.indiatimes.com/stocks/bse-sensex-plunges,manufacturing pmi data signals economic expansion,11,Governance,0,0,2025,
19,19,19,19,19,2025-07-22,Financial services stocks rally on strong profit margins,Forbes,Executive Misconduct,BSE Sensex,4.15,410.09,Positive,Finance,Medium,Bank of America,https://www.business-standard.com/economy/inflation-data,financial services stocks rally on strong profit margins,18,Governance,1,1,2025,1.0
20,20,20,20,20,2025-05-21,,Yahoo Finance,Water Pollution Incident,Nasdaq Composite,4.32,122.45,Negative,Industrials,Medium,Intel,https://www.marketwatch.com/story/commodities-price-shock,,2,Environmental,1,1,2025,-1.0
21,21,21,21,21,2025-08-03,Mining company stock surges on commodity price boom,CNBC,Climate Regulation Breach,NSE Nifty,-0.95,29.44,Negative,Agriculture,Medium,Lockheed Martin,https://www.reuters.com/markets/indices/nikkei-225,mining company stock surges on commodity price boom,2,Environmental,1,1,2025,-1.0
22,22,22,22,22,2025-05-23,Tech Giant's New Product Launch Sparks Sector-Wide Gains,The Motley Fool,Accounting Fraud Investigation,ASX 200,-2.37,470.23,Neutral,Real Estate,Low,Apple Inc.,https://www.wsj.com/china/market-rally,tech giant's new product launch sparks sector wide gains,15,Governance,0,0,2025,0.0
23,23,23,23,23,2025-03-12,Financial sector bracing for new capital requirements,Seeking Alpha,Regulatory Compliance Failure,Euro Stoxx 50,-1.96,76.95,Negative,Utilities,High,Microsoft,https://www.business-standard.com/economy/trade-disputes-impact,financial sector bracing for new capital requirements,7,Governance,2,1,2025,-1.0
24,24,24,24,24,2025-06-30,Major technology firm acquires a smaller rival in a multi-billion dollar deal,The Motley Fool,Executive Misconduct,Hang Seng,0.21,268.35,,Construction,Low,Bank of America,,major technology firm acquires a smaller rival in a multi billion dollar deal,10,Governance,0,0,2025,
25,25,25,25,25,2025-04-07,ASX 200 gains on strong export performance,Reuters,Antitrust Investigation,TSX,4.28,269.15,Negative,Media & Entertainment,High,Bank of America,https://www.reuters.com/business/retail-sector-earnings,asx 200 gains on strong export performance,16,Governance,2,1,2025,-1.0
26,26,26,26,26,2025-02-25,ASX 200 gains on strong export performance,The Motley Fool,Antitrust Investigation,Russell 2000,-2.02,226.39,Neutral,Industrials,Low,Apple Inc.,https://www.theeconomist.com/world/government-policy-announcement,asx 200 gains on strong export performance,11,Governance,0,0,2025,0.0
27,27,27,27,27,2025-06-05,Bond yields tumble as investors seek safe havens,CNBC,Accounting Fraud Investigation,Nikkei 225,-0.05,251.63,Positive,Telecommunications,Medium,Chevron Corporation,https://www.ft.com/content/currency-devaluation,bond yields tumble as investors seek safe havens,1,Governance,1,1,2025,1.0
28,28,28,28,28,2025-07-14,Utilities sector remains stable during market fluctuations,Economic Times,Labor Rights Violation,CAC 40,1.34,349.78,Negative,Media & Entertainment,High,Chevron Corporation,https://www.moneycontrol.com/india/ipo-news/new-firm-launches,utilities sector remains stable during market fluctuations,3,Social,2,1,2025,-1.0
29,29,29,29,29,2025-07-30,Financial sector bracing for new capital requirements,Barron's,Antitrust Investigation,Nasdaq Composite,-1.18,48.95,Neutral,Healthcare,Low,Apple Inc.,https://www.moneycontrol.com/india/ipo-news/new-firm-launches,financial sector bracing for new capital requirements,11,Governance,0,0,2025,0.0
30,30,30,30,30,2025-05-20,Consumer Discretionary stocks outperform as spending increases,Economic Times,Climate Regulation Breach,Russell 2000,2.46,258.4,Positive,Retail,Medium,Microsoft,https://www.marketwatch.com/story/commodities-price-shock,consumer discretionary stocks outperform as spending increases,2,Environmental,1,1,2025,1.0
31,31,31,31,31,2025-03-23,Quarterly report shows surprising losses for retail giants,MarketWatch,Accounting Fraud Investigation,IBOVESPA,-4.4,444.33,Positive,Energy,Low,Exxon Mobil,https://www.business-standard.com/economy/inflation-data,quarterly report shows surprising losses for retail giants,7,Governance,0,0,2025,1.0
32,32,32,32,32,2025-08-14,Major oil spill sends energy stocks plummeting,Economic Times,Regulatory Compliance Failure,Nikkei 225,3.53,320.06,Negative,Transportation,Low,Intel,https://www.wsj.com/china/market-regulation,major oil spill sends energy stocks plummeting,6,Governance,0,0,2025,-1.0
33,33,33,33,33,2025-03-22,China's Shanghai Composite falls after new trade restrictions,The Economist,Accounting Fraud Investigation,Nikkei 225,-3.44,329.44,Positive,Utilities,Low,Ford Motor Company,https://timesofindia.indiatimes.com/business/markets/stock-market-crash,china's shanghai composite falls after new trade restrictions,7,Governance,0,0,2025,1.0
34,34,34,34,34,2025-05-02,Healthcare stocks gain on robust demand and strong outlook,Yahoo Finance,Labor Rights Violation,S&P 500,1.86,411.34,Positive,Industrials,Low,Apple Inc.,https://www.bloomberg.com/canada/tsunami-warnings,healthcare stocks gain on robust demand and strong outlook,19,Social,0,0,2025,1.0
35,35,35,35,35,2025-05-09,Retail sales report surpasses all forecasts,Forbes,Labor Rights Violation,FTSE 100,-2.67,45.77,Neutral,Agriculture,Low,Bank of America,https://www.investopedia.com/articles/government-policy-announcement,retail sales report surpasses all forecasts,19,Social,0,0,2025,0.0
36,36,36,36,36,2025-06-25,Government spending bill is expected to stimulate the economy,Forbes,Climate Regulation Breach,S&P/TSX Composite,4.1,162.75,Negative,Pharmaceuticals,Low,Lockheed Martin,https://www.bloomberg.com/canada/tsunami-warnings,government spending bill is expected to stimulate the economy,2,Environmental,0,0,2025,-1.0
37,37,37,37,37,2025-06-13,Bond yields tumble as investors seek safe havens,Forbes,Executive Misconduct,NSE Nifty,3.52,305.06,Negative,Aerospace & Defense,High,Ford Motor Company,https://timesofindia.indiatimes.com/business/corporate-governance,bond yields tumble as investors seek safe havens,16,Governance,2,1,2025,-1.0
38,38,38,38,38,2025-07-13,Government spending bill is expected to stimulate the economy,Financial Times,Accounting Fraud Investigation,CAC 40,0.02,215.73,Negative,Agriculture,Low,Microsoft,https://www.cnbc.com/2025/08/russia-ukraine-war-economic-impact,government spending bill is expected to stimulate the economy,5,Governance,0,0,2025,-1.0
39,39,39,39,39,2025-02-24,Financial sector bracing for new capital requirements,The Economist,Accounting Fraud Investigation,Euro Stoxx 50,1.48,238.3,,Industrials,Medium,Apple Inc.,https://www.marketwatch.com/story/commodities-price-shock,financial sector bracing for new capital requirements,5,Governance,1,1,2025,
40,40,40,40,40,2025-05-02,Financial services stocks rally on strong profit margins,Investopedia,Regulatory Compliance Failure,Hang Seng,-4.03,349.01,Negative,Materials,High,Apple Inc.,https://www.cnbc.com/2025/11/major-merger-deal-approved,financial services stocks rally on strong profit margins,5,Governance,2,1,2025,-1.0
41,41,41,41,41,2025-05-15,Government subsidy program gives a lift to the agriculture sector,Bloomberg,Regulatory Compliance Failure,Nikkei 225,-3.31,225.09,Positive,Agriculture,Low,Apple Inc.,https://www.investopedia.com/articles/government-policy-announcement,government subsidy program gives a lift to the agriculture sector,1,Governance,0,0,2025,1.0
42,42,42,42,42,2025-06-09,Federal Reserve Chairman's speech causes market volatility,Reuters,Human Rights Allegation,TSX,-4.56,244.44,Positive,Transportation,Low,Exxon Mobil,https://economictimes.indiatimes.com/stocks/bse-sensex-plunges,federal reserve chairman's speech causes market volatility,3,Social,0,0,2025,1.0
43,43,43,43,43,2025-07-20,Gold prices surge as investors flee riskier assets,Seeking Alpha,Regulatory Compliance Failure,KOSPI,-2.65,403.63,Positive,Telecommunications,Medium,Chevron Corporation,https://www.forbes.com/finance/geopolitical-event-impact,gold prices surge as investors flee riskier assets,9,Governance,1,1,2025,1.0
44,44,44,44,44,2025-04-05,Real Estate sector shows signs of overheating as interest rates fall,Business Standard,Product Safety Recall,ASX 200,-2.49,109.55,Neutral,Agriculture,Low,Chevron Corporation,https://www.reuters.com/business/energy/oil-market-update,real estate sector shows signs of overheating as interest rates fall,8,Social,0,0,2025,0.0
45,45,45,45,45,2025-07-01,Semiconductor shortages weigh heavily on tech sector profits,Business Standard,Regulatory Compliance Failure,S&P 500,0.28,210.73,Negative,Real Estate,High,Chevron Corporation,https://www.cnbc.com/2025/09/automotive-industry-trends,semiconductor shortages weigh heavily on tech sector profits,13,Governance,2,1,2025,-1.0
46,46,46,46,46,2025-03-21,Semiconductor shortages weigh heavily on tech sector profits,Mint,Executive Misconduct,FTSE 100,1.21,326.46,Neutral,Utilities,Low,JPMorgan Chase,https://www.marketwatch.com/story/commodities-price-shock,semiconductor shortages weigh heavily on tech sector profits,7,Governance,0,0,2025,0.0
47,47,47,47,47,2025-05-07,Gold prices surge as investors flee riskier assets,The Economist,Regulatory Compliance Failure,IBOVESPA,3.49,210.8,Neutral,Media & Entertainment,Medium,General Motors,https://www.forbes.com/crypto/cryptocurrency-regulation,gold prices surge as investors flee riskier assets,18,Governance,1,1,2025,0.0
48,48,48,48,48,2025-02-14,Government subsidy program gives a lift to the agriculture sector,Mint,Accounting Fraud Investigation,S&P/TSX Composite,-0.48,338.38,Neutral,Healthcare,Medium,Bank of America,https://www.reuters.com/business/retail-sector-earnings,government subsidy program gives a lift to the agriculture sector,4,Governance,1,1,2025,0.0
49,49,49,49,49,2025-04-27,,Wall Street Journal,Regulatory Compliance Failure,BSE Sensex,-4.9,461.59,Negative,Automotive,High,Ford Motor Company,https://www.investopedia.com/articles/supply-chain-disruption,,14,Governance,2,1,2025,-1.0
50,50,50,50,50,2025-05-15,Geopolitical ceasefire prompts a broad market recovery,Mint,Executive Misconduct,Dow Jones,4.28,464.65,Negative,Materials,High,Exxon Mobil,https://www.moneycontrol.com/india/ipo-news/new-firm-launches,geopolitical ceasefire prompts a broad market recovery,4,Governance,2,1,2025,-1.0
51,51,51,51,51,2025-02-09,Massive stock buyback program announced by a consumer goods company,Investopedia,Accounting Fraud Investigation,NSE Nifty,-4.03,266.37,Positive,Agriculture,Medium,Chevron Corporation,https://www.moneycontrol.com/us-markets/sp-500,massive stock buyback program announced by a consumer goods company,4,Governance,1,1,2025,1.0
52,52,52,52,52,2025-06-15,Media and Entertainment companies report a surge in streaming revenue,Barron's,Antitrust Investigation,Euro Stoxx 50,-1.18,412.76,Neutral,Consumer Goods,Low,Lockheed Martin,https://www.ft.com/content/currency-devaluation,media and entertainment companies report a surge in streaming revenue,7,Governance,0,0,2025,0.0
53,53,53,53,53,2025-03-16,A massive data breach sends a tech company's stock tumbling,Investopedia,Worker Strike,Shanghai Composite,,393.12,Neutral,Automotive,Medium,Lockheed Martin,https://www.moneycontrol.com/us-markets/nasdaq-composite,a massive data breach sends a tech company's stock tumbling,19,Social,1,1,2025,0.0
54,54,54,54,54,2025-06-21,Major technology firm acquires a smaller rival in a multi-billion dollar deal,Financial Times,Executive Misconduct,IBOVESPA,-1.28,105.33,Negative,Transportation,High,General Motors,https://www.bloomberg.com/middle-east/news/bond-market-fluctuation,major technology firm acquires a smaller rival in a multi billion dollar deal,13,Governance,2,1,2025,-1.0
55,55,55,55,55,2025-03-18,Geopolitical ceasefire prompts a broad market recovery,Times of India,Regulatory Compliance Failure,Dow Jones,3.11,190.38,Neutral,Materials,Low,General Motors,,geopolitical ceasefire prompts a broad market recovery,16,Governance,0,0,2025,0.0
56,56,56,56,56,2025-03-15,Mining company stock surges on commodity price boom,Economic Times,Regulatory Compliance Failure,KOSPI,,304.75,,Finance,Low,Bank of America,https://www.ft.com/content/tech-sector-innovation,mining company stock surges on commodity price boom,14,Governance,0,0,2025,
57,57,57,57,57,2025-06-08,Healthcare stocks gain on robust demand and strong outlook,The Motley Fool,Accounting Fraud Investigation,DAX,-3.83,319.56,Neutral,Materials,Medium,Intel,,healthcare stocks gain on robust demand and strong outlook,11,Governance,1,1,2025,0.0
58,58,58,58,58,2025-05-23,Major technology firm acquires a smaller rival in a multi-billion dollar deal,Seeking Alpha,Worker Strike,Russell 2000,0.78,181.68,Positive,Construction,Low,Microsoft,https://www.reuters.com/business/retail-sector-earnings,major technology firm acquires a smaller rival in a multi billion dollar deal,3,Social,0,0,2025,1.0
59,59,59,59,59,2025-03-31,Central Bank Governor signals potential shift in policy,CNBC,Regulatory Compliance Failure,Dow Jones,0.2,453.06,Negative,Industrials,High,Lockheed Martin,https://economictimes.indiatimes.com/news/economy/unemployment-rate,central bank governor signals potential shift in policy,12,Governance,2,1,2025,-1.0
60,60,60,60,60,2025-04-14,Banking stocks dip after a major scandal is revealed,Financial Times,Regulatory Compliance Failure,Hang Seng,4.99,314.53,Negative,Agriculture,Low,Lockheed Martin,https://www.ft.com/content/geopolitical-summit,banking stocks dip after a major scandal is revealed,5,Governance,0,0,2025,-1.0
61,61,61,61,61,2025-07-15,Financial sector bracing for new capital requirements,The Motley Fool,Executive Misconduct,TSX,-0.18,7.52,Positive,Aerospace & Defense,Low,General Motors,https://www.cnbc.com/2025/09/automotive-industry-trends,financial sector bracing for new capital requirements,10,Governance,0,0,2025,1.0
62,62,62,62,62,2025-07-13,Aerospace and Defense sector sees rally amid geopolitical tensions,The Economist,Environmental Spill,ASX 200,-0.6,149.08,Negative,Real Estate,High,Ford Motor Company,https://www.marketwatch.com/story/consumer-goods-report,aerospace and defense sector sees rally amid geopolitical tensions,2,Environmental,2,1,2025,-1.0
63,63,63,63,63,2025-06-15,Bond yields tumble as investors seek safe havens,Mint,Human Rights Allegation,FTSE 100,4.11,30.24,Positive,Industrials,Low,Chevron Corporation,https://www.ft.com/content/consumer-confidence-report,bond yields tumble as investors seek safe havens,8,Social,0,0,2025,1.0
64,64,64,64,64,2025-05-20,UK's FTSE 100 sees a boost from favorable trade data,The Motley Fool,Antitrust Investigation,Nasdaq Composite,-0.47,457.4,Neutral,Technology,Medium,JPMorgan Chase,https://www.theeconomist.com/finance-and-economics/trade-tariffs,uk's ftse 100 sees a boost from favorable trade data,4,Governance,1,1,2025,0.0
65,65,65,65,65,2025-03-06,Government subsidy program gives a lift to the agriculture sector,Business Standard,Environmental Spill,Russell 2000,-0.05,204.89,Negative,Transportation,High,Microsoft,https://www.forbes.com/finance/geopolitical-event-impact,government subsidy program gives a lift to the agriculture sector,2,Environmental,2,1,2025,-1.0
66,66,66,66,66,2025-06-10,Semiconductor shortages weigh heavily on tech sector profits,Economic Times,Accounting Fraud Investigation,TSX,,241.36,Positive,Agriculture,Medium,Apple Inc.,https://www.ft.com/content/currency-devaluation,semiconductor shortages weigh heavily on tech sector profits,12,Governance,1,1,2025,1.0
67,67,67,67,67,2025-06-17,New housing data release shows a slowdown in market activity,Times of India,Labor Rights Violation,Euro Stoxx 50,-2.35,8.7,Positive,Telecommunications,Low,General Motors,https://www.forbes.com/crypto/cryptocurrency-regulation,new housing data release shows a slowdown in market activity,19,Social,0,0,2025,1.0
68,68,68,68,68,2025-02-02,Utilities sector remains stable during market fluctuations,Economic Times,Executive Misconduct,DAX,4.24,418.66,Negative,Energy,High,Ford Motor Company,https://economictimes.indiatimes.com/stocks/bse-sensex-plunges,utilities sector remains stable during market fluctuations,7,Governance,2,1,2025,-1.0
69,69,69,69,69,2025-07-17,Central bank maintains status quo on interest rates,MarketWatch,Regulatory Compliance Failure,S&P 500,1.06,25.01,Negative,Agriculture,High,Intel,https://www.moneycontrol.com/us-markets/dow-jones-industrial,central bank maintains status quo on interest rates,18,Governance,2,1,2025,-1.0
70,70,70,70,70,2025-02-15,E-commerce earnings report beats all analyst expectations,Barron's,Labor Rights Violation,Euro Stoxx 50,-3.79,71.75,Negative,Finance,High,Apple Inc.,https://economictimes.indiatimes.com/industry/industrials,e commerce earnings report beats all analyst expectations,17,Social,2,1,2025,-1.0
71,71,71,71,71,2025-05-18,Unexpected rise in unemployment fuels market pessimism,Financial Times,Regulatory Compliance Failure,TSX,-0.82,393.62,Negative,Consumer Goods,Low,Bank of America,https://www.reuters.com/markets/stocks/tech-rally,unexpected rise in unemployment fuels market pessimism,9,Governance,0,0,2025,-1.0
72,72,72,72,72,2025-02-18,Merger talks between two banks fall through,Seeking Alpha,Regulatory Compliance Failure,S&P/TSX Composite,-0.94,321.84,Negative,Retail,High,Apple Inc.,https://timesofindia.indiatimes.com/business/finance/banking-sector-news,merger talks between two banks fall through,5,Governance,2,1,2025,-1.0
73,73,73,73,73,2025-05-24,Automotive industry faces headwinds from rising material costs,Mint,Executive Misconduct,Nasdaq Composite,0.09,285.52,Negative,Finance,High,Lockheed Martin,https://www.ft.com/content/tech-sector-innovation,automotive industry faces headwinds from rising material costs,13,Governance,2,1,2025,-1.0
74,74,74,74,74,2025-06-05,Geopolitical ceasefire prompts a broad market recovery,Yahoo Finance,Regulatory Compliance Failure,DAX,-1.33,197.01,Negative,Finance,High,Exxon Mobil,https://www.ft.com/content/consumer-confidence-report,geopolitical ceasefire prompts a broad market recovery,12,Governance,2,1,2025,-1.0
75,75,75,75,75,2025-02-11,New IPO for a popular software firm is oversubscribed,Mint,Executive Misconduct,Nikkei 225,1.94,267.09,Positive,Media & Entertainment,Medium,Exxon Mobil,https://www.ft.com/content/currency-devaluation,new ipo for a popular software firm is oversubscribed,0,Governance,1,1,2025,1.0
76,76,76,76,76,2025-07-28,Massive stock buyback program announced by a consumer goods company,The Motley Fool,Executive Misconduct,Hang Seng,-4.49,248.94,Positive,Construction,Low,JPMorgan Chase,https://www.moneycontrol.com/us-markets/dow-jones-industrial,massive stock buyback program announced by a consumer goods company,15,Governance,0,0,2025,1.0
77,77,77,77,77,2025-06-05,Market sentiment turns positive on vaccine trial results,CNBC,Executive Misconduct,Euro Stoxx 50,-0.98,470.63,Neutral,Media & Entertainment,Medium,Ford Motor Company,https://www.moneycontrol.com/us-markets/nasdaq-composite,market sentiment turns positive on vaccine trial results,0,Governance,1,1,2025,0.0
78,78,78,78,78,2025-03-16,Financial services stocks rally on strong profit margins,Economic Times,Executive Misconduct,ASX 200,-1.11,262.76,Positive,Utilities,Medium,Lockheed Martin,https://timesofindia.indiatimes.com/business/finance/banking-sector-news,financial services stocks rally on strong profit margins,0,Governance,1,1,2025,1.0
79,79,79,79,79,2025-05-05,Gold prices surge as investors flee riskier assets,Barron's,Accounting Fraud Investigation,Nasdaq Composite,2.36,431.14,Negative,Transportation,Low,Ford Motor Company,https://www.ft.com/content/currency-devaluation,gold prices surge as investors flee riskier assets,9,Governance,0,0,2025,-1.0
80,80,80,80,80,2025-04-07,Central bank maintains status quo on interest rates,Times of India,Antitrust Investigation,Hang Seng,0.15,147.45,Positive,Transportation,Low,JPMorgan Chase,https://www.bloomberg.com/asia/policy/central-bank-meeting,central bank maintains status quo on interest rates,1,Governance,0,0,2025,1.0
81,81,81,81,81,2025-08-05,Geopolitical ceasefire prompts a broad market recovery,Investopedia,Antitrust Investigation,DAX,-0.65,233.8,Neutral,Media & Entertainment,Low,JPMorgan Chase,https://economictimes.indiatimes.com/stocks/bse-sensex-plunges,geopolitical ceasefire prompts a broad market recovery,6,Governance,0,0,2025,0.0
82,82,82,82,82,2025-06-07,Government subsidy program gives a lift to the agriculture sector,Mint,Product Safety Recall,ASX 200,-3.79,80.24,Negative,Consumer Goods,High,Ford Motor Company,https://www.reuters.com/business/retail-sector-earnings,government subsidy program gives a lift to the agriculture sector,17,Social,2,1,2025,-1.0
83,83,83,83,83,2025-02-04,Major oil spill sends energy stocks plummeting,The Hindu Business Line,Executive Misconduct,S&P 500,1.86,322.25,Negative,Healthcare,Medium,Microsoft,https://www.wsj.com/japan/economic-data-release,major oil spill sends energy stocks plummeting,7,Governance,1,1,2025,-1.0
84,84,84,84,84,2025-06-18,Government subsidy program gives a lift to the agriculture sector,Mint,Labor Rights Violation,Dow Jones,,347.84,,Telecommunications,Low,Lockheed Martin,https://www.wsj.com/china/market-regulation,government subsidy program gives a lift to the agriculture sector,8,Social,0,0,2025,
85,85,85,85,85,2025-05-14,Media and Entertainment companies report a surge in streaming revenue,Wall Street Journal,Regulatory Compliance Failure,DAX,-2.36,196.89,Negative,Agriculture,High,General Motors,https://www.cnbc.com/2025/08/russia-ukraine-war-economic-impact,media and entertainment companies report a surge in streaming revenue,10,Governance,2,1,2025,-1.0
86,86,86,86,86,2025-03-06,"Global trade talks collapse, causing market turmoil",The Motley Fool,Regulatory Compliance Failure,DAX,4.26,259.79,Negative,Agriculture,High,JPMorgan Chase,https://www.reuters.com/markets/indices/ftse-100,"global trade talks collapse, causing market turmoil",18,Governance,2,1,2025,-1.0
87,87,87,87,87,2025-03-25,Energy company's dividend hike excites shareholders,CNBC,Antitrust Investigation,Euro Stoxx 50,-2.59,162.08,Negative,Energy,High,Intel,https://www.ft.com/content/tech-sector-innovation,energy company's dividend hike excites shareholders,7,Governance,2,1,2025,-1.0
88,88,88,88,88,2025-02-17,Government policy shift boosts renewable energy sector,Reuters,Human Rights Allegation,IBOVESPA,0.86,267.62,Positive,Transportation,Medium,Exxon Mobil,https://www.moneycontrol.com/us-markets/sp-500,government policy shift boosts renewable energy sector,17,Social,1,1,2025,1.0
89,89,89,89,89,2025-03-11,UK's FTSE 100 sees a boost from favorable trade data,Yahoo Finance,Antitrust Investigation,Nikkei 225,-4.2,7.51,Negative,Media & Entertainment,High,Intel,https://www.theeconomist.com/finance-and-economics/trade-tariffs,uk's ftse 100 sees a boost from favorable trade data,4,Governance,2,1,2025,-1.0
90,90,90,90,90,2025-03-06,Crude oil prices drop to a multi-year low,The Motley Fool,Labor Rights Violation,Nasdaq Composite,0.53,110.48,Positive,Telecommunications,Medium,Bank of America,https://timesofindia.indiatimes.com/business/agriculture-sector,crude oil prices drop to a multi year low,17,Social,1,1,2025,1.0
91,91,91,91,91,2025-03-05,New housing data release shows a slowdown in market activity,Investopedia,Regulatory Compliance Failure,BSE Sensex,4.7,419.81,Negative,Media & Entertainment,High,Chevron Corporation,https://www.bloomberg.com/canada/tsunami-warnings,new housing data release shows a slowdown in market activity,11,Governance,2,1,2025,-1.0
92,92,92,92,92,2025-02-25,Market braces for a major policy announcement from the EU,Times of India,Regulatory Compliance Failure,TSX,2.92,464.3,Positive,Real Estate,Low,General Motors,https://timesofindia.indiatimes.com/business/markets/stock-market-crash,market braces for a major policy announcement from the eu,1,Governance,0,0,2025,1.0
93,93,93,93,93,2025-05-27,Market braces for a major policy announcement from the EU,The Economist,Accounting Fraud Investigation,DAX,-3.78,381.07,Positive,Transportation,Low,General Motors,https://www.wsj.com/europe/dax-performance,market braces for a major policy announcement from the eu,14,Governance,0,0,2025,1.0
94,94,94,94,94,2025-06-11,Aerospace and Defense sector sees rally amid geopolitical tensions,Yahoo Finance,Human Rights Allegation,Euro Stoxx 50,-3.49,312.07,Positive,Agriculture,Low,Chevron Corporation,https://www.ft.com/content/geopolitical-summit,aerospace and defense sector sees rally amid geopolitical tensions,3,Social,0,0,2025,1.0
95,95,95,95,95,2025-07-12,Pharmaceutical company's drug approval drives stock upward,Wall Street Journal,Antitrust Investigation,TSX,-3.13,76.63,Negative,Automotive,Low,Ford Motor Company,https://timesofindia.indiatimes.com/business/finance/banking-sector-news,pharmaceutical company's drug approval drives stock upward,11,Governance,0,0,2025,-1.0
96,96,96,96,96,2025-08-08,Crude oil prices drop to a multi-year low,Seeking Alpha,Human Rights Allegation,FTSE 100,3.11,80.75,Neutral,Transportation,Medium,JPMorgan Chase,https://www.wsj.com/japan/economic-data-release,crude oil prices drop to a multi year low,3,Social,1,1,2025,0.0
97,97,97,97,97,2025-07-26,Mining company stock surges on commodity price boom,Reuters,Antitrust Investigation,BSE Sensex,-1.91,439.74,Neutral,Real Estate,Low,Lockheed Martin,https://www.business-standard.com/finance/corporate-earnings,mining company stock surges on commodity price boom,13,Governance,0,0,2025,0.0
98,98,98,98,98,2025-06-28,A massive data breach sends a tech company's stock tumbling,Financial Times,Labor Rights Violation,ASX 200,2.51,496.05,,Healthcare,Low,Microsoft,https://www.investopedia.com/articles/supply-chain-disruption,a massive data breach sends a tech company's stock tumbling,8,Social,0,0,2025,
99,99,99,99,99,2025-05-06,,The Economist,Executive Misconduct,Dow Jones,2.1,441.84,Neutral,Pharmaceuticals,Medium,Bank of America,https://www.marketwatch.com/story/consumer-goods-report,,15,Governance,1,1,2025,0.0
100,100,100,100,100,2025-06-02,,Seeking Alpha,Accounting Fraud Investigation,DAX,1.3,28.49,Neutral,Utilities,Medium,General Motors,https://www.business-standard.com/economy/trade-disputes-impact,,11,Governance,1,1,2025,0.0
101,101,101,101,101,2025-06-22,Consumer Discretionary stocks outperform as spending increases,Economic Times,Executive Misconduct,TSX,2.38,88.86,Negative,Materials,Low,Intel,https://economictimes.indiatimes.com/news/transportation,consumer discretionary stocks outperform as spending increases,6,Governance,0,0,2025,-1.0
102,102,102,102,102,2025-07-07,New IPO for a popular software firm is oversubscribed,Times of India,Antitrust Investigation,Shanghai Composite,-1.26,359.28,Positive,Transportation,Medium,General Motors,https://timesofindia.indiatimes.com/business/finance/banking-sector-news,new ipo for a popular software firm is oversubscribed,4,Governance,1,1,2025,1.0
103,103,103,103,103,2025-07-05,Consumer Discretionary stocks outperform as spending increases,Bloomberg,Executive Misconduct,KOSPI,4.57,376.31,Negative,Utilities,High,Intel,https://www.cnbc.com/2025/08/russia-ukraine-war-economic-impact,consumer discretionary stocks outperform as spending increases,5,Governance,2,1,2025,-1.0
104,104,104,104,104,2025-04-03,ASX 200 gains on strong export performance,The Economist,Accounting Fraud Investigation,Russell 2000,3.92,399.84,Negative,Utilities,Low,Chevron Corporation,https://www.business-standard.com/finance/corporate-earnings,asx 200 gains on strong export performance,14,Governance,0,0,2025,-1.0
105,105,105,105,105,2025-04-21,Geopolitical ceasefire prompts a broad market recovery,Barron's,Executive Misconduct,S&P 500,2.72,329.55,Negative,Retail,Low,Microsoft,https://www.reuters.com/business/retail-sector-earnings,geopolitical ceasefire prompts a broad market recovery,16,Governance,0,0,2025,-1.0
106,106,106,106,106,2025-03-28,Federal Reserve Chairman's speech causes market volatility,The Hindu Business Line,Executive Misconduct,CAC 40,-2.71,143.96,Negative,Energy,Medium,Chevron Corporation,https://www.wsj.com/japan/economic-data-release,federal reserve chairman's speech causes market volatility,15,Governance,1,1,2025,-1.0
107,107,107,107,107,2025-02-24,Banking stocks dip after a major scandal is revealed,The Motley Fool,Antitrust Investigation,IBOVESPA,4.95,388.38,Negative,Technology,High,Ford Motor Company,https://www.moneycontrol.com/india/ipo-news/new-firm-launches,banking stocks dip after a major scandal is revealed,14,Governance,2,1,2025,-1.0
108,108,108,108,108,2025-05-28,UK's FTSE 100 sees a boost from favorable trade data,Mint,Antitrust Investigation,S&P 500,2.3,459.91,Positive,Transportation,Medium,Apple Inc.,https://www.ft.com/content/media-entertainment-merger,uk's ftse 100 sees a boost from favorable trade data,12,Governance,1,1,2025,1.0
109,109,109,109,109,2025-07-30,E-commerce earnings report beats all analyst expectations,Economic Times,Labor Rights Violation,TSX,1.49,294.51,Neutral,Media & Entertainment,Low,Apple Inc.,,e commerce earnings report beats all analyst expectations,3,Social,0,0,2025,0.0
110,110,110,110,110,2025-04-16,Massive stock buyback program announced by a consumer goods company,Seeking Alpha,Accounting Fraud Investigation,CAC 40,-0.06,241.84,Negative,Agriculture,Medium,Exxon Mobil,https://www.business-standard.com/economy/economic-stimulus,massive stock buyback program announced by a consumer goods company,18,Governance,1,1,2025,-1.0
111,111,111,111,111,2025-05-02,Crude oil prices drop to a multi-year low,Financial Times,Labor Rights Violation,TSX,4.13,357.84,Positive,Agriculture,Low,JPMorgan Chase,https://www.ft.com/content/consumer-confidence-report,crude oil prices drop to a multi year low,17,Social,0,0,2025,1.0
112,112,112,112,112,2025-02-02,Massive stock buyback program announced by a consumer goods company,Wall Street Journal,Human Rights Allegation,BSE Sensex,-3.38,206.23,,Media & Entertainment,Low,Microsoft,https://www.bloomberg.com/middle-east/news/bond-market-fluctuation,massive stock buyback program announced by a consumer goods company,3,Social,0,0,2025,
113,113,113,113,113,2025-07-04,Manufacturing PMI data signals economic expansion,Yahoo Finance,Accounting Fraud Investigation,IBOVESPA,-1.03,400.56,Neutral,Construction,Medium,Microsoft,https://www.business-standard.com/economy/economic-stimulus,manufacturing pmi data signals economic expansion,18,Governance,1,1,2025,0.0
114,114,114,114,114,2025-03-18,E-commerce earnings report beats all analyst expectations,Times of India,Carbon Emissions Violation,S&P 500,2.71,342.38,Negative,Materials,High,Apple Inc.,https://www.cnbc.com/2025/09/automotive-industry-trends,e commerce earnings report beats all analyst expectations,2,Environmental,2,1,2025,-1.0
115,115,115,115,115,2025-03-30,Supply chain issues impact manufacturing sector earnings,Seeking Alpha,Worker Strike,KOSPI,2.75,298.1,,Materials,Medium,Bank of America,https://www.moneycontrol.com/us-markets/nasdaq-composite,supply chain issues impact manufacturing sector earnings,17,Social,1,1,2025,
116,116,116,116,116,2025-02-22,Supply chain issues impact manufacturing sector earnings,CNBC,Executive Misconduct,Euro Stoxx 50,-2.08,466.46,Negative,Technology,Medium,Ford Motor Company,https://www.wsj.com/china/market-regulation,supply chain issues impact manufacturing sector earnings,13,Governance,1,1,2025,-1.0
117,117,117,117,117,2025-02-13,Massive stock buyback program announced by a consumer goods company,Economic Times,Human Rights Allegation,Nikkei 225,-1.42,178.95,Negative,Utilities,High,JPMorgan Chase,https://timesofindia.indiatimes.com/business/markets/stock-market-crash,massive stock buyback program announced by a consumer goods company,19,Social,2,1,2025,-1.0
118,118,118,118,118,2025-02-15,Government spending bill is expected to stimulate the economy,MarketWatch,Executive Misconduct,KOSPI,3.32,138.84,Negative,Construction,High,JPMorgan Chase,https://economictimes.indiatimes.com/stocks/bse-sensex-plunges,government spending bill is expected to stimulate the economy,14,Governance,2,1,2025,-1.0
119,119,119,119,119,2025-02-27,Market braces for a major policy announcement from the EU,MarketWatch,Climate Regulation Breach,Nikkei 225,1.16,218.92,Positive,Construction,Low,Lockheed Martin,https://www.bloomberg.com/canada/tsunami-warnings,market braces for a major policy announcement from the eu,2,Environmental,0,0,2025,1.0
120,120,120,120,120,2025-04-15,Tech Giant's New Product Launch Sparks Sector-Wide Gains,Financial Times,Accounting Fraud Investigation,Shanghai Composite,-4.12,302.65,Neutral,Utilities,Low,Chevron Corporation,https://www.moneycontrol.com/india/ipo-news/new-firm-launches,tech giant's new product launch sparks sector wide gains,12,Governance,0,0,2025,0.0
121,121,121,121,121,2025-07-01,Tech Giant's New Product Launch Sparks Sector-Wide Gains,Business Standard,Antitrust Investigation,S&P 500,2.06,130.35,Negative,Materials,High,Intel,https://www.business-standard.com/economy/inflation-data,tech giant's new product launch sparks sector wide gains,9,Governance,2,1,2025,-1.0
122,122,122,122,122,2025-04-04,Supply chain issues impact manufacturing sector earnings,Seeking Alpha,Product Safety Recall,BSE Sensex,-3.65,169.96,Negative,Healthcare,Low,Microsoft,https://economictimes.indiatimes.com/stocks/bse-sensex-plunges,supply chain issues impact manufacturing sector earnings,19,Social,0,0,2025,-1.0
123,123,123,123,123,2025-06-29,Gold prices surge as investors flee riskier assets,Business Standard,Antitrust Investigation,FTSE 100,-3.62,449.82,Neutral,Industrials,Low,Intel,,gold prices surge as investors flee riskier assets,1,Governance,0,0,2025,0.0
124,124,124,124,124,2025-05-24,Central bank maintains status quo on interest rates,CNBC,Accounting Fraud Investigation,Russell 2000,-2.36,154.91,Negative,Healthcare,Medium,Lockheed Martin,,central bank maintains status quo on interest rates,0,Governance,1,1,2025,-1.0
125,125,125,125,125,2025-06-20,A massive data breach sends a tech company's stock tumbling,Financial Times,Antitrust Investigation,S&P/TSX Composite,3.17,201.61,Neutral,Media & Entertainment,Low,Apple Inc.,https://www.moneycontrol.com/india/ipo-news/new-firm-launches,a massive data breach sends a tech company's stock tumbling,18,Governance,0,0,2025,0.0
126,126,126,126,126,2025-03-25,Energy company's dividend hike excites shareholders,Seeking Alpha,Regulatory Compliance Failure,Shanghai Composite,3.97,498.8,Neutral,Healthcare,Low,Intel,https://economictimes.indiatimes.com/news/transportation,energy company's dividend hike excites shareholders,9,Governance,0,0,2025,0.0
127,127,127,127,127,2025-06-13,,CNBC,Regulatory Compliance Failure,Euro Stoxx 50,0.96,210.3,Neutral,Automotive,Low,Lockheed Martin,https://www.bloomberg.com/asia/telecommunications-news,,18,Governance,0,0,2025,0.0
128,128,128,128,128,2025-05-10,"Global trade talks collapse, causing market turmoil",The Motley Fool,Executive Misconduct,S&P 500,-0.22,377.64,Negative,Energy,Low,Apple Inc.,https://www.moneycontrol.com/india/ipo-news/new-firm-launches,"global trade talks collapse, causing market turmoil",13,Governance,0,0,2025,-1.0
129,129,129,129,129,2025-02-06,Unexpected rise in unemployment fuels market pessimism,The Economist,Worker Strike,Russell 2000,-3.71,371.12,Negative,Aerospace & Defense,High,General Motors,https://economictimes.indiatimes.com/stocks/bse-sensex-plunges,unexpected rise in unemployment fuels market pessimism,17,Social,2,1,2025,-1.0
130,130,130,130,130,2025-05-10,Merger talks between two banks fall through,Wall Street Journal,Accounting Fraud Investigation,FTSE 100,3.88,343.93,Positive,Agriculture,Medium,Intel,https://www.ft.com/content/media-entertainment-merger,merger talks between two banks fall through,18,Governance,1,1,2025,1.0
131,131,131,131,131,2025-08-03,Bond yields tumble as investors seek safe havens,Financial Times,Accounting Fraud Investigation,Hang Seng,-0.54,336.03,Negative,Real Estate,Low,Lockheed Martin,https://economictimes.indiatimes.com/stocks/bse-sensex-plunges,bond yields tumble as investors seek safe havens,15,Governance,0,0,2025,-1.0
132,132,132,132,132,2025-07-28,Pharmaceutical company's drug approval drives stock upward,Seeking Alpha,Executive Misconduct,BSE Sensex,-4.81,323.6,Neutral,Automotive,Low,Ford Motor Company,https://www.wsj.com/japan/economic-data-release,pharmaceutical company's drug approval drives stock upward,16,Governance,0,0,2025,0.0
133,133,133,133,133,2025-05-22,Bond yields tumble as investors seek safe havens,Bloomberg,Antitrust Investigation,S&P/TSX Composite,-2.19,310.1,Negative,Finance,Medium,Intel,https://www.business-standard.com/economy/economic-stimulus,bond yields tumble as investors seek safe havens,13,Governance,1,1,2025,-1.0
134,134,134,134,134,2025-04-20,Nikkei 225 index benefits from a weaker yen,CNBC,Antitrust Investigation,Dow Jones,-0.12,198.56,Neutral,Agriculture,Medium,Ford Motor Company,https://www.ft.com/content/media-entertainment-merger,nikkei 225 index benefits from a weaker yen,0,Governance,1,1,2025,0.0
135,135,135,135,135,2025-07-27,Tech Giant's New Product Launch Sparks Sector-Wide Gains,Bloomberg,Antitrust Investigation,IBOVESPA,-1.17,312.9,Negative,Agriculture,Medium,Bank of America,https://www.ft.com/content/geopolitical-summit,tech giant's new product launch sparks sector wide gains,18,Governance,1,1,2025,-1.0
136,136,136,136,136,2025-04-10,A massive data breach sends a tech company's stock tumbling,MarketWatch,Accounting Fraud Investigation,Euro Stoxx 50,1.47,84.21,Positive,Consumer Goods,Medium,Exxon Mobil,https://www.bloomberg.com/australia/asx-200-performance,a massive data breach sends a tech company's stock tumbling,16,Governance,1,1,2025,1.0
137,137,137,137,137,2025-05-01,Central bank maintains status quo on interest rates,The Hindu Business Line,Product Safety Recall,Euro Stoxx 50,3.73,384.39,Negative,Agriculture,Medium,Apple Inc.,https://timesofindia.indiatimes.com/business/agriculture-sector,central bank maintains status quo on interest rates,17,Social,1,1,2025,-1.0
138,138,138,138,138,2025-08-08,Manufacturing PMI data signals economic expansion,Times of India,Regulatory Compliance Failure,Euro Stoxx 50,-4.65,60.17,,Industrials,Medium,Exxon Mobil,https://www.ft.com/content/geopolitical-summit,manufacturing pmi data signals economic expansion,11,Governance,1,1,2025,
139,139,139,139,139,2025-06-16,Financial services stocks rally on strong profit margins,The Economist,Accounting Fraud Investigation,S&P 500,-1.53,94.22,Negative,Industrials,High,Lockheed Martin,https://www.wsj.com/japan/economic-data-release,financial services stocks rally on strong profit margins,13,Governance,2,1,2025,-1.0
140,140,140,140,140,2025-02-23,Geopolitical ceasefire prompts a broad market recovery,Business Standard,Accounting Fraud Investigation,CAC 40,-1.46,23.68,Negative,Consumer Goods,High,Bank of America,https://www.cnbc.com/2025/09/automotive-industry-trends,geopolitical ceasefire prompts a broad market recovery,1,Governance,2,1,2025,-1.0
141,141,141,141,141,2025-03-19,Market sentiment turns positive on vaccine trial results,Barron's,Accounting Fraud Investigation,IBOVESPA,-4.07,86.37,Negative,Pharmaceuticals,High,Ford Motor Company,https://www.bloomberg.com/asia/telecommunications-news,market sentiment turns positive on vaccine trial results,10,Governance,2,1,2025,-1.0
142,142,142,142,142,2025-03-25,Central Bank's dovish tone hints at future rate cuts,Wall Street Journal,Regulatory Compliance Failure,Nasdaq Composite,-0.99,143.46,Positive,Healthcare,Low,Bank of America,https://www.reuters.com/markets/indices/nikkei-225,central bank's dovish tone hints at future rate cuts,14,Governance,0,0,2025,1.0
143,143,143,143,143,2025-06-18,New housing data release shows a slowdown in market activity,The Economist,Regulatory Compliance Failure,Shanghai Composite,-2.71,452.66,Negative,Telecommunications,High,JPMorgan Chase,https://www.investopedia.com/articles/supply-chain-disruption,new housing data release shows a slowdown in market activity,1,Governance,2,1,2025,-1.0
144,144,144,144,144,2025-08-04,New housing data release shows a slowdown in market activity,Investopedia,Antitrust Investigation,Shanghai Composite,4.56,79.57,Negative,Construction,Low,Microsoft,https://www.bloomberg.com/canada/tsunami-warnings,new housing data release shows a slowdown in market activity,11,Governance,0,0,2025,-1.0
145,145,145,145,145,2025-07-08,Real Estate sector shows signs of overheating as interest rates fall,Financial Times,Worker Strike,ASX 200,3.71,295.21,Neutral,Healthcare,Low,Intel,https://www.reuters.com/business/energy/oil-market-update,real estate sector shows signs of overheating as interest rates fall,3,Social,0,0,2025,0.0
146,146,146,146,146,2025-06-24,ASX 200 gains on strong export performance,Economic Times,Regulatory Compliance Failure,Dow Jones,2.54,376.98,Neutral,Industrials,Medium,Chevron Corporation,https://www.ft.com/content/tech-sector-innovation,asx 200 gains on strong export performance,4,Governance,1,1,2025,0.0
147,147,147,147,147,2025-02-11,Federal Reserve Chairman's speech causes market volatility,The Economist,Accounting Fraud Investigation,TSX,0.95,470.1,Negative,Agriculture,High,Bank of America,https://economictimes.indiatimes.com/industry/industrials,federal reserve chairman's speech causes market volatility,11,Governance,2,1,2025,-1.0
148,148,148,148,148,2025-02-11,Nikkei 225 index benefits from a weaker yen,Seeking Alpha,Climate Regulation Breach,Shanghai Composite,-1.45,105.9,Positive,Technology,Low,General Motors,https://economictimes.indiatimes.com/stocks/bse-sensex-plunges,nikkei 225 index benefits from a weaker yen,2,Environmental,0,0,2025,1.0
149,149,149,149,149,2025-06-17,Healthcare stocks gain on robust demand and strong outlook,Barron's,Accounting Fraud Investigation,IBOVESPA,4.56,109.85,Negative,Aerospace & Defense,High,Bank of America,https://www.cnbc.com/2025/12/healthcare-sector-outlook,healthcare stocks gain on robust demand and strong outlook,15,Governance,2,1,2025,-1.0
150,150,150,150,150,2025-03-10,Crude oil prices drop to a multi-year low,The Motley Fool,Environmental Spill,FTSE 100,-4.39,441.23,Negative,Utilities,High,JPMorgan Chase,https://www.bloomberg.com/canada/tsunami-warnings,crude oil prices drop to a multi year low,2,Environmental,2,1,2025,-1.0
151,151,151,151,151,2025-06-22,Dow Jones plunges as market fears recession,Yahoo Finance,Antitrust Investigation,S&P 500,-4.33,227.74,Neutral,Automotive,Medium,JPMorgan Chase,https://www.cnbc.com/2025/09/automotive-industry-trends,dow jones plunges as market fears recession,1,Governance,1,1,2025,0.0
152,152,152,152,152,2025-08-02,Manufacturing PMI data signals economic expansion,Reuters,Regulatory Compliance Failure,Hang Seng,-1.33,33.8,Negative,Finance,High,Exxon Mobil,https://www.moneycontrol.com/us-markets/dow-jones-industrial,manufacturing pmi data signals economic expansion,15,Governance,2,1,2025,-1.0
153,153,153,153,153,2025-07-24,Supply chain issues impact manufacturing sector earnings,The Hindu Business Line,Product Safety Recall,Hang Seng,-0.97,347.64,Positive,Agriculture,Medium,Chevron Corporation,,supply chain issues impact manufacturing sector earnings,3,Social,1,1,2025,1.0
154,154,154,154,154,2025-07-05,Utilities sector remains stable during market fluctuations,Reuters,Antitrust Investigation,Hang Seng,-3.51,467.02,Negative,Technology,Low,Microsoft,https://www.ft.com/content/tech-sector-innovation,utilities sector remains stable during market fluctuations,10,Governance,0,0,2025,-1.0
155,155,155,155,155,2025-04-25,Central Bank's dovish tone hints at future rate cuts,Financial Times,Accounting Fraud Investigation,Nikkei 225,1.13,191.56,Negative,Automotive,High,Chevron Corporation,https://economictimes.indiatimes.com/news/transportation,central bank's dovish tone hints at future rate cuts,4,Governance,2,1,2025,-1.0
156,156,156,156,156,2025-05-09,Pharmaceutical company's drug approval drives stock upward,The Economist,Product Safety Recall,Hang Seng,3.17,109.09,Negative,Transportation,High,Apple Inc.,https://www.reuters.com/markets/stocks/tech-rally,pharmaceutical company's drug approval drives stock upward,3,Social,2,1,2025,-1.0
157,157,157,157,157,2025-04-03,Automotive industry faces headwinds from rising material costs,Investopedia,Regulatory Compliance Failure,IBOVESPA,3.29,86.99,Neutral,Telecommunications,Medium,Bank of America,https://www.business-standard.com/international-business/trade-policy,automotive industry faces headwinds from rising material costs,11,Governance,1,1,2025,0.0
158,158,158,158,158,2025-06-26,Tech Giant's New Product Launch Sparks Sector-Wide Gains,Reuters,Human Rights Allegation,S&P 500,,197.94,Negative,Utilities,High,Bank of America,https://www.moneycontrol.com/us-markets/sp-500,tech giant's new product launch sparks sector wide gains,3,Social,2,1,2025,-1.0
159,159,159,159,159,2025-07-01,Central bank maintains status quo on interest rates,Barron's,Regulatory Compliance Failure,BSE Sensex,,286.11,Neutral,Industrials,Low,Exxon Mobil,https://www.moneycontrol.com/us-markets/sp-500,central bank maintains status quo on interest rates,1,Governance,0,0,2025,0.0
160,160,160,160,160,2025-03-09,"Global trade talks collapse, causing market turmoil",Wall Street Journal,Accounting Fraud Investigation,CAC 40,2.26,113.07,Neutral,Retail,Low,Microsoft,https://www.bloomberg.com/australia/asx-200-performance,"global trade talks collapse, causing market turmoil",18,Governance,0,0,2025,0.0
161,161,161,161,161,2025-06-05,,Seeking Alpha,Human Rights Allegation,Russell 2000,3.0,17.37,,Transportation,Medium,JPMorgan Chase,https://www.theeconomist.com/world/government-policy-announcement,,17,Social,1,1,2025,
162,162,162,162,162,2025-06-16,Central Bank Governor signals potential shift in policy,Business Standard,Regulatory Compliance Failure,Nasdaq Composite,-4.5,77.19,Positive,Materials,Medium,Apple Inc.,,central bank governor signals potential shift in policy,1,Governance,1,1,2025,1.0
163,163,163,163,163,2025-03-23,Tech Giant's New Product Launch Sparks Sector-Wide Gains,Barron's,Antitrust Investigation,KOSPI,0.56,114.54,Negative,Transportation,Medium,Chevron Corporation,https://www.theeconomist.com/world/government-policy-announcement,tech giant's new product launch sparks sector wide gains,0,Governance,1,1,2025,-1.0
164,164,164,164,164,2025-04-16,Central bank maintains status quo on interest rates,Bloomberg,Regulatory Compliance Failure,NSE Nifty,3.23,225.01,Negative,Utilities,High,Exxon Mobil,https://economictimes.indiatimes.com/stocks/bse-sensex-plunges,central bank maintains status quo on interest rates,7,Governance,2,1,2025,-1.0
165,165,165,165,165,2025-03-10,Pharmaceutical company's drug approval drives stock upward,The Motley Fool,Executive Misconduct,S&P 500,-3.79,109.65,Negative,Real Estate,Medium,Chevron Corporation,https://www.theeconomist.com/world/government-policy-announcement,pharmaceutical company's drug approval drives stock upward,10,Governance,1,1,2025,-1.0
166,166,166,166,166,2025-02-19,Central Bank's dovish tone hints at future rate cuts,CNBC,Executive Misconduct,Nasdaq Composite,-0.18,84.22,Neutral,Transportation,Medium,Intel,https://economictimes.indiatimes.com/industry/industrials,central bank's dovish tone hints at future rate cuts,1,Governance,1,1,2025,0.0
167,167,167,167,167,2025-06-05,Central Bank Governor signals potential shift in policy,The Economist,Human Rights Allegation,DAX,2.09,403.78,Negative,Real Estate,High,Exxon Mobil,https://www.forbes.com/crypto/cryptocurrency-regulation,central bank governor signals potential shift in policy,19,Social,2,1,2025,-1.0
168,168,168,168,168,2025-03-13,Bond yields tumble as investors seek safe havens,Investopedia,Regulatory Compliance Failure,Dow Jones,-3.34,149.94,Positive,Technology,Medium,Exxon Mobil,https://www.ft.com/content/geopolitical-summit,bond yields tumble as investors seek safe havens,18,Governance,1,1,2025,1.0
169,169,169,169,169,2025-02-23,Bond yields tumble as investors seek safe havens,Investopedia,Regulatory Compliance Failure,Nikkei 225,-0.72,179.98,Negative,Energy,Low,Microsoft,https://www.wsj.com/japan/economic-data-release,bond yields tumble as investors seek safe havens,1,Governance,0,0,2025,-1.0
170,170,170,170,170,2025-02-20,Central Bank's dovish tone hints at future rate cuts,Mint,Regulatory Compliance Failure,S&P 500,4.58,84.63,Negative,Consumer Goods,High,Ford Motor Company,https://www.business-standard.com/economy/inflation-data,central bank's dovish tone hints at future rate cuts,1,Governance,2,1,2025,-1.0
171,171,171,171,171,2025-03-19,Massive stock buyback program announced by a consumer goods company,MarketWatch,Executive Misconduct,Hang Seng,-4.68,377.7,Neutral,Finance,Medium,Ford Motor Company,https://www.reuters.com/markets/indices/ftse-100,massive stock buyback program announced by a consumer goods company,15,Governance,1,1,2025,0.0
172,172,172,172,172,2025-05-15,Tech Giant's New Product Launch Sparks Sector-Wide Gains,MarketWatch,Accounting Fraud Investigation,Shanghai Composite,1.96,277.53,Negative,Utilities,High,Microsoft,https://timesofindia.indiatimes.com/business/agriculture-sector,tech giant's new product launch sparks sector wide gains,7,Governance,2,1,2025,-1.0
173,173,173,173,173,2025-08-10,,Business Standard,Regulatory Compliance Failure,IBOVESPA,2.03,259.6,Negative,Construction,High,Microsoft,https://economictimes.indiatimes.com/stocks/bse-sensex-plunges,,4,Governance,2,1,2025,-1.0
174,174,174,174,174,2025-07-26,Crude oil prices drop to a multi-year low,Mint,Antitrust Investigation,Euro Stoxx 50,-3.63,150.93,Positive,Aerospace & Defense,Low,General Motors,https://www.ft.com/content/tech-sector-innovation,crude oil prices drop to a multi year low,9,Governance,0,0,2025,1.0
175,175,175,175,175,2025-03-23,Market sentiment turns positive on vaccine trial results,Economic Times,Antitrust Investigation,Shanghai Composite,-3.88,122.4,Positive,Materials,Low,General Motors,https://www.reuters.com/markets/indices/ftse-100,market sentiment turns positive on vaccine trial results,6,Governance,0,0,2025,1.0
176,176,176,176,176,2025-05-26,Unexpected rise in unemployment fuels market pessimism,The Motley Fool,Labor Rights Violation,CAC 40,-2.45,249.03,Negative,Construction,High,Lockheed Martin,https://www.bloomberg.com/middle-east/news/bond-market-fluctuation,unexpected rise in unemployment fuels market pessimism,3,Social,2,1,2025,-1.0
177,177,177,177,177,2025-03-03,Market sentiment turns positive on vaccine trial results,Wall Street Journal,Antitrust Investigation,FTSE 100,1.73,131.27,Positive,Materials,Low,General Motors,https://economictimes.indiatimes.com/news/transportation,market sentiment turns positive on vaccine trial results,14,Governance,0,0,2025,1.0
178,178,178,178,178,2025-04-21,Pharmaceutical company's drug approval drives stock upward,Investopedia,Regulatory Compliance Failure,KOSPI,-2.78,191.48,Neutral,Utilities,Low,Chevron Corporation,https://www.theeconomist.com/finance-and-economics/trade-tariffs,pharmaceutical company's drug approval drives stock upward,1,Governance,0,0,2025,0.0
179,179,179,179,179,2025-07-16,Mining company stock surges on commodity price boom,Economic Times,Accounting Fraud Investigation,Dow Jones,-4.84,244.28,Negative,Construction,Medium,Chevron Corporation,https://www.moneycontrol.com/india/ipo-news/new-firm-launches,mining company stock surges on commodity price boom,4,Governance,1,1,2025,-1.0
180,180,180,180,180,2025-02-09,Government subsidy program gives a lift to the agriculture sector,The Motley Fool,Accounting Fraud Investigation,NSE Nifty,1.3,433.21,Neutral,Healthcare,Medium,Chevron Corporation,https://economictimes.indiatimes.com/news/economy/unemployment-rate,government subsidy program gives a lift to the agriculture sector,13,Governance,1,1,2025,0.0
181,181,181,181,181,2025-05-03,New regulations on cryptocurrencies cause a market dip,Mint,Worker Strike,FTSE 100,0.77,304.43,Negative,Utilities,Low,Ford Motor Company,https://www.ft.com/content/currency-devaluation,new regulations on cryptocurrencies cause a market dip,8,Social,0,0,2025,-1.0
182,182,182,182,182,2025-05-17,,MarketWatch,Antitrust Investigation,Nikkei 225,-0.23,449.35,Neutral,Agriculture,Low,JPMorgan Chase,https://www.moneycontrol.com/us-markets/dow-jones-industrial,,7,Governance,0,0,2025,0.0
183,183,183,183,183,2025-06-10,New regulations on cryptocurrencies cause a market dip,The Motley Fool,Antitrust Investigation,BSE Sensex,-0.82,281.38,Negative,Automotive,Low,Apple Inc.,https://www.moneycontrol.com/us-markets/nasdaq-composite,new regulations on cryptocurrencies cause a market dip,7,Governance,0,0,2025,-1.0
184,184,184,184,184,2025-06-03,ASX 200 gains on strong export performance,Mint,Executive Misconduct,NSE Nifty,3.32,264.66,Negative,Transportation,High,Microsoft,https://www.bloomberg.com/asia/policy/central-bank-meeting,asx 200 gains on strong export performance,12,Governance,2,1,2025,-1.0
185,185,185,185,185,2025-04-06,Utilities sector remains stable during market fluctuations,Business Standard,Accounting Fraud Investigation,TSX,2.06,11.62,Positive,Industrials,Medium,Apple Inc.,https://www.ft.com/content/geopolitical-summit,utilities sector remains stable during market fluctuations,12,Governance,1,1,2025,1.0
186,186,186,186,186,2025-05-21,Government spending bill is expected to stimulate the economy,Times of India,Worker Strike,Hang Seng,3.22,497.78,Negative,Utilities,Low,Apple Inc.,,government spending bill is expected to stimulate the economy,8,Social,0,0,2025,-1.0
187,187,187,187,187,2025-04-17,Automotive industry faces headwinds from rising material costs,Barron's,Accounting Fraud Investigation,Russell 2000,-4.68,149.6,Negative,Pharmaceuticals,High,Ford Motor Company,https://www.reuters.com/business/energy/oil-market-update,automotive industry faces headwinds from rising material costs,6,Governance,2,1,2025,-1.0
188,188,188,188,188,2025-05-01,,Barron's,Labor Rights Violation,IBOVESPA,-0.51,431.42,Neutral,Utilities,Medium,General Motors,https://www.wsj.com/china/market-rally,,3,Social,1,1,2025,0.0
189,189,189,189,189,2025-04-14,Semiconductor shortages weigh heavily on tech sector profits,Reuters,Antitrust Investigation,Russell 2000,-3.78,349.18,Negative,Consumer Goods,High,Microsoft,https://timesofindia.indiatimes.com/business/markets/stock-market-crash,semiconductor shortages weigh heavily on tech sector profits,6,Governance,2,1,2025,-1.0
190,190,190,190,190,2025-03-06,Government policy shift boosts renewable energy sector,Barron's,Executive Misconduct,Shanghai Composite,0.18,177.39,Negative,Utilities,High,General Motors,,government policy shift boosts renewable energy sector,13,Governance,2,1,2025,-1.0
191,191,191,191,191,2025-05-01,"Global trade talks collapse, causing market turmoil",The Economist,Accounting Fraud Investigation,Shanghai Composite,-1.98,437.35,Negative,Real Estate,Low,Exxon Mobil,https://www.reuters.com/business/retail-sector-earnings,"global trade talks collapse, causing market turmoil",15,Governance,0,0,2025,-1.0
192,192,192,192,192,2025-02-06,E-commerce earnings report beats all analyst expectations,Barron's,Regulatory Compliance Failure,Dow Jones,-3.93,259.51,Neutral,Real Estate,Low,Intel,https://www.business-standard.com/finance/corporate-earnings,e commerce earnings report beats all analyst expectations,9,Governance,0,0,2025,0.0
193,193,193,193,193,2025-07-10,Supply chain issues impact manufacturing sector earnings,Wall Street Journal,Antitrust Investigation,Dow Jones,2.19,59.92,Positive,Energy,Low,Exxon Mobil,https://www.reuters.com/markets/stocks/tech-rally,supply chain issues impact manufacturing sector earnings,18,Governance,0,0,2025,1.0
194,194,194,194,194,2025-05-01,"Global trade talks collapse, causing market turmoil",The Economist,Product Safety Recall,Nikkei 225,-0.6,74.68,Positive,Telecommunications,Medium,Exxon Mobil,https://www.bloomberg.com/australia/asx-200-performance,"global trade talks collapse, causing market turmoil",17,Social,1,1,2025,1.0
195,195,195,195,195,2025-07-26,Media and Entertainment companies report a surge in streaming revenue,Yahoo Finance,Antitrust Investigation,Shanghai Composite,2.6,83.64,Neutral,Materials,Low,Exxon Mobil,https://www.ft.com/content/currency-devaluation,media and entertainment companies report a surge in streaming revenue,0,Governance,0,0,2025,0.0
196,196,196,196,196,2025-06-04,Bond yields tumble as investors seek safe havens,Forbes,Antitrust Investigation,CAC 40,1.01,141.28,Neutral,Industrials,Low,General Motors,https://www.cnbc.com/2025/10/real-estate-market-analysis,bond yields tumble as investors seek safe havens,4,Governance,0,0,2025,0.0
197,197,197,197,197,2025-02-27,Gold prices surge as investors flee riskier assets,Forbes,Climate Regulation Breach,Shanghai Composite,-1.99,318.95,Neutral,Agriculture,Low,Ford Motor Company,https://www.moneycontrol.com/us-markets/sp-500,gold prices surge as investors flee riskier assets,2,Environmental,0,0,2025,0.0
198,198,198,198,198,2025-06-03,Supply chain issues impact manufacturing sector earnings,Times of India,Regulatory Compliance Failure,NSE Nifty,1.04,48.74,Negative,Utilities,High,Exxon Mobil,https://www.moneycontrol.com/us-markets/sp-500,supply chain issues impact manufacturing sector earnings,12,Governance,2,1,2025,-1.0
199,199,199,199,199,2025-06-17,ASX 200 gains on strong export performance,The Economist,Accounting Fraud Investigation,S&P/TSX Composite,-2.56,345.67,Negative,Materials,High,Lockheed Martin,https://timesofindia.indiatimes.com/business/corporate-governance,asx 200 gains on strong export performance,0,Governance,2,1,2025,-1.0
200,200,200,200,200,2025-05-24,A massive data breach sends a tech company's stock tumbling,Mint,Executive Misconduct,Dow Jones,3.64,249.7,Negative,Industrials,High,Microsoft,https://www.business-standard.com/economy/trade-disputes-impact,a massive data breach sends a tech company's stock tumbling,4,Governance,2,1,2025,-1.0
201,201,201,201,201,2025-04-30,A massive data breach sends a tech company's stock tumbling,Forbes,Antitrust Investigation,TSX,4.44,81.04,Neutral,Automotive,Low,Ford Motor Company,https://timesofindia.indiatimes.com/business/corporate-governance,a massive data breach sends a tech company's stock tumbling,12,Governance,0,0,2025,0.0
202,202,202,202,202,2025-07-21,Banking stocks dip after a major scandal is revealed,Seeking Alpha,Executive Misconduct,TSX,-2.18,383.45,Positive,Automotive,Medium,Ford Motor Company,https://timesofindia.indiatimes.com/business/finance/banking-sector-news,banking stocks dip after a major scandal is revealed,16,Governance,1,1,2025,1.0
203,203,203,203,203,2025-05-23,Record-high inflation data rattles investors,Times of India,Executive Misconduct,Nikkei 225,-3.43,484.69,Negative,Energy,Low,Exxon Mobil,https://www.cnbc.com/2025/10/real-estate-market-analysis,record high inflation data rattles investors,12,Governance,0,0,2025,-1.0
204,204,204,204,204,2025-07-13,New IPO for a popular software firm is oversubscribed,The Economist,Executive Misconduct,Euro Stoxx 50,1.49,362.13,Negative,Aerospace & Defense,High,General Motors,https://www.wsj.com/europe/dax-performance,new ipo for a popular software firm is oversubscribed,15,Governance,2,1,2025,-1.0
205,205,205,205,205,2025-07-24,,Bloomberg,Executive Misconduct,Russell 2000,-1.25,66.69,Negative,Automotive,High,Apple Inc.,https://www.bloomberg.com/asia/telecommunications-news,,1,Governance,2,1,2025,-1.0
206,206,206,206,206,2025-05-11,Supply chain issues impact manufacturing sector earnings,Wall Street Journal,Accounting Fraud Investigation,Nikkei 225,0.8,284.82,Negative,Finance,High,Chevron Corporation,https://www.marketwatch.com/story/commodities-price-shock,supply chain issues impact manufacturing sector earnings,18,Governance,2,1,2025,-1.0
207,207,207,207,207,2025-03-27,Manufacturing PMI data signals economic expansion,Times of India,Accounting Fraud Investigation,Nasdaq Composite,0.63,252.26,Negative,Construction,High,JPMorgan Chase,https://www.wsj.com/europe/dax-performance,manufacturing pmi data signals economic expansion,14,Governance,2,1,2025,-1.0
208,208,208,208,208,2025-06-19,Central bank maintains status quo on interest rates,Bloomberg,Product Safety Recall,Dow Jones,-3.41,306.38,Negative,Real Estate,High,Lockheed Martin,https://timesofindia.indiatimes.com/business/corporate-governance,central bank maintains status quo on interest rates,17,Social,2,1,2025,-1.0
209,209,209,209,209,2025-07-25,Retail sales report surpasses all forecasts,Reuters,Regulatory Compliance Failure,Euro Stoxx 50,-4.73,256.83,Negative,Energy,High,Microsoft,https://www.theeconomist.com/finance-and-economics/trade-tariffs,retail sales report surpasses all forecasts,12,Governance,2,1,2025,-1.0
210,210,210,210,210,2025-04-28,Pharmaceutical company's drug approval drives stock upward,Barron's,Environmental Spill,Russell 2000,-4.99,321.23,Positive,Technology,Low,Apple Inc.,https://www.business-standard.com/economy/economic-stimulus,pharmaceutical company's drug approval drives stock upward,2,Environmental,0,0,2025,1.0
211,211,211,211,211,2025-04-09,A massive data breach sends a tech company's stock tumbling,Bloomberg,Accounting Fraud Investigation,DAX,-2.23,493.35,Negative,Agriculture,Low,Bank of America,https://www.business-standard.com/economy/economic-stimulus,a massive data breach sends a tech company's stock tumbling,1,Governance,0,0,2025,-1.0
212,212,212,212,212,2025-07-09,Automotive industry faces headwinds from rising material costs,The Economist,Regulatory Compliance Failure,FTSE 100,-3.3,483.37,Negative,Healthcare,High,General Motors,https://www.cnbc.com/2025/10/real-estate-market-analysis,automotive industry faces headwinds from rising material costs,5,Governance,2,1,2025,-1.0
213,213,213,213,213,2025-03-02,New regulations on cryptocurrencies cause a market dip,The Economist,Executive Misconduct,DAX,4.47,395.1,Negative,Industrials,High,Bank of America,https://www.business-standard.com/economy/economic-stimulus,new regulations on cryptocurrencies cause a market dip,13,Governance,2,1,2025,-1.0
214,214,214,214,214,2025-05-09,Record-high inflation data rattles investors,Economic Times,Product Safety Recall,ASX 200,-4.27,24.61,Positive,Finance,Medium,Chevron Corporation,https://www.business-standard.com/economy/trade-disputes-impact,record high inflation data rattles investors,3,Social,1,1,2025,1.0
215,215,215,215,215,2025-02-14,Utilities sector remains stable during market fluctuations,Forbes,Human Rights Allegation,S&P 500,,151.44,Neutral,Finance,Medium,Chevron Corporation,https://www.wsj.com/europe/regulatory-changes,utilities sector remains stable during market fluctuations,8,Social,1,1,2025,0.0
216,216,216,216,216,2025-07-01,Semiconductor shortages weigh heavily on tech sector profits,Financial Times,Executive Misconduct,Shanghai Composite,1.44,121.56,Negative,Real Estate,Low,Bank of America,https://timesofindia.indiatimes.com/business/finance/banking-sector-news,semiconductor shortages weigh heavily on tech sector profits,1,Governance,0,0,2025,-1.0
217,217,217,217,217,2025-08-05,Semiconductor shortages weigh heavily on tech sector profits,The Motley Fool,Accounting Fraud Investigation,Nasdaq Composite,-0.8,197.65,Positive,Agriculture,Low,Intel,https://www.business-standard.com/economy/trade-disputes-impact,semiconductor shortages weigh heavily on tech sector profits,6,Governance,0,0,2025,1.0
218,218,218,218,218,2025-02-04,Real Estate sector shows signs of overheating as interest rates fall,The Hindu Business Line,Antitrust Investigation,FTSE 100,2.47,164.02,Negative,Energy,High,Microsoft,https://www.wsj.com/china/market-rally,real estate sector shows signs of overheating as interest rates fall,0,Governance,2,1,2025,-1.0
219,219,219,219,219,2025-02-12,UK's FTSE 100 sees a boost from favorable trade data,Wall Street Journal,Accounting Fraud Investigation,BSE Sensex,0.04,336.28,Negative,Transportation,High,Lockheed Martin,https://www.forbes.com/crypto/cryptocurrency-regulation,uk's ftse 100 sees a boost from favorable trade data,15,Governance,2,1,2025,-1.0
220,220,220,220,220,2025-05-28,Major technology firm acquires a smaller rival in a multi-billion dollar deal,Reuters,Labor Rights Violation,Nikkei 225,0.38,14.02,Negative,Construction,High,Intel,https://www.cnbc.com/2025/09/automotive-industry-trends,major technology firm acquires a smaller rival in a multi billion dollar deal,17,Social,2,1,2025,-1.0
221,221,221,221,221,2025-06-27,Banking stocks dip after a major scandal is revealed,CNBC,Human Rights Allegation,Euro Stoxx 50,-1.79,140.57,Negative,Agriculture,High,Lockheed Martin,https://www.business-standard.com/international-business/trade-policy,banking stocks dip after a major scandal is revealed,17,Social,2,1,2025,-1.0
222,222,222,222,222,2025-04-19,Semiconductor shortages weigh heavily on tech sector profits,The Economist,Product Safety Recall,FTSE 100,-1.27,92.08,Neutral,Agriculture,Medium,General Motors,https://www.wsj.com/china/market-regulation,semiconductor shortages weigh heavily on tech sector profits,19,Social,1,1,2025,0.0
223,223,223,223,223,2025-07-27,"Global trade talks collapse, causing market turmoil",Barron's,Accounting Fraud Investigation,Nikkei 225,4.65,257.47,Neutral,Aerospace & Defense,Low,Chevron Corporation,https://timesofindia.indiatimes.com/business/finance/banking-sector-news,"global trade talks collapse, causing market turmoil",7,Governance,0,0,2025,0.0
224,224,224,224,224,2025-06-03,Consumer Discretionary stocks outperform as spending increases,Mint,Antitrust Investigation,IBOVESPA,-1.6,2.91,Neutral,Energy,Medium,Apple Inc.,https://www.ft.com/content/media-entertainment-merger,consumer discretionary stocks outperform as spending increases,4,Governance,1,1,2025,0.0
225,225,225,225,225,2025-02-28,Automotive industry faces headwinds from rising material costs,Reuters,Accounting Fraud Investigation,CAC 40,-2.36,183.44,Negative,Materials,Medium,Lockheed Martin,https://www.reuters.com/business/energy/oil-market-update,automotive industry faces headwinds from rising material costs,16,Governance,1,1,2025,-1.0
226,226,226,226,226,2025-02-09,Government subsidy program gives a lift to the agriculture sector,Business Standard,Antitrust Investigation,Russell 2000,1.46,110.46,Positive,Agriculture,Medium,Ford Motor Company,https://economictimes.indiatimes.com/industry/industrials,government subsidy program gives a lift to the agriculture sector,9,Governance,1,1,2025,1.0
227,227,227,227,227,2025-03-10,Automotive industry faces headwinds from rising material costs,The Motley Fool,Carbon Emissions Violation,TSX,-4.58,487.93,Neutral,Aerospace & Defense,Medium,Apple Inc.,https://www.business-standard.com/economy/trade-disputes-impact,automotive industry faces headwinds from rising material costs,2,Environmental,1,1,2025,0.0
228,228,228,228,228,2025-06-20,Dow Jones plunges as market fears recession,Times of India,Executive Misconduct,ASX 200,2.52,201.86,Negative,Technology,Medium,Bank of America,https://timesofindia.indiatimes.com/business/markets/stock-market-crash,dow jones plunges as market fears recession,0,Governance,1,1,2025,-1.0
229,229,229,229,229,2025-05-10,Record-high inflation data rattles investors,Barron's,Accounting Fraud Investigation,S&P/TSX Composite,-3.45,290.53,Negative,Industrials,High,Chevron Corporation,https://economictimes.indiatimes.com/industry/industrials,record high inflation data rattles investors,6,Governance,2,1,2025,-1.0
230,230,230,230,230,2025-04-28,Tech Giant's New Product Launch Sparks Sector-Wide Gains,Times of India,Executive Misconduct,ASX 200,-2.87,69.18,Positive,Telecommunications,Low,Microsoft,https://www.wsj.com/europe/dax-performance,tech giant's new product launch sparks sector wide gains,11,Governance,0,0,2025,1.0
231,231,231,231,231,2025-05-05,Banking stocks dip after a major scandal is revealed,The Economist,Executive Misconduct,DAX,,377.06,Neutral,Industrials,Medium,Bank of America,,banking stocks dip after a major scandal is revealed,0,Governance,1,1,2025,0.0
232,232,232,232,232,2025-04-04,Crude oil prices drop to a multi-year low,The Motley Fool,Product Safety Recall,TSX,,155.13,Neutral,Technology,Medium,Chevron Corporation,https://www.reuters.com/business/retail-sector-earnings,crude oil prices drop to a multi year low,17,Social,1,1,2025,0.0
233,233,233,233,233,2025-02-15,Unexpected rise in unemployment fuels market pessimism,Barron's,Antitrust Investigation,Nasdaq Composite,4.45,97.61,Neutral,Media & Entertainment,Low,Bank of America,https://www.wsj.com/japan/economic-data-release,unexpected rise in unemployment fuels market pessimism,6,Governance,0,0,2025,0.0
234,234,234,234,234,2025-07-14,Energy company's dividend hike excites shareholders,Mint,Antitrust Investigation,FTSE 100,1.54,176.24,Positive,Industrials,Low,Exxon Mobil,https://www.bloomberg.com/asia/telecommunications-news,energy company's dividend hike excites shareholders,1,Governance,0,0,2025,1.0
235,235,235,235,235,2025-03-18,"Global trade talks collapse, causing market turmoil",The Hindu Business Line,Labor Rights Violation,NSE Nifty,-2.74,484.85,Positive,Real Estate,Low,Lockheed Martin,https://www.business-standard.com/economy/trade-disputes-impact,"global trade talks collapse, causing market turmoil",19,Social,0,0,2025,1.0
236,236,236,236,236,2025-06-13,Utilities sector remains stable during market fluctuations,Forbes,Regulatory Compliance Failure,Nasdaq Composite,3.05,191.82,Neutral,Agriculture,Medium,JPMorgan Chase,https://www.reuters.com/business/energy/oil-market-update,utilities sector remains stable during market fluctuations,5,Governance,1,1,2025,0.0
237,237,237,237,237,2025-04-20,China's Shanghai Composite falls after new trade restrictions,Forbes,Worker Strike,Dow Jones,-2.21,333.33,Positive,Aerospace & Defense,Low,Intel,https://www.ft.com/content/currency-devaluation,china's shanghai composite falls after new trade restrictions,3,Social,0,0,2025,1.0
238,238,238,238,238,2025-08-05,ASX 200 gains on strong export performance,Business Standard,Carbon Emissions Violation,Hang Seng,4.42,488.49,Negative,Finance,High,JPMorgan Chase,https://www.bloomberg.com/canada/tsunami-warnings,asx 200 gains on strong export performance,2,Environmental,2,1,2025,-1.0
239,239,239,239,239,2025-06-10,New housing data release shows a slowdown in market activity,Times of India,Antitrust Investigation,TSX,-2.25,265.62,Negative,Telecommunications,Medium,Lockheed Martin,https://www.bloomberg.com/australia/asx-200-performance,new housing data release shows a slowdown in market activity,7,Governance,1,1,2025,-1.0
240,240,240,240,240,2025-05-18,Central Bank Governor signals potential shift in policy,Business Standard,Regulatory Compliance Failure,Russell 2000,,185.71,Negative,Pharmaceuticals,Medium,General Motors,https://www.marketwatch.com/story/consumer-goods-report,central bank governor signals potential shift in policy,7,Governance,1,1,2025,-1.0
241,241,241,241,241,2025-05-31,Tech Giant's New Product Launch Sparks Sector-Wide Gains,CNBC,Human Rights Allegation,Nasdaq Composite,-3.65,249.29,Negative,Media & Entertainment,High,Apple Inc.,https://www.bloomberg.com/middle-east/news/bond-market-fluctuation,tech giant's new product launch sparks sector wide gains,3,Social,2,1,2025,-1.0
242,242,242,242,242,2025-02-27,ASX 200 gains on strong export performance,The Economist,Antitrust Investigation,Russell 2000,-0.42,212.24,Positive,Technology,Low,Exxon Mobil,https://timesofindia.indiatimes.com/business/agriculture-sector,asx 200 gains on strong export performance,7,Governance,0,0,2025,1.0
243,243,243,243,243,2025-05-21,Crude oil prices drop to a multi-year low,Forbes,Labor Rights Violation,Dow Jones,-0.24,480.19,Negative,Utilities,Medium,Lockheed Martin,https://www.business-standard.com/finance/corporate-earnings,crude oil prices drop to a multi year low,19,Social,1,1,2025,-1.0
244,244,244,244,244,2025-05-05,Quarterly report shows surprising losses for retail giants,Mint,Executive Misconduct,TSX,-3.46,189.55,Negative,Telecommunications,Medium,Bank of America,https://www.business-standard.com/economy/inflation-data,quarterly report shows surprising losses for retail giants,12,Governance,1,1,2025,-1.0
245,245,245,245,245,2025-04-23,Record-high inflation data rattles investors,Times of India,Worker Strike,ASX 200,-3.5,475.2,Negative,Materials,High,Chevron Corporation,https://www.marketwatch.com/story/consumer-goods-report,record high inflation data rattles investors,8,Social,2,1,2025,-1.0
246,246,246,246,246,2025-02-14,Major oil spill sends energy stocks plummeting,Business Standard,Antitrust Investigation,S&P 500,4.55,277.24,Negative,Telecommunications,High,Microsoft,https://www.ft.com/content/geopolitical-summit,major oil spill sends energy stocks plummeting,0,Governance,2,1,2025,-1.0
247,247,247,247,247,2025-05-30,Utilities sector remains stable during market fluctuations,Reuters,Regulatory Compliance Failure,Shanghai Composite,-0.07,29.33,Negative,Healthcare,High,Microsoft,https://www.business-standard.com/economy/trade-disputes-impact,utilities sector remains stable during market fluctuations,1,Governance,2,1,2025,-1.0
248,248,248,248,248,2025-03-29,New housing data release shows a slowdown in market activity,Reuters,Regulatory Compliance Failure,Hang Seng,-1.53,246.25,Neutral,Materials,Low,Microsoft,https://www.moneycontrol.com/us-markets/dow-jones-industrial,new housing data release shows a slowdown in market activity,13,Governance,0,0,2025,0.0
249,249,249,249,249,2025-02-03,,The Hindu Business Line,Antitrust Investigation,Russell 2000,-4.17,204.48,Negative,Construction,High,JPMorgan Chase,https://www.cnbc.com/2025/12/healthcare-sector-outlook,,6,Governance,2,1,2025,-1.0
250,250,250,250,250,2025-04-28,Banking stocks dip after a major scandal is revealed,Yahoo Finance,Executive Misconduct,S&P 500,4.3,480.14,Neutral,Construction,Medium,Lockheed Martin,https://www.forbes.com/finance/geopolitical-event-impact,banking stocks dip after a major scandal is revealed,7,Governance,1,1,2025,0.0
251,251,251,251,251,2025-05-30,Banking stocks dip after a major scandal is revealed,CNBC,Worker Strike,Euro Stoxx 50,-1.46,129.22,Negative,Automotive,Medium,General Motors,https://www.reuters.com/markets/indices/nikkei-225,banking stocks dip after a major scandal is revealed,8,Social,1,1,2025,-1.0
252,252,252,252,252,2025-02-20,,Financial Times,Regulatory Compliance Failure,Euro Stoxx 50,0.07,42.85,Negative,Automotive,High,General Motors,https://timesofindia.indiatimes.com/business/agriculture-sector,,12,Governance,2,1,2025,-1.0
253,253,253,253,253,2025-06-23,Central Bank Governor signals potential shift in policy,Reuters,Antitrust Investigation,Nikkei 225,-3.78,339.53,Positive,Real Estate,Medium,Exxon Mobil,,central bank governor signals potential shift in policy,6,Governance,1,1,2025,1.0
254,254,254,254,254,2025-07-05,New IPO for a popular software firm is oversubscribed,Forbes,Worker Strike,Nasdaq Composite,-3.76,76.61,Negative,Construction,Medium,Exxon Mobil,https://www.marketwatch.com/story/commodities-price-shock,new ipo for a popular software firm is oversubscribed,3,Social,1,1,2025,-1.0
255,255,255,255,255,2025-07-27,Market sentiment turns positive on vaccine trial results,The Motley Fool,Accounting Fraud Investigation,S&P/TSX Composite,1.91,73.24,Negative,Agriculture,High,Microsoft,https://www.forbes.com/finance/geopolitical-event-impact,market sentiment turns positive on vaccine trial results,7,Governance,2,1,2025,-1.0
256,256,256,256,256,2025-04-03,China's Shanghai Composite falls after new trade restrictions,MarketWatch,Antitrust Investigation,BSE Sensex,-4.14,448.04,Negative,Aerospace & Defense,High,JPMorgan Chase,https://www.reuters.com/markets/indices/nikkei-225,china's shanghai composite falls after new trade restrictions,14,Governance,2,1,2025,-1.0
257,257,257,257,257,2025-06-24,Media and Entertainment companies report a surge in streaming revenue,Mint,Climate Regulation Breach,DAX,-1.68,426.05,Neutral,Construction,Low,Exxon Mobil,https://www.wsj.com/china/market-regulation,media and entertainment companies report a surge in streaming revenue,2,Environmental,0,0,2025,0.0
258,258,258,258,258,2025-08-07,Automotive industry faces headwinds from rising material costs,Reuters,Executive Misconduct,TSX,-2.57,131.5,Positive,Transportation,Medium,Apple Inc.,https://economictimes.indiatimes.com/stocks/bse-sensex-plunges,automotive industry faces headwinds from rising material costs,16,Governance,1,1,2025,1.0
259,259,259,259,259,2025-06-16,Aerospace and Defense sector sees rally amid geopolitical tensions,Times of India,Accounting Fraud Investigation,FTSE 100,-0.04,64.69,,Automotive,Medium,Apple Inc.,https://www.wsj.com/europe/dax-performance,aerospace and defense sector sees rally amid geopolitical tensions,4,Governance,1,1,2025,
260,260,260,260,260,2025-08-08,Energy company's dividend hike excites shareholders,Barron's,Regulatory Compliance Failure,FTSE 100,-1.09,104.53,Positive,Industrials,Medium,Apple Inc.,https://www.reuters.com/markets/indices/ftse-100,energy company's dividend hike excites shareholders,5,Governance,1,1,2025,1.0
261,261,261,261,261,2025-07-01,Media and Entertainment companies report a surge in streaming revenue,The Economist,Accounting Fraud Investigation,S&P 500,2.69,425.48,Negative,Aerospace & Defense,High,Lockheed Martin,https://www.bloomberg.com/asia/telecommunications-news,media and entertainment companies report a surge in streaming revenue,10,Governance,2,1,2025,-1.0
262,262,262,262,262,2025-02-03,Real Estate sector shows signs of overheating as interest rates fall,Reuters,Labor Rights Violation,Nasdaq Composite,-3.74,331.77,Negative,Transportation,Medium,JPMorgan Chase,https://www.business-standard.com/finance/corporate-earnings,real estate sector shows signs of overheating as interest rates fall,17,Social,1,1,2025,-1.0
263,263,263,263,263,2025-04-05,Dow Jones plunges as market fears recession,Forbes,Antitrust Investigation,S&P/TSX Composite,,366.97,Neutral,Industrials,Low,Bank of America,https://www.wsj.com/europe/dax-performance,dow jones plunges as market fears recession,5,Governance,0,0,2025,0.0
264,264,264,264,264,2025-06-30,Gold prices surge as investors flee riskier assets,The Hindu Business Line,Executive Misconduct,S&P 500,0.22,143.08,Neutral,Technology,Low,General Motors,https://www.forbes.com/crypto/cryptocurrency-regulation,gold prices surge as investors flee riskier assets,6,Governance,0,0,2025,0.0
265,265,265,265,265,2025-06-12,Healthcare stocks gain on robust demand and strong outlook,Business Standard,Worker Strike,S&P/TSX Composite,-2.89,390.18,Negative,Automotive,High,Intel,https://www.bloomberg.com/australia/asx-200-performance,healthcare stocks gain on robust demand and strong outlook,17,Social,2,1,2025,-1.0
266,266,266,266,266,2025-03-29,Pharmaceutical company's drug approval drives stock upward,MarketWatch,Water Pollution Incident,FTSE 100,-2.06,144.82,Neutral,Pharmaceuticals,Medium,Ford Motor Company,,pharmaceutical company's drug approval drives stock upward,2,Environmental,1,1,2025,0.0
267,267,267,267,267,2025-05-18,Government subsidy program gives a lift to the agriculture sector,Mint,Regulatory Compliance Failure,S&P/TSX Composite,,395.33,Neutral,Retail,Low,Chevron Corporation,https://www.moneycontrol.com/us-markets/dow-jones-industrial,government subsidy program gives a lift to the agriculture sector,14,Governance,0,0,2025,0.0
268,268,268,268,268,2025-07-08,,Forbes,Labor Rights Violation,ASX 200,-2.24,145.64,Neutral,Energy,Medium,Exxon Mobil,https://www.business-standard.com/economy/inflation-data,,8,Social,1,1,2025,0.0
269,269,269,269,269,2025-08-02,Financial sector bracing for new capital requirements,Barron's,Accounting Fraud Investigation,TSX,3.1,431.51,Positive,Telecommunications,Medium,Intel,https://www.bloomberg.com/asia/policy/central-bank-meeting,financial sector bracing for new capital requirements,7,Governance,1,1,2025,1.0
270,270,270,270,270,2025-02-23,Real Estate sector shows signs of overheating as interest rates fall,Investopedia,Executive Misconduct,Hang Seng,-4.8,419.9,Negative,Construction,Medium,Intel,https://www.business-standard.com/international-business/trade-policy,real estate sector shows signs of overheating as interest rates fall,11,Governance,1,1,2025,-1.0
271,271,271,271,271,2025-04-16,Real Estate sector shows signs of overheating as interest rates fall,Business Standard,Labor Rights Violation,NSE Nifty,-2.12,184.96,Positive,Retail,Low,Chevron Corporation,https://www.cnbc.com/2025/10/real-estate-market-analysis,real estate sector shows signs of overheating as interest rates fall,3,Social,0,0,2025,1.0
272,272,272,272,272,2025-03-20,Government spending bill is expected to stimulate the economy,Business Standard,Regulatory Compliance Failure,Nikkei 225,0.12,420.46,Negative,Retail,Medium,Lockheed Martin,https://www.forbes.com/crypto/cryptocurrency-regulation,government spending bill is expected to stimulate the economy,0,Governance,1,1,2025,-1.0
273,273,273,273,273,2025-02-12,Utilities sector remains stable during market fluctuations,Bloomberg,Executive Misconduct,TSX,-0.51,147.28,Negative,Media & Entertainment,High,Microsoft,https://www.reuters.com/markets/indices/nikkei-225,utilities sector remains stable during market fluctuations,6,Governance,2,1,2025,-1.0
274,274,274,274,274,2025-06-30,Retail sales report surpasses all forecasts,Financial Times,Antitrust Investigation,Nikkei 225,-3.76,270.71,Negative,Real Estate,High,Intel,https://www.cnbc.com/2025/09/automotive-industry-trends,retail sales report surpasses all forecasts,7,Governance,2,1,2025,-1.0
275,275,275,275,275,2025-06-05,Geopolitical ceasefire prompts a broad market recovery,Barron's,Labor Rights Violation,Euro Stoxx 50,-3.74,111.7,Positive,Technology,Low,Exxon Mobil,,geopolitical ceasefire prompts a broad market recovery,8,Social,0,0,2025,1.0
276,276,276,276,276,2025-03-29,Crude oil prices drop to a multi-year low,Financial Times,Executive Misconduct,KOSPI,1.43,117.34,Negative,Energy,Low,Exxon Mobil,https://www.forbes.com/finance/geopolitical-event-impact,crude oil prices drop to a multi year low,16,Governance,0,0,2025,-1.0
277,277,277,277,277,2025-03-13,Merger talks between two banks fall through,The Hindu Business Line,Accounting Fraud Investigation,TSX,-4.51,326.15,Neutral,Utilities,Low,Lockheed Martin,https://www.reuters.com/markets/stocks/tech-rally,merger talks between two banks fall through,16,Governance,0,0,2025,0.0
278,278,278,278,278,2025-06-22,"Global trade talks collapse, causing market turmoil",Bloomberg,Product Safety Recall,Nikkei 225,2.59,454.77,Negative,Media & Entertainment,High,Intel,https://timesofindia.indiatimes.com/business/markets/stock-market-crash,"global trade talks collapse, causing market turmoil",17,Social,2,1,2025,-1.0
279,279,279,279,279,2025-08-10,China's Shanghai Composite falls after new trade restrictions,Wall Street Journal,Accounting Fraud Investigation,Nikkei 225,1.72,111.19,Negative,Healthcare,Medium,Exxon Mobil,https://www.cnbc.com/2025/12/healthcare-sector-outlook,china's shanghai composite falls after new trade restrictions,0,Governance,1,1,2025,-1.0
280,280,280,280,280,2025-07-28,Financial services stocks rally on strong profit margins,MarketWatch,Accounting Fraud Investigation,S&P/TSX Composite,-2.44,13.82,Neutral,Materials,Medium,General Motors,https://www.wsj.com/europe/regulatory-changes,financial services stocks rally on strong profit margins,13,Governance,1,1,2025,0.0
281,281,281,281,281,2025-08-02,Media and Entertainment companies report a surge in streaming revenue,Yahoo Finance,Antitrust Investigation,IBOVESPA,-1.94,359.56,Negative,Finance,Medium,Exxon Mobil,https://www.bloomberg.com/middle-east/news/bond-market-fluctuation,media and entertainment companies report a surge in streaming revenue,14,Governance,1,1,2025,-1.0
282,282,282,282,282,2025-07-29,Financial services stocks rally on strong profit margins,Reuters,Antitrust Investigation,Nikkei 225,0.94,446.1,Negative,Transportation,Low,General Motors,https://www.reuters.com/markets/stocks/tech-rally,financial services stocks rally on strong profit margins,4,Governance,0,0,2025,-1.0
283,283,283,283,283,2025-08-04,Retail sales report surpasses all forecasts,Barron's,Product Safety Recall,Nasdaq Composite,0.76,184.66,Neutral,Agriculture,Low,Bank of America,https://www.reuters.com/business/energy/oil-market-update,retail sales report surpasses all forecasts,19,Social,0,0,2025,0.0
284,284,284,284,284,2025-03-05,Government policy shift boosts renewable energy sector,Barron's,Environmental Spill,Hang Seng,,180.27,Positive,Finance,Low,Lockheed Martin,https://www.ft.com/content/media-entertainment-merger,government policy shift boosts renewable energy sector,2,Environmental,0,0,2025,1.0
285,285,285,285,285,2025-04-07,Consumer confidence index reaches a decade high,Mint,Accounting Fraud Investigation,Nasdaq Composite,-2.1,424.6,Positive,Retail,Low,Exxon Mobil,https://www.ft.com/content/consumer-confidence-report,consumer confidence index reaches a decade high,1,Governance,0,0,2025,1.0
286,286,286,286,286,2025-04-16,Media and Entertainment companies report a surge in streaming revenue,Times of India,Regulatory Compliance Failure,Euro Stoxx 50,-4.65,35.54,Positive,Retail,Low,Apple Inc.,https://www.moneycontrol.com/us-markets/nasdaq-composite,media and entertainment companies report a surge in streaming revenue,9,Governance,0,0,2025,1.0
287,287,287,287,287,2025-05-27,China's Shanghai Composite falls after new trade restrictions,Economic Times,Regulatory Compliance Failure,Euro Stoxx 50,-1.88,319.7,Neutral,Automotive,Low,Exxon Mobil,https://economictimes.indiatimes.com/news/transportation,china's shanghai composite falls after new trade restrictions,16,Governance,0,0,2025,0.0
288,288,288,288,288,2025-04-14,Massive stock buyback program announced by a consumer goods company,Reuters,Accounting Fraud Investigation,KOSPI,2.13,169.48,Neutral,Energy,Low,Apple Inc.,https://www.theeconomist.com/world/government-policy-announcement,massive stock buyback program announced by a consumer goods company,5,Governance,0,0,2025,0.0
289,289,289,289,289,2025-03-08,Government policy shift boosts renewable energy sector,MarketWatch,Antitrust Investigation,ASX 200,2.67,134.04,,Aerospace & Defense,Low,Exxon Mobil,https://timesofindia.indiatimes.com/business/corporate-governance,government policy shift boosts renewable energy sector,13,Governance,0,0,2025,
290,290,290,290,290,2025-07-18,Financial services stocks rally on strong profit margins,Seeking Alpha,Water Pollution Incident,Hang Seng,1.73,291.34,Neutral,Technology,Medium,Apple Inc.,https://timesofindia.indiatimes.com/business/markets/stock-market-crash,financial services stocks rally on strong profit margins,2,Environmental,1,1,2025,0.0
291,291,291,291,291,2025-07-15,Unexpected rise in unemployment fuels market pessimism,Yahoo Finance,Executive Misconduct,IBOVESPA,1.3,436.99,Positive,Telecommunications,Medium,Bank of America,https://www.wsj.com/europe/dax-performance,unexpected rise in unemployment fuels market pessimism,14,Governance,1,1,2025,1.0
292,292,292,292,292,2025-02-12,Pharmaceutical company's drug approval drives stock upward,Reuters,Environmental Spill,Euro Stoxx 50,-4.82,452.55,Negative,Finance,High,Microsoft,,pharmaceutical company's drug approval drives stock upward,2,Environmental,2,1,2025,-1.0
293,293,293,293,293,2025-05-21,Nikkei 225 index benefits from a weaker yen,Mint,Antitrust Investigation,Euro Stoxx 50,-3.33,92.82,Negative,Industrials,High,Exxon Mobil,https://www.cnbc.com/2025/09/automotive-industry-trends,nikkei 225 index benefits from a weaker yen,9,Governance,2,1,2025,-1.0
294,294,294,294,294,2025-03-27,New housing data release shows a slowdown in market activity,Yahoo Finance,Labor Rights Violation,KOSPI,-3.83,352.65,Negative,Pharmaceuticals,Medium,Intel,https://www.moneycontrol.com/india/ipo-news/new-firm-launches,new housing data release shows a slowdown in market activity,3,Social,1,1,2025,-1.0
295,295,295,295,295,2025-04-04,Gold prices surge as investors flee riskier assets,Yahoo Finance,Regulatory Compliance Failure,S&P 500,-4.03,465.53,Negative,Healthcare,Medium,Intel,https://www.theeconomist.com/finance-and-economics/trade-tariffs,gold prices surge as investors flee riskier assets,5,Governance,1,1,2025,-1.0
296,296,296,296,296,2025-04-26,Merger talks between two banks fall through,Reuters,Executive Misconduct,NSE Nifty,-1.29,303.78,Negative,Transportation,Low,Exxon Mobil,https://economictimes.indiatimes.com/stocks/bse-sensex-plunges,merger talks between two banks fall through,1,Governance,0,0,2025,-1.0
297,297,297,297,297,2025-08-04,Government subsidy program gives a lift to the agriculture sector,Financial Times,Antitrust Investigation,DAX,-2.25,345.01,Negative,Agriculture,Medium,Apple Inc.,https://www.wsj.com/china/market-rally,government subsidy program gives a lift to the agriculture sector,13,Governance,1,1,2025,-1.0
298,298,298,298,298,2025-07-23,Utilities sector remains stable during market fluctuations,CNBC,Executive Misconduct,Nikkei 225,-1.4,112.99,Positive,Industrials,Medium,Chevron Corporation,https://timesofindia.indiatimes.com/business/finance/banking-sector-news,utilities sector remains stable during market fluctuations,12,Governance,1,1,2025,1.0
299,299,299,299,299,2025-03-01,Central bank maintains status quo on interest rates,The Economist,Accounting Fraud Investigation,IBOVESPA,-1.78,250.79,Positive,Healthcare,Low,Chevron Corporation,https://www.reuters.com/markets/indices/nikkei-225,central bank maintains status quo on interest rates,0,Governance,0,0,2025,1.0
300,300,300,300,300,2025-06-28,"Global trade talks collapse, causing market turmoil",Investopedia,Regulatory Compliance Failure,DAX,0.16,471.76,Negative,Energy,High,Microsoft,https://www.marketwatch.com/story/commodities-price-shock,"global trade talks collapse, causing market turmoil",16,Governance,2,1,2025,-1.0
301,301,301,301,301,2025-04-02,Nikkei 225 index benefits from a weaker yen,Investopedia,Accounting Fraud Investigation,ASX 200,-3.13,354.58,Negative,Aerospace & Defense,High,General Motors,https://timesofindia.indiatimes.com/business/corporate-governance,nikkei 225 index benefits from a weaker yen,0,Governance,2,1,2025,-1.0
302,302,302,302,302,2025-05-19,Market sentiment turns positive on vaccine trial results,Investopedia,Antitrust Investigation,Hang Seng,-4.99,170.3,Negative,Retail,Low,Lockheed Martin,https://economictimes.indiatimes.com/industry/industrials,market sentiment turns positive on vaccine trial results,6,Governance,0,0,2025,-1.0
303,303,303,303,303,2025-06-17,New IPO for a popular software firm is oversubscribed,Bloomberg,Worker Strike,S&P 500,2.26,25.6,Negative,Media & Entertainment,Low,Microsoft,,new ipo for a popular software firm is oversubscribed,19,Social,0,0,2025,-1.0
304,304,304,304,304,2025-06-29,UK's FTSE 100 sees a boost from favorable trade data,The Motley Fool,Regulatory Compliance Failure,IBOVESPA,2.23,286.78,Positive,Agriculture,Low,General Motors,https://www.bloomberg.com/middle-east/news/bond-market-fluctuation,uk's ftse 100 sees a boost from favorable trade data,13,Governance,0,0,2025,1.0
305,305,305,305,305,2025-07-30,Geopolitical ceasefire prompts a broad market recovery,Financial Times,Antitrust Investigation,Dow Jones,1.69,447.46,Neutral,Transportation,Medium,Bank of America,https://economictimes.indiatimes.com/news/economy/unemployment-rate,geopolitical ceasefire prompts a broad market recovery,1,Governance,1,1,2025,0.0
306,306,306,306,306,2025-05-11,Bond yields tumble as investors seek safe havens,Financial Times,Executive Misconduct,Russell 2000,-1.27,460.59,Negative,Media & Entertainment,Low,General Motors,https://www.reuters.com/markets/indices/ftse-100,bond yields tumble as investors seek safe havens,0,Governance,0,0,2025,-1.0
307,307,307,307,307,2025-07-24,Government policy shift boosts renewable energy sector,Mint,Accounting Fraud Investigation,Nikkei 225,1.08,402.26,Positive,Transportation,Low,Bank of America,https://www.reuters.com/business/energy/oil-market-update,government policy shift boosts renewable energy sector,15,Governance,0,0,2025,1.0
308,308,308,308,308,2025-02-18,Semiconductor shortages weigh heavily on tech sector profits,Economic Times,Regulatory Compliance Failure,Euro Stoxx 50,4.49,140.87,Negative,Agriculture,High,Ford Motor Company,https://www.marketwatch.com/story/commodities-price-shock,semiconductor shortages weigh heavily on tech sector profits,14,Governance,2,1,2025,-1.0
309,309,309,309,309,2025-02-23,Market braces for a major policy announcement from the EU,MarketWatch,Accounting Fraud Investigation,Nasdaq Composite,-4.57,67.43,Negative,Healthcare,High,Ford Motor Company,https://www.wsj.com/china/market-rally,market braces for a major policy announcement from the eu,5,Governance,2,1,2025,-1.0
310,310,310,310,310,2025-04-06,UK's FTSE 100 sees a boost from favorable trade data,Barron's,Executive Misconduct,ASX 200,-4.41,494.26,,Automotive,Low,General Motors,https://www.moneycontrol.com/us-markets/sp-500,uk's ftse 100 sees a boost from favorable trade data,18,Governance,0,0,2025,
311,311,311,311,311,2025-06-18,"Global trade talks collapse, causing market turmoil",The Motley Fool,Antitrust Investigation,NSE Nifty,1.95,19.37,Positive,Transportation,Medium,Exxon Mobil,https://www.moneycontrol.com/us-markets/dow-jones-industrial,"global trade talks collapse, causing market turmoil",9,Governance,1,1,2025,1.0
312,312,312,312,312,2025-08-01,Retail sales report surpasses all forecasts,Mint,Executive Misconduct,NSE Nifty,-1.2,467.26,Negative,Technology,Medium,Microsoft,https://www.bloomberg.com/australia/asx-200-performance,retail sales report surpasses all forecasts,0,Governance,1,1,2025,-1.0
313,313,313,313,313,2025-06-08,Federal Reserve Chairman's speech causes market volatility,Reuters,Regulatory Compliance Failure,Dow Jones,-0.96,366.56,Negative,Industrials,High,Microsoft,https://economictimes.indiatimes.com/stocks/bse-sensex-plunges,federal reserve chairman's speech causes market volatility,9,Governance,2,1,2025,-1.0
314,314,314,314,314,2025-02-27,New regulations on cryptocurrencies cause a market dip,Yahoo Finance,Antitrust Investigation,ASX 200,2.79,278.46,Positive,Telecommunications,Low,Apple Inc.,https://www.reuters.com/business/energy/oil-market-update,new regulations on cryptocurrencies cause a market dip,18,Governance,0,0,2025,1.0
315,315,315,315,315,2025-06-19,China's Shanghai Composite falls after new trade restrictions,Reuters,Executive Misconduct,Nikkei 225,-4.97,457.32,Negative,Aerospace & Defense,High,Microsoft,https://www.marketwatch.com/story/commodities-price-shock,china's shanghai composite falls after new trade restrictions,10,Governance,2,1,2025,-1.0
316,316,316,316,316,2025-06-18,Central Bank's dovish tone hints at future rate cuts,Investopedia,Antitrust Investigation,KOSPI,-1.19,463.54,Neutral,Pharmaceuticals,Low,General Motors,https://www.business-standard.com/international-business/trade-policy,central bank's dovish tone hints at future rate cuts,18,Governance,0,0,2025,0.0
317,317,317,317,317,2025-07-14,Massive stock buyback program announced by a consumer goods company,Forbes,Antitrust Investigation,S&P/TSX Composite,3.63,11.23,Neutral,Construction,Medium,Lockheed Martin,https://www.wsj.com/china/market-regulation,massive stock buyback program announced by a consumer goods company,6,Governance,1,1,2025,0.0
318,318,318,318,318,2025-03-30,New regulations on cryptocurrencies cause a market dip,Wall Street Journal,Accounting Fraud Investigation,Shanghai Composite,3.07,289.57,Negative,Retail,Low,Chevron Corporation,https://www.moneycontrol.com/us-markets/nasdaq-composite,new regulations on cryptocurrencies cause a market dip,16,Governance,0,0,2025,-1.0
319,319,319,319,319,2025-07-16,Merger talks between two banks fall through,Bloomberg,Accounting Fraud Investigation,ASX 200,1.48,29.93,Neutral,Utilities,Low,Apple Inc.,https://www.cnbc.com/2025/08/russia-ukraine-war-economic-impact,merger talks between two banks fall through,4,Governance,0,0,2025,0.0
320,320,320,320,320,2025-07-27,Government policy shift boosts renewable energy sector,Business Standard,Regulatory Compliance Failure,Dow Jones,3.76,114.42,Negative,Finance,Medium,Bank of America,https://www.investopedia.com/articles/government-policy-announcement,government policy shift boosts renewable energy sector,12,Governance,1,1,2025,-1.0
321,321,321,321,321,2025-02-21,Bond yields tumble as investors seek safe havens,Economic Times,Human Rights Allegation,Russell 2000,3.44,96.22,Negative,Technology,Low,Chevron Corporation,https://www.moneycontrol.com/us-markets/dow-jones-industrial,bond yields tumble as investors seek safe havens,19,Social,0,0,2025,-1.0
322,322,322,322,322,2025-03-30,New regulations on cryptocurrencies cause a market dip,Yahoo Finance,Accounting Fraud Investigation,Hang Seng,1.53,471.85,Negative,Aerospace & Defense,High,Ford Motor Company,https://www.business-standard.com/finance/corporate-earnings,new regulations on cryptocurrencies cause a market dip,16,Governance,2,1,2025,-1.0
323,323,323,323,323,2025-05-20,Mining company stock surges on commodity price boom,Forbes,Antitrust Investigation,Nasdaq Composite,3.21,249.69,Negative,Materials,High,JPMorgan Chase,https://timesofindia.indiatimes.com/business/corporate-governance,mining company stock surges on commodity price boom,4,Governance,2,1,2025,-1.0
324,324,324,324,324,2025-05-30,Crude oil prices drop to a multi-year low,Barron's,Antitrust Investigation,KOSPI,,306.8,Negative,Construction,High,Microsoft,https://www.wsj.com/europe/dax-performance,crude oil prices drop to a multi year low,9,Governance,2,1,2025,-1.0
325,325,325,325,325,2025-07-30,Pharmaceutical company's drug approval drives stock upward,Seeking Alpha,Regulatory Compliance Failure,NSE Nifty,2.33,159.38,Negative,Materials,High,Intel,https://timesofindia.indiatimes.com/business/corporate-governance,pharmaceutical company's drug approval drives stock upward,13,Governance,2,1,2025,-1.0
326,326,326,326,326,2025-06-04,New regulations on cryptocurrencies cause a market dip,Forbes,Regulatory Compliance Failure,Dow Jones,-2.18,272.25,Negative,Materials,Low,JPMorgan Chase,https://www.bloomberg.com/middle-east/news/bond-market-fluctuation,new regulations on cryptocurrencies cause a market dip,10,Governance,0,0,2025,-1.0
327,327,327,327,327,2025-03-13,UK's FTSE 100 sees a boost from favorable trade data,Times of India,Accounting Fraud Investigation,Nasdaq Composite,2.84,319.4,Negative,Industrials,Medium,Intel,https://www.investopedia.com/articles/government-policy-announcement,uk's ftse 100 sees a boost from favorable trade data,13,Governance,1,1,2025,-1.0
328,328,328,328,328,2025-02-06,Real Estate sector shows signs of overheating as interest rates fall,The Economist,Executive Misconduct,S&P 500,,390.75,Negative,Transportation,High,JPMorgan Chase,https://www.business-standard.com/economy/trade-disputes-impact,real estate sector shows signs of overheating as interest rates fall,9,Governance,2,1,2025,-1.0
329,329,329,329,329,2025-07-08,E-commerce earnings report beats all analyst expectations,Seeking Alpha,Antitrust Investigation,Euro Stoxx 50,-0.29,337.64,Negative,Construction,Low,JPMorgan Chase,https://economictimes.indiatimes.com/news/economy/unemployment-rate,e commerce earnings report beats all analyst expectations,11,Governance,0,0,2025,-1.0
330,330,330,330,330,2025-05-02,Government policy shift boosts renewable energy sector,Economic Times,Human Rights Allegation,Russell 2000,4.2,318.11,Neutral,Media & Entertainment,Medium,Ford Motor Company,https://economictimes.indiatimes.com/stocks/bse-sensex-plunges,government policy shift boosts renewable energy sector,3,Social,1,1,2025,0.0
331,331,331,331,331,2025-07-11,Manufacturing PMI data signals economic expansion,CNBC,Regulatory Compliance Failure,S&P/TSX Composite,-1.48,478.75,Neutral,Telecommunications,Medium,Apple Inc.,https://www.cnbc.com/2025/09/automotive-industry-trends,manufacturing pmi data signals economic expansion,12,Governance,1,1,2025,0.0
332,332,332,332,332,2025-06-24,Government policy shift boosts renewable energy sector,CNBC,Carbon Emissions Violation,Nikkei 225,,463.05,Negative,Real Estate,Low,JPMorgan Chase,https://www.theeconomist.com/world/government-policy-announcement,government policy shift boosts renewable energy sector,2,Environmental,0,0,2025,-1.0
333,333,333,333,333,2025-05-13,Nikkei 225 index benefits from a weaker yen,Business Standard,Product Safety Recall,Nikkei 225,0.02,4.19,Negative,Telecommunications,Low,Intel,https://www.cnbc.com/2025/10/real-estate-market-analysis,nikkei 225 index benefits from a weaker yen,3,Social,0,0,2025,-1.0
334,334,334,334,334,2025-02-07,Automotive industry faces headwinds from rising material costs,Barron's,Accounting Fraud Investigation,Russell 2000,,238.48,Negative,Technology,Medium,Exxon Mobil,https://www.business-standard.com/economy/trade-disputes-impact,automotive industry faces headwinds from rising material costs,12,Governance,1,1,2025,-1.0
335,335,335,335,335,2025-02-01,Manufacturing PMI data signals economic expansion,Investopedia,Antitrust Investigation,Nasdaq Composite,-1.29,247.98,Negative,Telecommunications,High,Chevron Corporation,https://economictimes.indiatimes.com/news/economy/unemployment-rate,manufacturing pmi data signals economic expansion,7,Governance,2,1,2025,-1.0
336,336,336,336,336,2025-06-12,ASX 200 gains on strong export performance,Bloomberg,Accounting Fraud Investigation,DAX,-1.12,449.37,Negative,Retail,High,Apple Inc.,https://timesofindia.indiatimes.com/business/agriculture-sector,asx 200 gains on strong export performance,12,Governance,2,1,2025,-1.0
337,337,337,337,337,2025-03-26,Quarterly report shows surprising losses for retail giants,Wall Street Journal,Regulatory Compliance Failure,Russell 2000,1.95,168.04,Neutral,Technology,Low,Intel,https://www.forbes.com/crypto/cryptocurrency-regulation,quarterly report shows surprising losses for retail giants,14,Governance,0,0,2025,0.0
338,338,338,338,338,2025-05-06,Government spending bill is expected to stimulate the economy,Financial Times,Antitrust Investigation,Dow Jones,-2.47,96.2,Negative,Finance,High,Lockheed Martin,https://www.moneycontrol.com/us-markets/nasdaq-composite,government spending bill is expected to stimulate the economy,1,Governance,2,1,2025,-1.0
339,339,339,339,339,2025-04-24,Government subsidy program gives a lift to the agriculture sector,Business Standard,Product Safety Recall,KOSPI,-3.51,34.43,Negative,Construction,High,Intel,,government subsidy program gives a lift to the agriculture sector,19,Social,2,1,2025,-1.0
340,340,340,340,340,2025-04-08,,Reuters,Labor Rights Violation,Hang Seng,-1.66,127.78,Negative,Agriculture,High,Microsoft,https://www.ft.com/content/media-entertainment-merger,,17,Social,2,1,2025,-1.0
341,341,341,341,341,2025-03-22,Major oil spill sends energy stocks plummeting,Times of India,Accounting Fraud Investigation,Nikkei 225,3.6,24.86,Negative,Agriculture,High,Apple Inc.,https://www.investopedia.com/articles/government-policy-announcement,major oil spill sends energy stocks plummeting,13,Governance,2,1,2025,-1.0
342,342,342,342,342,2025-02-10,Bond yields tumble as investors seek safe havens,Seeking Alpha,Antitrust Investigation,IBOVESPA,-2.79,28.62,Negative,Energy,High,Microsoft,https://www.ft.com/content/consumer-confidence-report,bond yields tumble as investors seek safe havens,12,Governance,2,1,2025,-1.0
343,343,343,343,343,2025-05-12,Banking stocks dip after a major scandal is revealed,MarketWatch,Executive Misconduct,Shanghai Composite,3.89,208.79,Negative,Aerospace & Defense,Medium,General Motors,https://www.reuters.com/markets/indices/ftse-100,banking stocks dip after a major scandal is revealed,6,Governance,1,1,2025,-1.0
344,344,344,344,344,2025-03-23,Central Bank's dovish tone hints at future rate cuts,The Motley Fool,Accounting Fraud Investigation,FTSE 100,-4.32,484.88,Neutral,Telecommunications,Medium,Ford Motor Company,https://www.reuters.com/markets/indices/nikkei-225,central bank's dovish tone hints at future rate cuts,1,Governance,1,1,2025,0.0
345,345,345,345,345,2025-06-29,Government policy shift boosts renewable energy sector,Economic Times,Labor Rights Violation,TSX,,88.44,Negative,Telecommunications,High,Chevron Corporation,https://www.cnbc.com/2025/12/healthcare-sector-outlook,government policy shift boosts renewable energy sector,17,Social,2,1,2025,-1.0
346,346,346,346,346,2025-03-31,Government spending bill is expected to stimulate the economy,Economic Times,Product Safety Recall,Nasdaq Composite,-1.91,472.28,Neutral,Energy,Low,JPMorgan Chase,https://www.cnbc.com/2025/11/major-merger-deal-approved,government spending bill is expected to stimulate the economy,19,Social,0,0,2025,0.0
347,347,347,347,347,2025-03-20,Unexpected rise in unemployment fuels market pessimism,Economic Times,Executive Misconduct,TSX,-3.23,132.69,Negative,Utilities,Medium,Microsoft,https://www.ft.com/content/currency-devaluation,unexpected rise in unemployment fuels market pessimism,10,Governance,1,1,2025,-1.0
348,348,348,348,348,2025-02-27,Utilities sector remains stable during market fluctuations,Wall Street Journal,Accounting Fraud Investigation,BSE Sensex,-2.09,300.99,Negative,Construction,High,General Motors,https://economictimes.indiatimes.com/stocks/bse-sensex-plunges,utilities sector remains stable during market fluctuations,10,Governance,2,1,2025,-1.0
349,349,349,349,349,2025-06-28,Manufacturing PMI data signals economic expansion,The Motley Fool,Accounting Fraud Investigation,Russell 2000,-1.94,379.46,Negative,Real Estate,Medium,Apple Inc.,https://www.ft.com/content/geopolitical-summit,manufacturing pmi data signals economic expansion,16,Governance,1,1,2025,-1.0
350,350,350,350,350,2025-04-09,Major oil spill sends energy stocks plummeting,Wall Street Journal,Regulatory Compliance Failure,Euro Stoxx 50,-4.65,413.34,Negative,Retail,High,Ford Motor Company,,major oil spill sends energy stocks plummeting,4,Governance,2,1,2025,-1.0
351,351,351,351,351,2025-02-26,Federal Reserve Chairman's speech causes market volatility,The Economist,Antitrust Investigation,Nikkei 225,4.26,45.94,Positive,Energy,Medium,Lockheed Martin,https://www.wsj.com/europe/dax-performance,federal reserve chairman's speech causes market volatility,5,Governance,1,1,2025,1.0
352,352,352,352,352,2025-06-11,Tech Giant's New Product Launch Sparks Sector-Wide Gains,CNBC,Executive Misconduct,IBOVESPA,-1.95,446.76,Negative,Industrials,High,JPMorgan Chase,https://economictimes.indiatimes.com/industry/industrials,tech giant's new product launch sparks sector wide gains,6,Governance,2,1,2025,-1.0
353,353,353,353,353,2025-04-10,Merger talks between two banks fall through,Bloomberg,Regulatory Compliance Failure,Shanghai Composite,-2.33,61.78,Negative,Construction,Low,Apple Inc.,https://www.ft.com/content/media-entertainment-merger,merger talks between two banks fall through,15,Governance,0,0,2025,-1.0
354,354,354,354,354,2025-08-11,Federal Reserve Chairman's speech causes market volatility,Reuters,Antitrust Investigation,BSE Sensex,3.32,241.89,Neutral,Agriculture,Medium,Microsoft,,federal reserve chairman's speech causes market volatility,13,Governance,1,1,2025,0.0
355,355,355,355,355,2025-07-26,Unexpected rise in unemployment fuels market pessimism,Wall Street Journal,Regulatory Compliance Failure,Shanghai Composite,0.18,216.56,Negative,Healthcare,Medium,Apple Inc.,https://timesofindia.indiatimes.com/business/markets/stock-market-crash,unexpected rise in unemployment fuels market pessimism,18,Governance,1,1,2025,-1.0
356,356,356,356,356,2025-03-10,Utilities sector remains stable during market fluctuations,Times of India,Human Rights Allegation,Shanghai Composite,-0.27,140.05,Positive,Aerospace & Defense,Low,Bank of America,https://www.bloomberg.com/asia/policy/central-bank-meeting,utilities sector remains stable during market fluctuations,8,Social,0,0,2025,1.0
357,357,357,357,357,2025-03-02,Financial sector bracing for new capital requirements,Mint,Human Rights Allegation,Shanghai Composite,-2.17,496.78,Negative,Materials,High,JPMorgan Chase,https://www.reuters.com/markets/stocks/tech-rally,financial sector bracing for new capital requirements,3,Social,2,1,2025,-1.0
358,358,358,358,358,2025-05-16,Nikkei 225 index benefits from a weaker yen,Barron's,Accounting Fraud Investigation,BSE Sensex,-0.49,42.05,Positive,Industrials,Low,JPMorgan Chase,https://www.business-standard.com/economy/economic-stimulus,nikkei 225 index benefits from a weaker yen,18,Governance,0,0,2025,1.0
359,359,359,359,359,2025-06-04,New housing data release shows a slowdown in market activity,Financial Times,Executive Misconduct,Hang Seng,-0.52,176.05,Negative,Pharmaceuticals,Medium,General Motors,https://www.business-standard.com/economy/economic-stimulus,new housing data release shows a slowdown in market activity,14,Governance,1,1,2025,-1.0
360,360,360,360,360,2025-03-31,Crude oil prices drop to a multi-year low,Mint,Regulatory Compliance Failure,TSX,-3.93,69.64,Negative,Real Estate,High,Chevron Corporation,https://www.reuters.com/markets/indices/ftse-100,crude oil prices drop to a multi year low,4,Governance,2,1,2025,-1.0
361,361,361,361,361,2025-02-04,Real Estate sector shows signs of overheating as interest rates fall,Barron's,Human Rights Allegation,CAC 40,3.58,152.17,Neutral,Agriculture,Medium,Microsoft,,real estate sector shows signs of overheating as interest rates fall,8,Social,1,1,2025,0.0
362,362,362,362,362,2025-06-05,Market sentiment turns positive on vaccine trial results,Bloomberg,Executive Misconduct,FTSE 100,-0.99,331.54,Negative,Materials,High,JPMorgan Chase,https://www.forbes.com/crypto/cryptocurrency-regulation,market sentiment turns positive on vaccine trial results,16,Governance,2,1,2025,-1.0
363,363,363,363,363,2025-04-09,Real Estate sector shows signs of overheating as interest rates fall,Bloomberg,Labor Rights Violation,Dow Jones,4.75,478.94,Negative,Aerospace & Defense,Medium,General Motors,https://www.bloomberg.com/australia/asx-200-performance,real estate sector shows signs of overheating as interest rates fall,8,Social,1,1,2025,-1.0
364,364,364,364,364,2025-05-16,Government subsidy program gives a lift to the agriculture sector,Business Standard,Accounting Fraud Investigation,Nasdaq Composite,4.84,83.48,Negative,Real Estate,High,Exxon Mobil,https://www.business-standard.com/international-business/trade-policy,government subsidy program gives a lift to the agriculture sector,11,Governance,2,1,2025,-1.0
365,365,365,365,365,2025-04-09,Mining company stock surges on commodity price boom,Barron's,Labor Rights Violation,DAX,2.76,445.13,Neutral,Consumer Goods,Medium,Lockheed Martin,https://economictimes.indiatimes.com/stocks/bse-sensex-plunges,mining company stock surges on commodity price boom,3,Social,1,1,2025,0.0
366,366,366,366,366,2025-03-04,Unexpected rise in unemployment fuels market pessimism,Business Standard,Regulatory Compliance Failure,KOSPI,-1.88,139.95,Neutral,Technology,Medium,JPMorgan Chase,,unexpected rise in unemployment fuels market pessimism,13,Governance,1,1,2025,0.0
367,367,367,367,367,2025-03-17,Major oil spill sends energy stocks plummeting,Seeking Alpha,Worker Strike,Shanghai Composite,-3.81,122.12,Negative,Utilities,High,Microsoft,,major oil spill sends energy stocks plummeting,19,Social,2,1,2025,-1.0
368,368,368,368,368,2025-03-26,New regulations on cryptocurrencies cause a market dip,CNBC,Antitrust Investigation,Nikkei 225,-3.9,450.28,Negative,Construction,Medium,Ford Motor Company,https://www.business-standard.com/economy/economic-stimulus,new regulations on cryptocurrencies cause a market dip,11,Governance,1,1,2025,-1.0
369,369,369,369,369,2025-04-23,New regulations on cryptocurrencies cause a market dip,Forbes,Regulatory Compliance Failure,Hang Seng,-3.76,415.15,Negative,Retail,Low,Intel,https://www.marketwatch.com/story/consumer-goods-report,new regulations on cryptocurrencies cause a market dip,4,Governance,0,0,2025,-1.0
370,370,370,370,370,2025-06-29,Financial services stocks rally on strong profit margins,Times of India,Labor Rights Violation,Nikkei 225,1.35,180.29,Neutral,Real Estate,Low,Chevron Corporation,https://www.moneycontrol.com/us-markets/sp-500,financial services stocks rally on strong profit margins,8,Social,0,0,2025,0.0
371,371,371,371,371,2025-05-16,Supply chain issues impact manufacturing sector earnings,Bloomberg,Antitrust Investigation,S&P 500,-2.74,328.3,Neutral,Healthcare,Medium,Bank of America,https://www.ft.com/content/consumer-confidence-report,supply chain issues impact manufacturing sector earnings,7,Governance,1,1,2025,0.0
372,372,372,372,372,2025-03-04,Banking stocks dip after a major scandal is revealed,The Motley Fool,Regulatory Compliance Failure,CAC 40,-4.13,129.14,Negative,Healthcare,High,Apple Inc.,,banking stocks dip after a major scandal is revealed,18,Governance,2,1,2025,-1.0
373,373,373,373,373,2025-04-19,Quarterly report shows surprising losses for retail giants,The Hindu Business Line,Regulatory Compliance Failure,ASX 200,2.53,128.16,Positive,Materials,Low,Chevron Corporation,https://www.investopedia.com/articles/government-policy-announcement,quarterly report shows surprising losses for retail giants,15,Governance,0,0,2025,1.0
374,374,374,374,374,2025-04-01,Market sentiment turns positive on vaccine trial results,The Motley Fool,Worker Strike,S&P 500,2.44,24.4,Negative,Utilities,High,Chevron Corporation,https://www.business-standard.com/economy/trade-disputes-impact,market sentiment turns positive on vaccine trial results,3,Social,2,1,2025,-1.0
375,375,375,375,375,2025-08-06,UK's FTSE 100 sees a boost from favorable trade data,Investopedia,Antitrust Investigation,Dow Jones,4.24,100.77,Negative,Media & Entertainment,High,Bank of America,https://www.bloomberg.com/middle-east/news/bond-market-fluctuation,uk's ftse 100 sees a boost from favorable trade data,18,Governance,2,1,2025,-1.0
376,376,376,376,376,2025-07-06,Federal Reserve Chairman's speech causes market volatility,Yahoo Finance,Accounting Fraud Investigation,Dow Jones,-0.76,44.74,Negative,Transportation,High,Bank of America,https://www.cnbc.com/2025/09/automotive-industry-trends,federal reserve chairman's speech causes market volatility,16,Governance,2,1,2025,-1.0
377,377,377,377,377,2025-07-18,,Business Standard,Executive Misconduct,Euro Stoxx 50,-2.34,43.11,Negative,Aerospace & Defense,Low,Ford Motor Company,https://www.forbes.com/crypto/cryptocurrency-regulation,,12,Governance,0,0,2025,-1.0
378,378,378,378,378,2025-04-05,Supply chain issues impact manufacturing sector earnings,The Hindu Business Line,Executive Misconduct,BSE Sensex,0.27,159.32,Negative,Pharmaceuticals,High,Bank of America,https://www.forbes.com/crypto/cryptocurrency-regulation,supply chain issues impact manufacturing sector earnings,11,Governance,2,1,2025,-1.0
379,379,379,379,379,2025-04-28,ASX 200 gains on strong export performance,Business Standard,Product Safety Recall,CAC 40,-2.06,212.83,Positive,Finance,Low,Microsoft,https://www.marketwatch.com/story/commodities-price-shock,asx 200 gains on strong export performance,19,Social,0,0,2025,1.0
380,380,380,380,380,2025-03-27,Tech Giant's New Product Launch Sparks Sector-Wide Gains,Financial Times,Product Safety Recall,Russell 2000,-3.71,225.07,Negative,Telecommunications,Medium,Exxon Mobil,https://timesofindia.indiatimes.com/business/markets/stock-market-crash,tech giant's new product launch sparks sector wide gains,8,Social,1,1,2025,-1.0
381,381,381,381,381,2025-04-02,Dow Jones plunges as market fears recession,Business Standard,Regulatory Compliance Failure,FTSE 100,3.11,52.79,Negative,Finance,Low,Lockheed Martin,https://economictimes.indiatimes.com/stocks/bse-sensex-plunges,dow jones plunges as market fears recession,6,Governance,0,0,2025,-1.0
382,382,382,382,382,2025-04-26,Central Bank's dovish tone hints at future rate cuts,Financial Times,Executive Misconduct,DAX,2.01,1.34,Positive,Automotive,Low,Microsoft,https://www.moneycontrol.com/us-markets/nasdaq-composite,central bank's dovish tone hints at future rate cuts,9,Governance,0,0,2025,1.0
383,383,383,383,383,2025-03-27,Gold prices surge as investors flee riskier assets,The Hindu Business Line,Water Pollution Incident,Shanghai Composite,3.64,108.63,Negative,Energy,Low,Apple Inc.,https://www.reuters.com/business/retail-sector-earnings,gold prices surge as investors flee riskier assets,2,Environmental,0,0,2025,-1.0
384,384,384,384,384,2025-05-22,Central Bank Governor signals potential shift in policy,The Hindu Business Line,Labor Rights Violation,DAX,2.08,443.93,Negative,Materials,High,Ford Motor Company,https://www.moneycontrol.com/india/ipo-news/new-firm-launches,central bank governor signals potential shift in policy,3,Social,2,1,2025,-1.0
385,385,385,385,385,2025-08-01,A massive data breach sends a tech company's stock tumbling,Mint,Regulatory Compliance Failure,Dow Jones,2.96,233.11,Neutral,Pharmaceuticals,Medium,General Motors,https://www.wsj.com/japan/economic-data-release,a massive data breach sends a tech company's stock tumbling,10,Governance,1,1,2025,0.0
386,386,386,386,386,2025-05-26,Government policy shift boosts renewable energy sector,Investopedia,Executive Misconduct,CAC 40,-1.67,328.16,Negative,Real Estate,Low,Microsoft,https://www.reuters.com/markets/indices/nikkei-225,government policy shift boosts renewable energy sector,4,Governance,0,0,2025,-1.0
387,387,387,387,387,2025-02-06,Supply chain issues impact manufacturing sector earnings,The Motley Fool,Regulatory Compliance Failure,S&P/TSX Composite,-4.44,44.07,Positive,Retail,Medium,Microsoft,https://www.moneycontrol.com/india/ipo-news/new-firm-launches,supply chain issues impact manufacturing sector earnings,5,Governance,1,1,2025,1.0
388,388,388,388,388,2025-07-08,Real Estate sector shows signs of overheating as interest rates fall,Seeking Alpha,Antitrust Investigation,Euro Stoxx 50,,117.07,Neutral,Agriculture,Low,Ford Motor Company,https://www.business-standard.com/economy/inflation-data,real estate sector shows signs of overheating as interest rates fall,11,Governance,0,0,2025,0.0
389,389,389,389,389,2025-02-07,Geopolitical ceasefire prompts a broad market recovery,Wall Street Journal,Worker Strike,DAX,0.81,9.5,Negative,Finance,High,Chevron Corporation,https://timesofindia.indiatimes.com/business/corporate-governance,geopolitical ceasefire prompts a broad market recovery,17,Social,2,1,2025,-1.0
390,390,390,390,390,2025-02-15,,The Hindu Business Line,Human Rights Allegation,CAC 40,-4.45,88.6,Negative,Healthcare,High,Chevron Corporation,https://www.reuters.com/markets/stocks/tech-rally,,19,Social,2,1,2025,-1.0
391,391,391,391,391,2025-06-29,Major oil spill sends energy stocks plummeting,Business Standard,Antitrust Investigation,Dow Jones,2.56,196.97,Neutral,Telecommunications,Low,Intel,https://www.investopedia.com/articles/supply-chain-disruption,major oil spill sends energy stocks plummeting,4,Governance,0,0,2025,0.0
392,392,392,392,392,2025-04-01,China's Shanghai Composite falls after new trade restrictions,Seeking Alpha,Climate Regulation Breach,IBOVESPA,-1.07,177.22,Negative,Aerospace & Defense,High,General Motors,https://www.reuters.com/markets/indices/ftse-100,china's shanghai composite falls after new trade restrictions,2,Environmental,2,1,2025,-1.0
393,393,393,393,393,2025-07-27,Bond yields tumble as investors seek safe havens,Mint,Product Safety Recall,Russell 2000,0.93,140.36,Negative,Retail,High,General Motors,https://timesofindia.indiatimes.com/business/corporate-governance,bond yields tumble as investors seek safe havens,3,Social,2,1,2025,-1.0
394,394,394,394,394,2025-08-14,E-commerce earnings report beats all analyst expectations,Economic Times,Executive Misconduct,Nikkei 225,4.89,437.1,Negative,Automotive,Medium,Lockheed Martin,https://www.business-standard.com/economy/trade-disputes-impact,e commerce earnings report beats all analyst expectations,16,Governance,1,1,2025,-1.0
395,395,395,395,395,2025-06-27,ASX 200 gains on strong export performance,Bloomberg,Product Safety Recall,CAC 40,-4.34,101.83,Neutral,Utilities,Low,Chevron Corporation,https://www.marketwatch.com/story/consumer-goods-report,asx 200 gains on strong export performance,19,Social,0,0,2025,0.0
396,396,396,396,396,2025-02-24,,Reuters,Regulatory Compliance Failure,Dow Jones,-3.29,251.88,Negative,Media & Entertainment,Medium,Apple Inc.,https://timesofindia.indiatimes.com/business/finance/banking-sector-news,,12,Governance,1,1,2025,-1.0
397,397,397,397,397,2025-06-21,Media and Entertainment companies report a surge in streaming revenue,The Motley Fool,Executive Misconduct,Nikkei 225,-1.44,462.34,Neutral,Energy,Medium,Exxon Mobil,https://www.ft.com/content/tech-sector-innovation,media and entertainment companies report a surge in streaming revenue,4,Governance,1,1,2025,0.0
398,398,398,398,398,2025-02-02,Consumer confidence index reaches a decade high,Bloomberg,Regulatory Compliance Failure,S&P 500,3.4,98.14,Negative,Utilities,High,Apple Inc.,,consumer confidence index reaches a decade high,4,Governance,2,1,2025,-1.0
399,399,399,399,399,2025-03-24,Retail sales report surpasses all forecasts,The Hindu Business Line,Antitrust Investigation,KOSPI,-3.64,211.59,Positive,Automotive,Low,General Motors,https://www.ft.com/content/geopolitical-summit,retail sales report surpasses all forecasts,15,Governance,0,0,2025,1.0
400,400,400,400,400,2025-06-06,ASX 200 gains on strong export performance,Yahoo Finance,Regulatory Compliance Failure,IBOVESPA,-1.27,406.25,Negative,Media & Entertainment,High,Exxon Mobil,https://www.moneycontrol.com/us-markets/dow-jones-industrial,asx 200 gains on strong export performance,15,Governance,2,1,2025,-1.0
401,401,401,401,401,2025-05-18,Consumer confidence index reaches a decade high,The Hindu Business Line,Regulatory Compliance Failure,TSX,4.67,293.14,Negative,Media & Entertainment,Low,Lockheed Martin,https://timesofindia.indiatimes.com/business/agriculture-sector,consumer confidence index reaches a decade high,18,Governance,0,0,2025,-1.0
402,402,402,402,402,2025-07-29,New housing data release shows a slowdown in market activity,Barron's,Antitrust Investigation,CAC 40,-4.94,4.55,Negative,Automotive,High,Intel,https://www.ft.com/content/consumer-confidence-report,new housing data release shows a slowdown in market activity,16,Governance,2,1,2025,-1.0
403,403,403,403,403,2025-06-25,Central Bank Governor signals potential shift in policy,Barron's,Regulatory Compliance Failure,Nasdaq Composite,3.98,432.77,Negative,Construction,High,JPMorgan Chase,https://www.bloomberg.com/middle-east/news/bond-market-fluctuation,central bank governor signals potential shift in policy,14,Governance,2,1,2025,-1.0
404,404,404,404,404,2025-02-26,Geopolitical ceasefire prompts a broad market recovery,Forbes,Accounting Fraud Investigation,S&P/TSX Composite,4.67,179.39,Neutral,Construction,Medium,Lockheed Martin,https://www.bloomberg.com/canada/tsunami-warnings,geopolitical ceasefire prompts a broad market recovery,5,Governance,1,1,2025,0.0
405,405,405,405,405,2025-07-02,Automotive industry faces headwinds from rising material costs,Economic Times,Environmental Spill,Dow Jones,2.84,263.88,Positive,Construction,Medium,Microsoft,https://www.business-standard.com/economy/trade-disputes-impact,automotive industry faces headwinds from rising material costs,2,Environmental,1,1,2025,1.0
406,406,406,406,406,2025-04-22,Consumer Discretionary stocks outperform as spending increases,Seeking Alpha,Antitrust Investigation,Shanghai Composite,-1.8,280.11,Negative,Consumer Goods,Low,Exxon Mobil,https://www.bloomberg.com/middle-east/news/bond-market-fluctuation,consumer discretionary stocks outperform as spending increases,11,Governance,0,0,2025,-1.0
407,407,407,407,407,2025-07-18,Automotive industry faces headwinds from rising material costs,Yahoo Finance,Antitrust Investigation,Russell 2000,2.28,177.01,Positive,Construction,Medium,Ford Motor Company,https://www.reuters.com/business/energy/oil-market-update,automotive industry faces headwinds from rising material costs,16,Governance,1,1,2025,1.0
408,408,408,408,408,2025-03-17,Aerospace and Defense sector sees rally amid geopolitical tensions,Times of India,Regulatory Compliance Failure,ASX 200,-2.6,398.85,Neutral,Transportation,Medium,General Motors,https://www.ft.com/content/consumer-confidence-report,aerospace and defense sector sees rally amid geopolitical tensions,6,Governance,1,1,2025,0.0
409,409,409,409,409,2025-04-02,,Investopedia,Human Rights Allegation,Russell 2000,2.19,48.15,,Aerospace & Defense,Low,Lockheed Martin,https://www.forbes.com/finance/geopolitical-event-impact,,19,Social,0,0,2025,
410,410,410,410,410,2025-06-11,Retail sales report surpasses all forecasts,Bloomberg,Antitrust Investigation,S&P/TSX Composite,2.98,249.74,Negative,Consumer Goods,High,Exxon Mobil,https://www.business-standard.com/finance/corporate-earnings,retail sales report surpasses all forecasts,14,Governance,2,1,2025,-1.0
411,411,411,411,411,2025-04-24,Supply chain issues impact manufacturing sector earnings,Mint,Antitrust Investigation,Dow Jones,-0.43,137.07,Negative,Construction,Medium,Ford Motor Company,https://www.business-standard.com/international-business/trade-policy,supply chain issues impact manufacturing sector earnings,5,Governance,1,1,2025,-1.0
412,412,412,412,412,2025-08-01,Bond yields tumble as investors seek safe havens,Seeking Alpha,Accounting Fraud Investigation,DAX,3.35,61.67,,Healthcare,Low,Chevron Corporation,https://www.ft.com/content/currency-devaluation,bond yields tumble as investors seek safe havens,14,Governance,0,0,2025,
413,413,413,413,413,2025-03-30,E-commerce earnings report beats all analyst expectations,The Motley Fool,Executive Misconduct,FTSE 100,-1.97,292.93,Neutral,Energy,Low,Apple Inc.,,e commerce earnings report beats all analyst expectations,10,Governance,0,0,2025,0.0
414,414,414,414,414,2025-07-07,Automotive industry faces headwinds from rising material costs,Seeking Alpha,Accounting Fraud Investigation,CAC 40,-3.83,341.22,Neutral,Technology,Low,Bank of America,,automotive industry faces headwinds from rising material costs,1,Governance,0,0,2025,0.0
415,415,415,415,415,2025-02-02,Government subsidy program gives a lift to the agriculture sector,Yahoo Finance,Product Safety Recall,S&P/TSX Composite,-2.84,388.9,Neutral,Retail,Low,Bank of America,https://www.moneycontrol.com/india/ipo-news/new-firm-launches,government subsidy program gives a lift to the agriculture sector,8,Social,0,0,2025,0.0
416,416,416,416,416,2025-03-03,Financial services stocks rally on strong profit margins,MarketWatch,Regulatory Compliance Failure,Russell 2000,1.73,356.71,Negative,Energy,Medium,Apple Inc.,,financial services stocks rally on strong profit margins,18,Governance,1,1,2025,-1.0
417,417,417,417,417,2025-02-24,Central Bank Governor signals potential shift in policy,Business Standard,Human Rights Allegation,KOSPI,-4.47,424.56,Negative,Technology,High,Microsoft,https://www.business-standard.com/finance/corporate-earnings,central bank governor signals potential shift in policy,17,Social,2,1,2025,-1.0
418,418,418,418,418,2025-04-05,Supply chain issues impact manufacturing sector earnings,CNBC,Accounting Fraud Investigation,S&P/TSX Composite,1.58,348.2,Negative,Energy,High,Lockheed Martin,https://www.cnbc.com/2025/10/real-estate-market-analysis,supply chain issues impact manufacturing sector earnings,9,Governance,2,1,2025,-1.0
419,419,419,419,419,2025-02-15,Unexpected rise in unemployment fuels market pessimism,MarketWatch,Executive Misconduct,Euro Stoxx 50,2.33,57.46,Negative,Industrials,Medium,Bank of America,https://www.cnbc.com/2025/10/real-estate-market-analysis,unexpected rise in unemployment fuels market pessimism,14,Governance,1,1,2025,-1.0
420,420,420,420,420,2025-03-01,Geopolitical ceasefire prompts a broad market recovery,MarketWatch,Water Pollution Incident,KOSPI,-0.26,308.11,Positive,Agriculture,Medium,Apple Inc.,https://www.moneycontrol.com/us-markets/dow-jones-industrial,geopolitical ceasefire prompts a broad market recovery,2,Environmental,1,1,2025,1.0
421,421,421,421,421,2025-03-17,"Global trade talks collapse, causing market turmoil",Investopedia,Executive Misconduct,S&P/TSX Composite,-2.95,383.76,Negative,Telecommunications,Low,Ford Motor Company,https://www.investopedia.com/articles/government-policy-announcement,"global trade talks collapse, causing market turmoil",9,Governance,0,0,2025,-1.0
422,422,422,422,422,2025-03-01,,The Economist,Labor Rights Violation,KOSPI,,43.14,Neutral,Technology,Medium,Apple Inc.,https://economictimes.indiatimes.com/industry/industrials,,17,Social,1,1,2025,0.0
423,423,423,423,423,2025-05-08,E-commerce earnings report beats all analyst expectations,The Economist,Accounting Fraud Investigation,KOSPI,,419.66,Negative,Retail,High,Exxon Mobil,https://www.cnbc.com/2025/09/automotive-industry-trends,e commerce earnings report beats all analyst expectations,1,Governance,2,1,2025,-1.0
424,424,424,424,424,2025-02-14,Central Bank Governor signals potential shift in policy,Reuters,Human Rights Allegation,Nikkei 225,4.24,302.07,Negative,Telecommunications,Medium,JPMorgan Chase,https://www.cnbc.com/2025/08/russia-ukraine-war-economic-impact,central bank governor signals potential shift in policy,8,Social,1,1,2025,-1.0
425,425,425,425,425,2025-03-15,UK's FTSE 100 sees a boost from favorable trade data,Wall Street Journal,Product Safety Recall,Hang Seng,-2.44,13.29,Positive,Telecommunications,Medium,Ford Motor Company,https://economictimes.indiatimes.com/stocks/bse-sensex-plunges,uk's ftse 100 sees a boost from favorable trade data,8,Social,1,1,2025,1.0
426,426,426,426,426,2025-06-03,Major technology firm acquires a smaller rival in a multi-billion dollar deal,Bloomberg,Accounting Fraud Investigation,TSX,0.02,235.84,Negative,Healthcare,Low,Microsoft,https://www.reuters.com/business/energy/oil-market-update,major technology firm acquires a smaller rival in a multi billion dollar deal,18,Governance,0,0,2025,-1.0
427,427,427,427,427,2025-05-25,Market braces for a major policy announcement from the EU,Seeking Alpha,Accounting Fraud Investigation,S&P 500,0.61,286.49,Positive,Pharmaceuticals,Medium,General Motors,https://www.moneycontrol.com/us-markets/nasdaq-composite,market braces for a major policy announcement from the eu,16,Governance,1,1,2025,1.0
428,428,428,428,428,2025-06-30,New housing data release shows a slowdown in market activity,Barron's,Labor Rights Violation,NSE Nifty,1.89,450.92,Positive,Media & Entertainment,Low,Bank of America,https://www.cnbc.com/2025/11/major-merger-deal-approved,new housing data release shows a slowdown in market activity,19,Social,0,0,2025,1.0
429,429,429,429,429,2025-06-06,Government spending bill is expected to stimulate the economy,The Motley Fool,Antitrust Investigation,BSE Sensex,0.32,172.03,Negative,Industrials,High,Exxon Mobil,https://www.investopedia.com/articles/government-policy-announcement,government spending bill is expected to stimulate the economy,12,Governance,2,1,2025,-1.0
430,430,430,430,430,2025-02-26,Federal Reserve Chairman's speech causes market volatility,Seeking Alpha,Accounting Fraud Investigation,NSE Nifty,1.89,452.29,Negative,Healthcare,Medium,General Motors,https://www.forbes.com/crypto/cryptocurrency-regulation,federal reserve chairman's speech causes market volatility,5,Governance,1,1,2025,-1.0
431,431,431,431,431,2025-06-16,Consumer Discretionary stocks outperform as spending increases,Times of India,Product Safety Recall,ASX 200,-2.77,401.87,Neutral,Automotive,Medium,Bank of America,,consumer discretionary stocks outperform as spending increases,17,Social,1,1,2025,0.0
432,432,432,432,432,2025-04-10,Government spending bill is expected to stimulate the economy,The Hindu Business Line,Executive Misconduct,NSE Nifty,-4.0,229.86,Negative,Pharmaceuticals,High,Ford Motor Company,https://www.business-standard.com/economy/economic-stimulus,government spending bill is expected to stimulate the economy,9,Governance,2,1,2025,-1.0
433,433,433,433,433,2025-06-13,Tech Giant's New Product Launch Sparks Sector-Wide Gains,Barron's,Executive Misconduct,BSE Sensex,1.64,373.02,Positive,Consumer Goods,Medium,Bank of America,https://economictimes.indiatimes.com/news/economy/unemployment-rate,tech giant's new product launch sparks sector wide gains,5,Governance,1,1,2025,1.0
434,434,434,434,434,2025-02-18,,Investopedia,Executive Misconduct,FTSE 100,-3.87,36.58,Neutral,Media & Entertainment,Low,Ford Motor Company,https://www.investopedia.com/articles/government-policy-announcement,,9,Governance,0,0,2025,0.0
435,435,435,435,435,2025-05-10,Healthcare stocks gain on robust demand and strong outlook,Forbes,Regulatory Compliance Failure,Euro Stoxx 50,2.36,404.0,Negative,Energy,High,Exxon Mobil,https://www.ft.com/content/media-entertainment-merger,healthcare stocks gain on robust demand and strong outlook,5,Governance,2,1,2025,-1.0
436,436,436,436,436,2025-06-01,Financial sector bracing for new capital requirements,Economic Times,Antitrust Investigation,Hang Seng,2.59,308.52,Negative,Technology,High,Lockheed Martin,,financial sector bracing for new capital requirements,7,Governance,2,1,2025,-1.0
437,437,437,437,437,2025-05-22,A massive data breach sends a tech company's stock tumbling,Economic Times,Environmental Spill,Nasdaq Composite,3.62,481.19,Negative,Agriculture,High,Intel,https://www.forbes.com/finance/geopolitical-event-impact,a massive data breach sends a tech company's stock tumbling,2,Environmental,2,1,2025,-1.0
438,438,438,438,438,2025-08-10,Financial sector bracing for new capital requirements,Times of India,Human Rights Allegation,DAX,2.08,419.18,Positive,Energy,Medium,Intel,,financial sector bracing for new capital requirements,3,Social,1,1,2025,1.0
439,439,439,439,439,2025-07-22,Tech Giant's New Product Launch Sparks Sector-Wide Gains,Yahoo Finance,Antitrust Investigation,Nikkei 225,-2.42,233.65,Negative,Materials,High,Exxon Mobil,https://timesofindia.indiatimes.com/business/markets/stock-market-crash,tech giant's new product launch sparks sector wide gains,16,Governance,2,1,2025,-1.0
440,440,440,440,440,2025-07-27,Supply chain issues impact manufacturing sector earnings,CNBC,Environmental Spill,Nikkei 225,-3.47,420.36,Negative,Real Estate,Low,General Motors,https://www.business-standard.com/economy/economic-stimulus,supply chain issues impact manufacturing sector earnings,2,Environmental,0,0,2025,-1.0
441,441,441,441,441,2025-05-30,Federal Reserve Chairman's speech causes market volatility,Seeking Alpha,Executive Misconduct,Euro Stoxx 50,-2.02,22.26,Neutral,Materials,Low,Exxon Mobil,https://www.cnbc.com/2025/11/major-merger-deal-approved,federal reserve chairman's speech causes market volatility,10,Governance,0,0,2025,0.0
442,442,442,442,442,2025-04-11,Supply chain issues impact manufacturing sector earnings,Bloomberg,Executive Misconduct,FTSE 100,0.45,473.06,Neutral,Industrials,Medium,Chevron Corporation,https://www.wsj.com/japan/economic-data-release,supply chain issues impact manufacturing sector earnings,9,Governance,1,1,2025,0.0
443,443,443,443,443,2025-04-28,Utilities sector remains stable during market fluctuations,Mint,Antitrust Investigation,TSX,2.38,90.55,Negative,Utilities,Low,JPMorgan Chase,https://www.moneycontrol.com/us-markets/sp-500,utilities sector remains stable during market fluctuations,10,Governance,0,0,2025,-1.0
444,444,444,444,444,2025-07-07,Media and Entertainment companies report a surge in streaming revenue,Yahoo Finance,Accounting Fraud Investigation,Hang Seng,-3.2,298.21,Neutral,Transportation,Low,Lockheed Martin,https://www.moneycontrol.com/india/ipo-news/new-firm-launches,media and entertainment companies report a surge in streaming revenue,10,Governance,0,0,2025,0.0
445,445,445,445,445,2025-07-10,Manufacturing PMI data signals economic expansion,Bloomberg,Climate Regulation Breach,CAC 40,4.55,100.72,Negative,Telecommunications,Medium,Intel,https://www.moneycontrol.com/us-markets/sp-500,manufacturing pmi data signals economic expansion,2,Environmental,1,1,2025,-1.0
446,446,446,446,446,2025-07-26,Banking stocks dip after a major scandal is revealed,Seeking Alpha,Regulatory Compliance Failure,CAC 40,-2.35,206.25,Negative,Utilities,High,Microsoft,https://www.bloomberg.com/canada/tsunami-warnings,banking stocks dip after a major scandal is revealed,18,Governance,2,1,2025,-1.0
447,447,447,447,447,2025-07-31,,MarketWatch,Antitrust Investigation,CAC 40,0.57,151.84,Negative,Utilities,Low,Chevron Corporation,https://timesofindia.indiatimes.com/business/corporate-governance,,5,Governance,0,0,2025,-1.0
448,448,448,448,448,2025-07-25,Nikkei 225 index benefits from a weaker yen,Times of India,Executive Misconduct,Shanghai Composite,4.81,4.96,Negative,Healthcare,High,Chevron Corporation,https://www.reuters.com/business/energy/oil-market-update,nikkei 225 index benefits from a weaker yen,0,Governance,2,1,2025,-1.0
449,449,449,449,449,2025-06-02,Tech Giant's New Product Launch Sparks Sector-Wide Gains,CNBC,Worker Strike,S&P/TSX Composite,0.82,489.45,Negative,Utilities,Low,Exxon Mobil,https://www.investopedia.com/articles/supply-chain-disruption,tech giant's new product launch sparks sector wide gains,8,Social,0,0,2025,-1.0
450,450,450,450,450,2025-07-05,Massive stock buyback program announced by a consumer goods company,The Hindu Business Line,Antitrust Investigation,TSX,3.8,450.52,Negative,Energy,High,Ford Motor Company,,massive stock buyback program announced by a consumer goods company,12,Governance,2,1,2025,-1.0
451,451,451,451,451,2025-06-04,"Global trade talks collapse, causing market turmoil",Forbes,Antitrust Investigation,S&P/TSX Composite,-4.01,280.19,Positive,Automotive,Medium,Microsoft,https://www.business-standard.com/economy/economic-stimulus,"global trade talks collapse, causing market turmoil",11,Governance,1,1,2025,1.0
452,452,452,452,452,2025-04-01,Merger talks between two banks fall through,The Motley Fool,Labor Rights Violation,S&P 500,1.47,437.35,Negative,Technology,High,Microsoft,https://www.wsj.com/europe/dax-performance,merger talks between two banks fall through,3,Social,2,1,2025,-1.0
453,453,453,453,453,2025-02-14,Federal Reserve Chairman's speech causes market volatility,Financial Times,Antitrust Investigation,CAC 40,-3.48,489.49,Neutral,Real Estate,Medium,JPMorgan Chase,https://www.cnbc.com/2025/08/russia-ukraine-war-economic-impact,federal reserve chairman's speech causes market volatility,11,Governance,1,1,2025,0.0
454,454,454,454,454,2025-06-01,Market sentiment turns positive on vaccine trial results,Mint,Antitrust Investigation,Hang Seng,2.53,400.43,Neutral,Healthcare,Low,JPMorgan Chase,https://timesofindia.indiatimes.com/business/finance/banking-sector-news,market sentiment turns positive on vaccine trial results,5,Governance,0,0,2025,0.0
455,455,455,455,455,2025-04-24,Government policy shift boosts renewable energy sector,Financial Times,Executive Misconduct,Dow Jones,3.97,302.32,Neutral,Utilities,Low,Bank of America,https://www.wsj.com/europe/regulatory-changes,government policy shift boosts renewable energy sector,13,Governance,0,0,2025,0.0
456,456,456,456,456,2025-06-28,Supply chain issues impact manufacturing sector earnings,Forbes,Accounting Fraud Investigation,Hang Seng,-3.79,487.93,Negative,Healthcare,High,Ford Motor Company,https://www.forbes.com/crypto/cryptocurrency-regulation,supply chain issues impact manufacturing sector earnings,0,Governance,2,1,2025,-1.0
457,457,457,457,457,2025-07-19,Quarterly report shows surprising losses for retail giants,Yahoo Finance,Executive Misconduct,S&P 500,3.2,211.65,Positive,Aerospace & Defense,Low,Microsoft,https://timesofindia.indiatimes.com/business/agriculture-sector,quarterly report shows surprising losses for retail giants,13,Governance,0,0,2025,1.0
458,458,458,458,458,2025-05-23,Central Bank's dovish tone hints at future rate cuts,Wall Street Journal,Accounting Fraud Investigation,Hang Seng,-1.33,194.31,Positive,Retail,Low,Chevron Corporation,https://www.investopedia.com/articles/government-policy-announcement,central bank's dovish tone hints at future rate cuts,5,Governance,0,0,2025,1.0
459,459,459,459,459,2025-03-08,Nikkei 225 index benefits from a weaker yen,MarketWatch,Antitrust Investigation,Shanghai Composite,-2.6,76.42,Positive,Healthcare,Low,Bank of America,https://www.wsj.com/japan/economic-data-release,nikkei 225 index benefits from a weaker yen,16,Governance,0,0,2025,1.0
460,460,460,460,460,2025-07-04,ASX 200 gains on strong export performance,Times of India,Antitrust Investigation,ASX 200,2.95,433.44,Positive,Media & Entertainment,Low,General Motors,https://www.ft.com/content/tech-sector-innovation,asx 200 gains on strong export performance,14,Governance,0,0,2025,1.0
461,461,461,461,461,2025-05-20,Massive stock buyback program announced by a consumer goods company,Forbes,Regulatory Compliance Failure,Dow Jones,1.41,244.08,Neutral,Energy,Low,Exxon Mobil,https://www.cnbc.com/2025/10/real-estate-market-analysis,massive stock buyback program announced by a consumer goods company,6,Governance,0,0,2025,0.0
462,462,462,462,462,2025-03-25,Banking stocks dip after a major scandal is revealed,Investopedia,Antitrust Investigation,DAX,-2.71,197.68,Positive,Construction,Medium,Microsoft,https://www.cnbc.com/2025/10/real-estate-market-analysis,banking stocks dip after a major scandal is revealed,9,Governance,1,1,2025,1.0
463,463,463,463,463,2025-06-01,A massive data breach sends a tech company's stock tumbling,Financial Times,Human Rights Allegation,NSE Nifty,-2.28,329.24,Neutral,Retail,Low,Lockheed Martin,https://timesofindia.indiatimes.com/business/finance/banking-sector-news,a massive data breach sends a tech company's stock tumbling,19,Social,0,0,2025,0.0
464,464,464,464,464,2025-07-13,Energy company's dividend hike excites shareholders,The Motley Fool,Regulatory Compliance Failure,IBOVESPA,-3.38,23.53,Positive,Technology,Low,Bank of America,https://economictimes.indiatimes.com/stocks/bse-sensex-plunges,energy company's dividend hike excites shareholders,5,Governance,0,0,2025,1.0
465,465,465,465,465,2025-04-18,Dow Jones plunges as market fears recession,Barron's,Human Rights Allegation,DAX,4.51,467.61,Negative,Finance,High,Bank of America,https://economictimes.indiatimes.com/industry/industrials,dow jones plunges as market fears recession,19,Social,2,1,2025,-1.0
466,466,466,466,466,2025-03-19,,Business Standard,Regulatory Compliance Failure,BSE Sensex,2.49,300.53,,Aerospace & Defense,Medium,Ford Motor Company,https://www.bloomberg.com/asia/telecommunications-news,,7,Governance,1,1,2025,
467,467,467,467,467,2025-07-30,Unexpected rise in unemployment fuels market pessimism,The Hindu Business Line,Regulatory Compliance Failure,TSX,,376.0,,Media & Entertainment,Low,Chevron Corporation,https://www.reuters.com/markets/indices/nikkei-225,unexpected rise in unemployment fuels market pessimism,5,Governance,0,0,2025,
468,468,468,468,468,2025-03-25,Major oil spill sends energy stocks plummeting,Reuters,Water Pollution Incident,NSE Nifty,-2.49,221.23,Negative,Industrials,High,Lockheed Martin,https://www.bloomberg.com/canada/tsunami-warnings,major oil spill sends energy stocks plummeting,2,Environmental,2,1,2025,-1.0
469,469,469,469,469,2025-03-03,ASX 200 gains on strong export performance,Bloomberg,Antitrust Investigation,KOSPI,-2.61,317.24,Negative,Retail,Low,Intel,https://www.business-standard.com/international-business/trade-policy,asx 200 gains on strong export performance,11,Governance,0,0,2025,-1.0
470,470,470,470,470,2025-05-13,New regulations on cryptocurrencies cause a market dip,Wall Street Journal,Worker Strike,S&P 500,-3.11,325.88,Negative,Real Estate,Low,Microsoft,https://www.wsj.com/china/market-regulation,new regulations on cryptocurrencies cause a market dip,8,Social,0,0,2025,-1.0
471,471,471,471,471,2025-04-18,,Business Standard,Labor Rights Violation,BSE Sensex,-2.68,52.86,Neutral,Construction,Medium,Lockheed Martin,https://www.bloomberg.com/canada/tsunami-warnings,,8,Social,1,1,2025,0.0
472,472,472,472,472,2025-04-09,Automotive industry faces headwinds from rising material costs,Investopedia,Regulatory Compliance Failure,Shanghai Composite,-4.56,257.05,Neutral,Agriculture,Low,Apple Inc.,https://www.reuters.com/markets/indices/nikkei-225,automotive industry faces headwinds from rising material costs,1,Governance,0,0,2025,0.0
473,473,473,473,473,2025-06-27,A massive data breach sends a tech company's stock tumbling,Wall Street Journal,Executive Misconduct,Dow Jones,-4.0,246.33,Negative,Technology,High,Bank of America,https://www.reuters.com/markets/stocks/tech-rally,a massive data breach sends a tech company's stock tumbling,12,Governance,2,1,2025,-1.0
474,474,474,474,474,2025-05-28,Central Bank's dovish tone hints at future rate cuts,CNBC,Worker Strike,Russell 2000,2.85,221.29,Negative,Technology,Medium,Intel,https://www.moneycontrol.com/india/ipo-news/new-firm-launches,central bank's dovish tone hints at future rate cuts,19,Social,1,1,2025,-1.0
475,475,475,475,475,2025-06-05,Federal Reserve Chairman's speech causes market volatility,The Economist,Executive Misconduct,ASX 200,3.22,496.44,Negative,Telecommunications,Medium,General Motors,,federal reserve chairman's speech causes market volatility,6,Governance,1,1,2025,-1.0
476,476,476,476,476,2025-02-18,Major oil spill sends energy stocks plummeting,The Motley Fool,Antitrust Investigation,S&P 500,1.73,261.37,Positive,Industrials,Low,Apple Inc.,https://www.bloomberg.com/australia/asx-200-performance,major oil spill sends energy stocks plummeting,1,Governance,0,0,2025,1.0
477,477,477,477,477,2025-06-24,Healthcare stocks gain on robust demand and strong outlook,Mint,Labor Rights Violation,Shanghai Composite,4.66,391.76,Neutral,Materials,Medium,Chevron Corporation,https://www.forbes.com/finance/geopolitical-event-impact,healthcare stocks gain on robust demand and strong outlook,3,Social,1,1,2025,0.0
478,478,478,478,478,2025-08-02,Merger talks between two banks fall through,Times of India,Executive Misconduct,FTSE 100,0.42,352.69,Positive,Transportation,Low,Lockheed Martin,https://www.wsj.com/europe/regulatory-changes,merger talks between two banks fall through,6,Governance,0,0,2025,1.0
479,479,479,479,479,2025-03-29,Market sentiment turns positive on vaccine trial results,Bloomberg,Regulatory Compliance Failure,S&P 500,-0.53,113.51,Positive,Technology,Medium,Lockheed Martin,https://www.business-standard.com/economy/inflation-data,market sentiment turns positive on vaccine trial results,0,Governance,1,1,2025,1.0
480,480,480,480,480,2025-02-23,Healthcare stocks gain on robust demand and strong outlook,Economic Times,Product Safety Recall,BSE Sensex,3.26,415.27,Neutral,Energy,Medium,Apple Inc.,https://www.wsj.com/china/market-regulation,healthcare stocks gain on robust demand and strong outlook,3,Social,1,1,2025,0.0
481,481,481,481,481,2025-05-26,"Global trade talks collapse, causing market turmoil",The Hindu Business Line,Regulatory Compliance Failure,Dow Jones,,3.07,Negative,Retail,Low,Lockheed Martin,https://www.bloomberg.com/asia/policy/central-bank-meeting,"global trade talks collapse, causing market turmoil",6,Governance,0,0,2025,-1.0
482,482,482,482,482,2025-05-15,New housing data release shows a slowdown in market activity,Bloomberg,Regulatory Compliance Failure,FTSE 100,-1.98,115.72,Negative,Technology,High,Lockheed Martin,https://www.bloomberg.com/middle-east/news/bond-market-fluctuation,new housing data release shows a slowdown in market activity,15,Governance,2,1,2025,-1.0
483,483,483,483,483,2025-06-12,Gold prices surge as investors flee riskier assets,The Economist,Accounting Fraud Investigation,Hang Seng,-4.87,157.45,Negative,Transportation,High,Intel,https://economictimes.indiatimes.com/industry/industrials,gold prices surge as investors flee riskier assets,4,Governance,2,1,2025,-1.0
484,484,484,484,484,2025-07-31,Consumer Discretionary stocks outperform as spending increases,Forbes,Environmental Spill,Shanghai Composite,-3.78,362.37,Negative,Real Estate,High,Lockheed Martin,https://www.ft.com/content/consumer-confidence-report,consumer discretionary stocks outperform as spending increases,2,Environmental,2,1,2025,-1.0
485,485,485,485,485,2025-08-04,Real Estate sector shows signs of overheating as interest rates fall,Financial Times,Executive Misconduct,Nasdaq Composite,-4.8,154.0,Neutral,Aerospace & Defense,Low,Apple Inc.,https://www.bloomberg.com/asia/telecommunications-news,real estate sector shows signs of overheating as interest rates fall,9,Governance,0,0,2025,0.0
486,486,486,486,486,2025-04-05,Mining company stock surges on commodity price boom,Wall Street Journal,Labor Rights Violation,Dow Jones,3.43,191.27,Negative,Consumer Goods,High,Exxon Mobil,https://www.wsj.com/europe/regulatory-changes,mining company stock surges on commodity price boom,3,Social,2,1,2025,-1.0
487,487,487,487,487,2025-04-19,New housing data release shows a slowdown in market activity,Investopedia,Accounting Fraud Investigation,ASX 200,-0.58,418.65,Neutral,Technology,Low,Chevron Corporation,https://www.bloomberg.com/middle-east/news/bond-market-fluctuation,new housing data release shows a slowdown in market activity,9,Governance,0,0,2025,0.0
488,488,488,488,488,2025-07-07,ASX 200 gains on strong export performance,The Hindu Business Line,Product Safety Recall,BSE Sensex,1.55,320.05,Negative,Real Estate,Low,Chevron Corporation,https://www.moneycontrol.com/india/ipo-news/new-firm-launches,asx 200 gains on strong export performance,19,Social,0,0,2025,-1.0
489,489,489,489,489,2025-02-19,New regulations on cryptocurrencies cause a market dip,CNBC,Accounting Fraud Investigation,DAX,-4.98,2.69,Neutral,Pharmaceuticals,Low,Apple Inc.,https://timesofindia.indiatimes.com/business/markets/stock-market-crash,new regulations on cryptocurrencies cause a market dip,10,Governance,0,0,2025,0.0
490,490,490,490,490,2025-07-28,Geopolitical ceasefire prompts a broad market recovery,Forbes,Executive Misconduct,Russell 2000,-2.25,185.73,Negative,Consumer Goods,Medium,Microsoft,https://www.moneycontrol.com/us-markets/sp-500,geopolitical ceasefire prompts a broad market recovery,7,Governance,1,1,2025,-1.0
491,491,491,491,491,2025-08-08,Government spending bill is expected to stimulate the economy,Times of India,Antitrust Investigation,ASX 200,3.76,321.25,Negative,Telecommunications,High,Chevron Corporation,https://www.bloomberg.com/canada/tsunami-warnings,government spending bill is expected to stimulate the economy,18,Governance,2,1,2025,-1.0
492,492,492,492,492,2025-04-16,Financial services stocks rally on strong profit margins,Business Standard,Regulatory Compliance Failure,Hang Seng,-2.15,252.44,Negative,Construction,High,Microsoft,https://www.bloomberg.com/asia/telecommunications-news,financial services stocks rally on strong profit margins,7,Governance,2,1,2025,-1.0
493,493,493,493,493,2025-07-16,Bond yields tumble as investors seek safe havens,Reuters,Regulatory Compliance Failure,BSE Sensex,1.1,213.54,,Automotive,Medium,General Motors,https://www.business-standard.com/economy/inflation-data,bond yields tumble as investors seek safe havens,11,Governance,1,1,2025,
494,494,494,494,494,2025-02-22,E-commerce earnings report beats all analyst expectations,The Hindu Business Line,Antitrust Investigation,Shanghai Composite,,223.81,Negative,Aerospace & Defense,High,Microsoft,https://www.moneycontrol.com/us-markets/nasdaq-composite,e commerce earnings report beats all analyst expectations,1,Governance,2,1,2025,-1.0
495,495,495,495,495,2025-04-07,Government subsidy program gives a lift to the agriculture sector,The Motley Fool,Antitrust Investigation,KOSPI,0.21,16.37,Positive,Telecommunications,Medium,Microsoft,https://economictimes.indiatimes.com/stocks/bse-sensex-plunges,government subsidy program gives a lift to the agriculture sector,4,Governance,1,1,2025,1.0
496,496,496,496,496,2025-02-18,UK's FTSE 100 sees a boost from favorable trade data,The Hindu Business Line,Executive Misconduct,Nasdaq Composite,-1.21,135.14,Neutral,Aerospace & Defense,Medium,Chevron Corporation,https://www.cnbc.com/2025/11/major-merger-deal-approved,uk's ftse 100 sees a boost from favorable trade data,5,Governance,1,1,2025,0.0
497,497,497,497,497,2025-02-22,Federal Reserve Chairman's speech causes market volatility,Investopedia,Regulatory Compliance Failure,DAX,0.77,432.06,Positive,Agriculture,Low,General Motors,https://www.investopedia.com/articles/supply-chain-disruption,federal reserve chairman's speech causes market volatility,1,Governance,0,0,2025,1.0
498,498,498,498,498,2025-07-13,Semiconductor shortages weigh heavily on tech sector profits,Forbes,Accounting Fraud Investigation,Dow Jones,-1.47,153.63,Neutral,Pharmaceuticals,Medium,General Motors,https://www.wsj.com/china/market-regulation,semiconductor shortages weigh heavily on tech sector profits,14,Governance,1,1,2025,0.0
499,499,499,499,499,2025-05-06,Geopolitical ceasefire prompts a broad market recovery,Financial Times,Accounting Fraud Investigation,Russell 2000,2.91,205.65,Negative,Automotive,Low,Lockheed Martin,https://www.business-standard.com/finance/corporate-earnings,geopolitical ceasefire prompts a broad market recovery,11,Governance,0,0,2025,-1.0
500,500,500,500,500,2025-07-12,Consumer confidence index reaches a decade high,Business Standard,Regulatory Compliance Failure,NSE Nifty,1.31,259.1,Negative,Materials,High,General Motors,https://www.bloomberg.com/asia/policy/central-bank-meeting,consumer confidence index reaches a decade high,18,Governance,2,1,2025,-1.0
501,501,501,501,501,2025-08-09,New regulations on cryptocurrencies cause a market dip,The Economist,Product Safety Recall,KOSPI,4.12,9.7,Negative,Automotive,Low,General Motors,https://www.moneycontrol.com/india/ipo-news/new-firm-launches,new regulations on cryptocurrencies cause a market dip,8,Social,0,0,2025,-1.0
502,502,502,502,502,2025-07-20,Central bank maintains status quo on interest rates,CNBC,Product Safety Recall,BSE Sensex,-3.06,7.65,Negative,Real Estate,High,Apple Inc.,,central bank maintains status quo on interest rates,3,Social,2,1,2025,-1.0
503,503,503,503,503,2025-07-29,Massive stock buyback program announced by a consumer goods company,Bloomberg,Human Rights Allegation,S&P/TSX Composite,-0.29,499.29,Negative,Finance,Medium,Microsoft,https://www.forbes.com/crypto/cryptocurrency-regulation,massive stock buyback program announced by a consumer goods company,3,Social,1,1,2025,-1.0
504,504,504,504,504,2025-08-07,Major technology firm acquires a smaller rival in a multi-billion dollar deal,Reuters,Environmental Spill,Euro Stoxx 50,-2.59,109.55,Neutral,Construction,Low,Bank of America,https://www.business-standard.com/economy/economic-stimulus,major technology firm acquires a smaller rival in a multi billion dollar deal,2,Environmental,0,0,2025,0.0
505,505,505,505,505,2025-06-22,Tech Giant's New Product Launch Sparks Sector-Wide Gains,Forbes,Regulatory Compliance Failure,Nikkei 225,-4.54,268.34,Negative,Industrials,High,Lockheed Martin,https://www.bloomberg.com/middle-east/news/bond-market-fluctuation,tech giant's new product launch sparks sector wide gains,12,Governance,2,1,2025,-1.0
506,506,506,506,506,2025-05-11,"Global trade talks collapse, causing market turmoil",Financial Times,Regulatory Compliance Failure,IBOVESPA,4.51,219.41,Neutral,Utilities,Low,Apple Inc.,https://www.wsj.com/china/market-rally,"global trade talks collapse, causing market turmoil",18,Governance,0,0,2025,0.0
507,507,507,507,507,2025-07-07,Financial services stocks rally on strong profit margins,Wall Street Journal,Executive Misconduct,DAX,2.84,46.39,Negative,Finance,High,Intel,https://www.investopedia.com/articles/supply-chain-disruption,financial services stocks rally on strong profit margins,7,Governance,2,1,2025,-1.0
508,508,508,508,508,2025-04-08,Consumer Discretionary stocks outperform as spending increases,Investopedia,Regulatory Compliance Failure,KOSPI,,9.3,Negative,Utilities,High,Exxon Mobil,https://www.reuters.com/business/retail-sector-earnings,consumer discretionary stocks outperform as spending increases,4,Governance,2,1,2025,-1.0
509,509,509,509,509,2025-04-29,Financial sector bracing for new capital requirements,Investopedia,Labor Rights Violation,Euro Stoxx 50,-4.91,231.85,Negative,Healthcare,Medium,Intel,https://www.wsj.com/china/market-regulation,financial sector bracing for new capital requirements,3,Social,1,1,2025,-1.0
510,510,510,510,510,2025-08-06,New IPO for a popular software firm is oversubscribed,MarketWatch,Human Rights Allegation,Euro Stoxx 50,-2.99,439.62,Neutral,Aerospace & Defense,Medium,General Motors,https://www.reuters.com/markets/indices/nikkei-225,new ipo for a popular software firm is oversubscribed,3,Social,1,1,2025,0.0
511,511,511,511,511,2025-07-10,New housing data release shows a slowdown in market activity,Business Standard,Antitrust Investigation,S&P/TSX Composite,-3.46,137.69,Neutral,Automotive,Medium,Intel,https://www.moneycontrol.com/us-markets/nasdaq-composite,new housing data release shows a slowdown in market activity,4,Governance,1,1,2025,0.0
512,512,512,512,512,2025-03-08,Geopolitical ceasefire prompts a broad market recovery,The Hindu Business Line,Executive Misconduct,FTSE 100,-2.87,5.12,Negative,Utilities,High,Bank of America,https://www.reuters.com/markets/indices/ftse-100,geopolitical ceasefire prompts a broad market recovery,15,Governance,2,1,2025,-1.0
513,513,513,513,513,2025-03-17,Major oil spill sends energy stocks plummeting,Barron's,Human Rights Allegation,IBOVESPA,1.25,481.59,Negative,Utilities,High,General Motors,https://www.theeconomist.com/world/government-policy-announcement,major oil spill sends energy stocks plummeting,8,Social,2,1,2025,-1.0
514,514,514,514,514,2025-07-28,Banking stocks dip after a major scandal is revealed,The Hindu Business Line,Regulatory Compliance Failure,S&P 500,2.2,384.45,Neutral,Telecommunications,Low,JPMorgan Chase,https://timesofindia.indiatimes.com/business/finance/banking-sector-news,banking stocks dip after a major scandal is revealed,15,Governance,0,0,2025,0.0
515,515,515,515,515,2025-05-05,New regulations on cryptocurrencies cause a market dip,Wall Street Journal,Product Safety Recall,S&P 500,0.43,269.18,Neutral,Automotive,Medium,JPMorgan Chase,https://www.reuters.com/markets/stocks/tech-rally,new regulations on cryptocurrencies cause a market dip,8,Social,1,1,2025,0.0
516,516,516,516,516,2025-05-07,Tech Giant's New Product Launch Sparks Sector-Wide Gains,Investopedia,Regulatory Compliance Failure,Hang Seng,-0.58,337.44,Negative,Utilities,Low,Microsoft,https://www.business-standard.com/finance/corporate-earnings,tech giant's new product launch sparks sector wide gains,13,Governance,0,0,2025,-1.0
517,517,517,517,517,2025-05-18,,Barron's,Antitrust Investigation,Russell 2000,4.29,168.58,Negative,Utilities,High,Lockheed Martin,https://timesofindia.indiatimes.com/business/finance/banking-sector-news,,1,Governance,2,1,2025,-1.0
518,518,518,518,518,2025-03-21,Dow Jones plunges as market fears recession,Investopedia,Accounting Fraud Investigation,Euro Stoxx 50,1.93,45.59,Neutral,Agriculture,Low,Intel,https://economictimes.indiatimes.com/industry/industrials,dow jones plunges as market fears recession,18,Governance,0,0,2025,0.0
519,519,519,519,519,2025-05-02,Crude oil prices drop to a multi-year low,Times of India,Executive Misconduct,Nasdaq Composite,-1.83,336.84,Negative,Transportation,High,General Motors,https://www.ft.com/content/geopolitical-summit,crude oil prices drop to a multi year low,10,Governance,2,1,2025,-1.0
520,520,520,520,520,2025-06-26,ASX 200 gains on strong export performance,The Hindu Business Line,Executive Misconduct,Euro Stoxx 50,-4.13,457.84,Positive,Utilities,Medium,Apple Inc.,https://www.bloomberg.com/middle-east/news/bond-market-fluctuation,asx 200 gains on strong export performance,9,Governance,1,1,2025,1.0
521,521,521,521,521,2025-07-21,Tech Giant's New Product Launch Sparks Sector-Wide Gains,Economic Times,Human Rights Allegation,Hang Seng,1.96,415.11,Positive,Real Estate,Medium,General Motors,,tech giant's new product launch sparks sector wide gains,3,Social,1,1,2025,1.0
522,522,522,522,522,2025-06-19,UK's FTSE 100 sees a boost from favorable trade data,CNBC,Accounting Fraud Investigation,Nasdaq Composite,0.14,216.05,Negative,Construction,High,Lockheed Martin,https://www.bloomberg.com/middle-east/news/bond-market-fluctuation,uk's ftse 100 sees a boost from favorable trade data,15,Governance,2,1,2025,-1.0
523,523,523,523,523,2025-07-17,Major oil spill sends energy stocks plummeting,Financial Times,Regulatory Compliance Failure,TSX,1.63,396.65,Negative,Consumer Goods,Medium,Bank of America,https://www.moneycontrol.com/us-markets/sp-500,major oil spill sends energy stocks plummeting,18,Governance,1,1,2025,-1.0
524,524,524,524,524,2025-02-04,Utilities sector remains stable during market fluctuations,Reuters,Human Rights Allegation,Russell 2000,2.94,422.51,Positive,Retail,Low,Microsoft,https://www.marketwatch.com/story/consumer-goods-report,utilities sector remains stable during market fluctuations,19,Social,0,0,2025,1.0
525,525,525,525,525,2025-07-20,Automotive industry faces headwinds from rising material costs,Wall Street Journal,Worker Strike,KOSPI,2.02,389.45,Negative,Telecommunications,High,Exxon Mobil,https://www.wsj.com/europe/regulatory-changes,automotive industry faces headwinds from rising material costs,17,Social,2,1,2025,-1.0
526,526,526,526,526,2025-08-06,Merger talks between two banks fall through,Financial Times,Human Rights Allegation,Hang Seng,-0.67,296.45,,Materials,Medium,Apple Inc.,https://www.moneycontrol.com/india/ipo-news/new-firm-launches,merger talks between two banks fall through,8,Social,1,1,2025,
527,527,527,527,527,2025-05-07,New housing data release shows a slowdown in market activity,Barron's,Antitrust Investigation,S&P 500,-2.32,34.0,Negative,Consumer Goods,Low,Exxon Mobil,https://www.ft.com/content/currency-devaluation,new housing data release shows a slowdown in market activity,9,Governance,0,0,2025,-1.0
528,528,528,528,528,2025-02-09,Financial services stocks rally on strong profit margins,Business Standard,Executive Misconduct,Shanghai Composite,-1.97,427.45,Negative,Pharmaceuticals,High,Intel,,financial services stocks rally on strong profit margins,0,Governance,2,1,2025,-1.0
529,529,529,529,529,2025-06-24,Media and Entertainment companies report a surge in streaming revenue,Economic Times,Executive Misconduct,Hang Seng,3.77,8.34,Negative,Aerospace & Defense,High,Apple Inc.,https://www.investopedia.com/articles/supply-chain-disruption,media and entertainment companies report a surge in streaming revenue,11,Governance,2,1,2025,-1.0
530,530,530,530,530,2025-02-25,Media and Entertainment companies report a surge in streaming revenue,Financial Times,Executive Misconduct,Nikkei 225,0.07,462.64,Neutral,Automotive,Low,Intel,https://www.reuters.com/business/retail-sector-earnings,media and entertainment companies report a surge in streaming revenue,6,Governance,0,0,2025,0.0
531,531,531,531,531,2025-05-07,Record-high inflation data rattles investors,The Hindu Business Line,Labor Rights Violation,TSX,-1.69,495.09,Negative,Construction,High,Exxon Mobil,https://www.reuters.com/markets/stocks/tech-rally,record high inflation data rattles investors,8,Social,2,1,2025,-1.0
532,532,532,532,532,2025-08-12,A massive data breach sends a tech company's stock tumbling,The Economist,Antitrust Investigation,Dow Jones,-2.3,465.76,Neutral,Utilities,Low,Microsoft,https://economictimes.indiatimes.com/news/economy/unemployment-rate,a massive data breach sends a tech company's stock tumbling,14,Governance,0,0,2025,0.0
533,533,533,533,533,2025-07-08,Automotive industry faces headwinds from rising material costs,The Economist,Accounting Fraud Investigation,Shanghai Composite,0.9,162.32,Negative,Transportation,High,Ford Motor Company,https://www.ft.com/content/tech-sector-innovation,automotive industry faces headwinds from rising material costs,12,Governance,2,1,2025,-1.0
534,534,534,534,534,2025-07-25,A massive data breach sends a tech company's stock tumbling,CNBC,Accounting Fraud Investigation,ASX 200,3.96,369.88,Neutral,Industrials,Low,Apple Inc.,https://www.theeconomist.com/world/government-policy-announcement,a massive data breach sends a tech company's stock tumbling,1,Governance,0,0,2025,0.0
535,535,535,535,535,2025-05-19,Geopolitical ceasefire prompts a broad market recovery,Yahoo Finance,Accounting Fraud Investigation,Nasdaq Composite,-4.96,69.88,Positive,Retail,Medium,Microsoft,https://www.wsj.com/europe/regulatory-changes,geopolitical ceasefire prompts a broad market recovery,7,Governance,1,1,2025,1.0
536,536,536,536,536,2025-06-03,Merger talks between two banks fall through,Financial Times,Accounting Fraud Investigation,Hang Seng,3.5,124.16,Negative,Technology,High,General Motors,https://www.forbes.com/crypto/cryptocurrency-regulation,merger talks between two banks fall through,0,Governance,2,1,2025,-1.0
537,537,537,537,537,2025-02-27,Financial sector bracing for new capital requirements,Mint,Antitrust Investigation,S&P/TSX Composite,-2.84,308.88,Positive,Automotive,Low,Intel,https://www.cnbc.com/2025/08/russia-ukraine-war-economic-impact,financial sector bracing for new capital requirements,7,Governance,0,0,2025,1.0
538,538,538,538,538,2025-02-24,Media and Entertainment companies report a surge in streaming revenue,CNBC,Accounting Fraud Investigation,Euro Stoxx 50,2.94,324.3,Negative,Consumer Goods,Medium,Intel,https://www.bloomberg.com/australia/asx-200-performance,media and entertainment companies report a surge in streaming revenue,0,Governance,1,1,2025,-1.0
539,539,539,539,539,2025-05-03,New IPO for a popular software firm is oversubscribed,MarketWatch,Executive Misconduct,Euro Stoxx 50,-1.5,6.11,Negative,Automotive,High,Apple Inc.,https://www.bloomberg.com/asia/telecommunications-news,new ipo for a popular software firm is oversubscribed,9,Governance,2,1,2025,-1.0
540,540,540,540,540,2025-04-12,Massive stock buyback program announced by a consumer goods company,Financial Times,Climate Regulation Breach,DAX,-3.22,116.04,Negative,Pharmaceuticals,High,JPMorgan Chase,https://www.business-standard.com/finance/corporate-earnings,massive stock buyback program announced by a consumer goods company,2,Environmental,2,1,2025,-1.0
541,541,541,541,541,2025-05-30,Retail sales report surpasses all forecasts,CNBC,Executive Misconduct,ASX 200,4.38,174.69,Positive,Energy,Medium,General Motors,https://www.forbes.com/crypto/cryptocurrency-regulation,retail sales report surpasses all forecasts,5,Governance,1,1,2025,1.0
542,542,542,542,542,2025-03-07,Nikkei 225 index benefits from a weaker yen,CNBC,Antitrust Investigation,IBOVESPA,3.96,268.57,Negative,Construction,High,Apple Inc.,https://www.cnbc.com/2025/09/automotive-industry-trends,nikkei 225 index benefits from a weaker yen,16,Governance,2,1,2025,-1.0
543,543,543,543,543,2025-06-21,Nikkei 225 index benefits from a weaker yen,Wall Street Journal,Regulatory Compliance Failure,Dow Jones,4.39,225.59,Negative,Telecommunications,High,Microsoft,https://www.business-standard.com/international-business/trade-policy,nikkei 225 index benefits from a weaker yen,7,Governance,2,1,2025,-1.0
544,544,544,544,544,2025-06-14,Major technology firm acquires a smaller rival in a multi-billion dollar deal,Wall Street Journal,Labor Rights Violation,Nasdaq Composite,1.85,464.65,Neutral,Media & Entertainment,Medium,Lockheed Martin,https://economictimes.indiatimes.com/news/transportation,major technology firm acquires a smaller rival in a multi billion dollar deal,3,Social,1,1,2025,0.0
545,545,545,545,545,2025-07-15,Quarterly report shows surprising losses for retail giants,The Motley Fool,Labor Rights Violation,CAC 40,1.13,216.27,Negative,Energy,High,Intel,https://www.reuters.com/business/energy/oil-market-update,quarterly report shows surprising losses for retail giants,17,Social,2,1,2025,-1.0
546,546,546,546,546,2025-05-02,Gold prices surge as investors flee riskier assets,Economic Times,Worker Strike,Hang Seng,-0.04,74.01,Negative,Automotive,High,Intel,https://www.moneycontrol.com/us-markets/nasdaq-composite,gold prices surge as investors flee riskier assets,19,Social,2,1,2025,-1.0
547,547,547,547,547,2025-03-15,Nikkei 225 index benefits from a weaker yen,Yahoo Finance,Product Safety Recall,Dow Jones,2.76,293.0,Neutral,Aerospace & Defense,Low,Lockheed Martin,https://www.moneycontrol.com/india/ipo-news/new-firm-launches,nikkei 225 index benefits from a weaker yen,3,Social,0,0,2025,0.0
548,548,548,548,548,2025-06-19,Government spending bill is expected to stimulate the economy,Forbes,Worker Strike,BSE Sensex,-4.38,329.1,Negative,Real Estate,Low,JPMorgan Chase,https://timesofindia.indiatimes.com/business/agriculture-sector,government spending bill is expected to stimulate the economy,8,Social,0,0,2025,-1.0
549,549,549,549,549,2025-02-09,Federal Reserve Chairman's speech causes market volatility,Yahoo Finance,Carbon Emissions Violation,Euro Stoxx 50,-3.57,445.49,Positive,Media & Entertainment,Medium,JPMorgan Chase,https://www.reuters.com/markets/indices/ftse-100,federal reserve chairman's speech causes market volatility,2,Environmental,1,1,2025,1.0
550,550,550,550,550,2025-07-24,Mining company stock surges on commodity price boom,Times of India,Labor Rights Violation,IBOVESPA,2.99,87.74,Neutral,Consumer Goods,Medium,Ford Motor Company,https://www.reuters.com/markets/indices/ftse-100,mining company stock surges on commodity price boom,3,Social,1,1,2025,0.0
551,551,551,551,551,2025-03-04,Dow Jones plunges as market fears recession,Times of India,Regulatory Compliance Failure,Russell 2000,-0.99,186.82,Neutral,Industrials,Medium,JPMorgan Chase,https://www.bloomberg.com/canada/tsunami-warnings,dow jones plunges as market fears recession,4,Governance,1,1,2025,0.0
552,552,552,552,552,2025-02-28,UK's FTSE 100 sees a boost from favorable trade data,Investopedia,Executive Misconduct,Hang Seng,1.76,293.69,,Pharmaceuticals,Medium,Exxon Mobil,https://www.reuters.com/markets/stocks/tech-rally,uk's ftse 100 sees a boost from favorable trade data,14,Governance,1,1,2025,
553,553,553,553,553,2025-08-06,New IPO for a popular software firm is oversubscribed,The Motley Fool,Antitrust Investigation,Hang Seng,0.68,432.41,Negative,Real Estate,High,General Motors,https://www.moneycontrol.com/us-markets/dow-jones-industrial,new ipo for a popular software firm is oversubscribed,9,Governance,2,1,2025,-1.0
554,554,554,554,554,2025-05-14,Consumer Discretionary stocks outperform as spending increases,The Economist,Executive Misconduct,NSE Nifty,-4.25,476.8,,Aerospace & Defense,Medium,JPMorgan Chase,https://www.wsj.com/japan/economic-data-release,consumer discretionary stocks outperform as spending increases,18,Governance,1,1,2025,
555,555,555,555,555,2025-03-04,Central Bank Governor signals potential shift in policy,Investopedia,Antitrust Investigation,Euro Stoxx 50,,192.51,Negative,Aerospace & Defense,Low,Intel,https://timesofindia.indiatimes.com/business/finance/banking-sector-news,central bank governor signals potential shift in policy,14,Governance,0,0,2025,-1.0
556,556,556,556,556,2025-05-20,Geopolitical ceasefire prompts a broad market recovery,Seeking Alpha,Antitrust Investigation,Nikkei 225,2.08,440.36,Positive,Aerospace & Defense,Medium,Ford Motor Company,https://www.business-standard.com/economy/inflation-data,geopolitical ceasefire prompts a broad market recovery,14,Governance,1,1,2025,1.0
557,557,557,557,557,2025-05-15,Retail sales report surpasses all forecasts,Barron's,Executive Misconduct,Russell 2000,-1.87,341.7,Neutral,Transportation,Low,JPMorgan Chase,https://www.cnbc.com/2025/09/automotive-industry-trends,retail sales report surpasses all forecasts,15,Governance,0,0,2025,0.0
558,558,558,558,558,2025-03-13,Aerospace and Defense sector sees rally amid geopolitical tensions,Seeking Alpha,Accounting Fraud Investigation,TSX,-4.78,420.34,Neutral,Retail,Low,Lockheed Martin,https://www.forbes.com/crypto/cryptocurrency-regulation,aerospace and defense sector sees rally amid geopolitical tensions,14,Governance,0,0,2025,0.0
559,559,559,559,559,2025-05-18,New IPO for a popular software firm is oversubscribed,Financial Times,Executive Misconduct,Dow Jones,-0.58,405.64,Negative,Finance,Medium,Bank of America,https://www.cnbc.com/2025/08/russia-ukraine-war-economic-impact,new ipo for a popular software firm is oversubscribed,18,Governance,1,1,2025,-1.0
560,560,560,560,560,2025-08-04,Tech Giant's New Product Launch Sparks Sector-Wide Gains,Seeking Alpha,Antitrust Investigation,FTSE 100,,159.43,Positive,Automotive,Low,JPMorgan Chase,https://www.business-standard.com/finance/corporate-earnings,tech giant's new product launch sparks sector wide gains,12,Governance,0,0,2025,1.0
561,561,561,561,561,2025-06-19,,Mint,Worker Strike,IBOVESPA,-2.46,474.3,Positive,Technology,Low,Chevron Corporation,https://www.theeconomist.com/finance-and-economics/trade-tariffs,,19,Social,0,0,2025,1.0
562,562,562,562,562,2025-03-31,Bond yields tumble as investors seek safe havens,Forbes,Regulatory Compliance Failure,NSE Nifty,-4.93,29.2,Negative,Utilities,High,General Motors,https://www.bloomberg.com/canada/tsunami-warnings,bond yields tumble as investors seek safe havens,11,Governance,2,1,2025,-1.0
563,563,563,563,563,2025-07-27,Record-high inflation data rattles investors,Times of India,Antitrust Investigation,TSX,-2.25,26.41,Neutral,Materials,Low,Bank of America,https://www.reuters.com/markets/indices/nikkei-225,record high inflation data rattles investors,5,Governance,0,0,2025,0.0
564,564,564,564,564,2025-05-04,E-commerce earnings report beats all analyst expectations,Investopedia,Regulatory Compliance Failure,ASX 200,-2.26,151.71,Negative,Retail,High,Chevron Corporation,https://www.ft.com/content/geopolitical-summit,e commerce earnings report beats all analyst expectations,4,Governance,2,1,2025,-1.0
565,565,565,565,565,2025-05-17,Central bank maintains status quo on interest rates,Times of India,Product Safety Recall,Shanghai Composite,-3.78,455.47,Negative,Media & Entertainment,High,Ford Motor Company,https://www.forbes.com/finance/geopolitical-event-impact,central bank maintains status quo on interest rates,8,Social,2,1,2025,-1.0
566,566,566,566,566,2025-05-05,Record-high inflation data rattles investors,The Economist,Executive Misconduct,NSE Nifty,3.45,499.27,Neutral,Retail,Medium,Microsoft,https://www.wsj.com/europe/regulatory-changes,record high inflation data rattles investors,1,Governance,1,1,2025,0.0
567,567,567,567,567,2025-07-29,Nikkei 225 index benefits from a weaker yen,Bloomberg,Antitrust Investigation,Russell 2000,4.34,183.62,Neutral,Media & Entertainment,Medium,Microsoft,https://www.business-standard.com/economy/inflation-data,nikkei 225 index benefits from a weaker yen,6,Governance,1,1,2025,0.0
568,568,568,568,568,2025-03-03,China's Shanghai Composite falls after new trade restrictions,Financial Times,Environmental Spill,DAX,4.85,72.33,Negative,Aerospace & Defense,High,Lockheed Martin,https://www.moneycontrol.com/us-markets/dow-jones-industrial,china's shanghai composite falls after new trade restrictions,2,Environmental,2,1,2025,-1.0
569,569,569,569,569,2025-04-28,Bond yields tumble as investors seek safe havens,Bloomberg,Executive Misconduct,BSE Sensex,,493.8,,Real Estate,Low,Microsoft,https://www.theeconomist.com/world/government-policy-announcement,bond yields tumble as investors seek safe havens,5,Governance,0,0,2025,
570,570,570,570,570,2025-06-30,China's Shanghai Composite falls after new trade restrictions,Reuters,Executive Misconduct,DAX,-2.13,294.9,Negative,Retail,Low,Bank of America,https://economictimes.indiatimes.com/industry/industrials,china's shanghai composite falls after new trade restrictions,9,Governance,0,0,2025,-1.0
571,571,571,571,571,2025-03-30,New IPO for a popular software firm is oversubscribed,The Motley Fool,Accounting Fraud Investigation,BSE Sensex,-2.04,18.57,Negative,Energy,High,Apple Inc.,https://www.bloomberg.com/asia/telecommunications-news,new ipo for a popular software firm is oversubscribed,7,Governance,2,1,2025,-1.0
572,572,572,572,572,2025-04-14,Real Estate sector shows signs of overheating as interest rates fall,The Motley Fool,Antitrust Investigation,Nikkei 225,0.75,233.91,Positive,Industrials,Low,Ford Motor Company,https://www.bloomberg.com/asia/telecommunications-news,real estate sector shows signs of overheating as interest rates fall,12,Governance,0,0,2025,1.0
573,573,573,573,573,2025-03-23,Central Bank Governor signals potential shift in policy,Yahoo Finance,Executive Misconduct,Nikkei 225,-0.83,346.9,,Construction,Low,Intel,https://www.moneycontrol.com/india/ipo-news/new-firm-launches,central bank governor signals potential shift in policy,13,Governance,0,0,2025,
574,574,574,574,574,2025-03-28,Record-high inflation data rattles investors,The Hindu Business Line,Executive Misconduct,ASX 200,-1.15,68.87,Negative,Real Estate,High,JPMorgan Chase,https://www.wsj.com/europe/dax-performance,record high inflation data rattles investors,13,Governance,2,1,2025,-1.0
575,575,575,575,575,2025-06-03,"Global trade talks collapse, causing market turmoil",The Hindu Business Line,Accounting Fraud Investigation,KOSPI,-4.37,368.97,Negative,Agriculture,High,Microsoft,https://www.bloomberg.com/asia/telecommunications-news,"global trade talks collapse, causing market turmoil",15,Governance,2,1,2025,-1.0
576,576,576,576,576,2025-08-04,UK's FTSE 100 sees a boost from favorable trade data,Yahoo Finance,Water Pollution Incident,Shanghai Composite,-4.08,312.93,Negative,Consumer Goods,High,Ford Motor Company,https://www.marketwatch.com/story/consumer-goods-report,uk's ftse 100 sees a boost from favorable trade data,2,Environmental,2,1,2025,-1.0
577,577,577,577,577,2025-07-07,Consumer confidence index reaches a decade high,Wall Street Journal,Worker Strike,S&P/TSX Composite,0.64,257.72,Positive,Pharmaceuticals,Low,JPMorgan Chase,https://www.marketwatch.com/story/commodities-price-shock,consumer confidence index reaches a decade high,8,Social,0,0,2025,1.0
578,578,578,578,578,2025-04-26,Crude oil prices drop to a multi-year low,Seeking Alpha,Regulatory Compliance Failure,Shanghai Composite,0.92,292.45,Negative,Healthcare,Low,Chevron Corporation,https://www.theeconomist.com/world/government-policy-announcement,crude oil prices drop to a multi year low,6,Governance,0,0,2025,-1.0
579,579,579,579,579,2025-07-31,Automotive industry faces headwinds from rising material costs,Times of India,Antitrust Investigation,Hang Seng,4.6,402.91,Neutral,Media & Entertainment,Medium,Bank of America,https://www.business-standard.com/economy/inflation-data,automotive industry faces headwinds from rising material costs,9,Governance,1,1,2025,0.0
580,580,580,580,580,2025-07-13,Automotive industry faces headwinds from rising material costs,MarketWatch,Regulatory Compliance Failure,Shanghai Composite,-3.07,254.24,Negative,Utilities,High,Bank of America,https://economictimes.indiatimes.com/news/economy/unemployment-rate,automotive industry faces headwinds from rising material costs,13,Governance,2,1,2025,-1.0
581,581,581,581,581,2025-05-04,Merger talks between two banks fall through,Business Standard,Executive Misconduct,ASX 200,3.11,132.12,Negative,Industrials,High,JPMorgan Chase,https://www.forbes.com/crypto/cryptocurrency-regulation,merger talks between two banks fall through,0,Governance,2,1,2025,-1.0
582,582,582,582,582,2025-02-06,Major oil spill sends energy stocks plummeting,Seeking Alpha,Antitrust Investigation,Nasdaq Composite,1.48,453.46,Neutral,Media & Entertainment,Medium,Bank of America,https://www.bloomberg.com/asia/policy/central-bank-meeting,major oil spill sends energy stocks plummeting,9,Governance,1,1,2025,0.0
583,583,583,583,583,2025-02-07,A massive data breach sends a tech company's stock tumbling,Wall Street Journal,Executive Misconduct,S&P/TSX Composite,-0.47,72.29,,Utilities,Low,Apple Inc.,https://www.investopedia.com/articles/supply-chain-disruption,a massive data breach sends a tech company's stock tumbling,10,Governance,0,0,2025,
584,584,584,584,584,2025-06-13,Mining company stock surges on commodity price boom,Bloomberg,Antitrust Investigation,ASX 200,-0.79,327.65,Negative,Pharmaceuticals,High,Microsoft,https://www.reuters.com/markets/indices/ftse-100,mining company stock surges on commodity price boom,18,Governance,2,1,2025,-1.0
585,585,585,585,585,2025-07-25,Bond yields tumble as investors seek safe havens,The Motley Fool,Accounting Fraud Investigation,TSX,3.78,242.72,Neutral,Energy,Low,Microsoft,https://www.moneycontrol.com/us-markets/dow-jones-industrial,bond yields tumble as investors seek safe havens,6,Governance,0,0,2025,0.0
586,586,586,586,586,2025-03-28,Supply chain issues impact manufacturing sector earnings,Times of India,Regulatory Compliance Failure,S&P 500,2.99,487.32,Negative,Telecommunications,High,Microsoft,https://www.ft.com/content/media-entertainment-merger,supply chain issues impact manufacturing sector earnings,14,Governance,2,1,2025,-1.0
587,587,587,587,587,2025-03-18,Record-high inflation data rattles investors,Investopedia,Accounting Fraud Investigation,DAX,-0.84,112.72,Negative,Finance,Medium,Microsoft,https://www.cnbc.com/2025/11/major-merger-deal-approved,record high inflation data rattles investors,11,Governance,1,1,2025,-1.0
588,588,588,588,588,2025-04-04,Consumer Discretionary stocks outperform as spending increases,MarketWatch,Worker Strike,DAX,-0.93,35.16,Negative,Pharmaceuticals,High,General Motors,https://www.business-standard.com/economy/trade-disputes-impact,consumer discretionary stocks outperform as spending increases,19,Social,2,1,2025,-1.0
589,589,589,589,589,2025-04-19,Automotive industry faces headwinds from rising material costs,The Hindu Business Line,Accounting Fraud Investigation,Euro Stoxx 50,3.41,235.93,Negative,Industrials,Low,Chevron Corporation,https://economictimes.indiatimes.com/stocks/bse-sensex-plunges,automotive industry faces headwinds from rising material costs,10,Governance,0,0,2025,-1.0
590,590,590,590,590,2025-08-11,Supply chain issues impact manufacturing sector earnings,Mint,Regulatory Compliance Failure,ASX 200,1.31,56.48,Negative,Industrials,Low,Bank of America,https://www.bloomberg.com/asia/telecommunications-news,supply chain issues impact manufacturing sector earnings,6,Governance,0,0,2025,-1.0
591,591,591,591,591,2025-02-06,Crude oil prices drop to a multi-year low,The Economist,Regulatory Compliance Failure,Euro Stoxx 50,2.22,36.12,Positive,Aerospace & Defense,Medium,Microsoft,https://www.reuters.com/business/energy/oil-market-update,crude oil prices drop to a multi year low,16,Governance,1,1,2025,1.0
592,592,592,592,592,2025-07-10,Media and Entertainment companies report a surge in streaming revenue,The Hindu Business Line,Accounting Fraud Investigation,Hang Seng,,36.13,Negative,Aerospace & Defense,Medium,JPMorgan Chase,https://www.business-standard.com/economy/inflation-data,media and entertainment companies report a surge in streaming revenue,9,Governance,1,1,2025,-1.0
593,593,593,593,593,2025-04-07,New housing data release shows a slowdown in market activity,Barron's,Accounting Fraud Investigation,Hang Seng,-4.23,282.37,Negative,Aerospace & Defense,Low,Ford Motor Company,https://www.theeconomist.com/finance-and-economics/trade-tariffs,new housing data release shows a slowdown in market activity,13,Governance,0,0,2025,-1.0
594,594,594,594,594,2025-07-14,Pharmaceutical company's drug approval drives stock upward,The Motley Fool,Human Rights Allegation,S&P/TSX Composite,4.48,72.81,Negative,Materials,High,Microsoft,https://www.moneycontrol.com/us-markets/dow-jones-industrial,pharmaceutical company's drug approval drives stock upward,3,Social,2,1,2025,-1.0
595,595,595,595,595,2025-07-14,UK's FTSE 100 sees a boost from favorable trade data,Bloomberg,Human Rights Allegation,Euro Stoxx 50,2.37,154.47,Negative,Technology,High,Chevron Corporation,https://www.cnbc.com/2025/08/russia-ukraine-war-economic-impact,uk's ftse 100 sees a boost from favorable trade data,19,Social,2,1,2025,-1.0
596,596,596,596,596,2025-06-22,Federal Reserve Chairman's speech causes market volatility,Business Standard,Labor Rights Violation,FTSE 100,0.0,437.52,Neutral,Utilities,Medium,Ford Motor Company,https://www.investopedia.com/articles/supply-chain-disruption,federal reserve chairman's speech causes market volatility,19,Social,1,1,2025,0.0
597,597,597,597,597,2025-02-09,Tech Giant's New Product Launch Sparks Sector-Wide Gains,CNBC,Executive Misconduct,IBOVESPA,,176.51,Negative,Construction,High,Bank of America,https://timesofindia.indiatimes.com/business/agriculture-sector,tech giant's new product launch sparks sector wide gains,7,Governance,2,1,2025,-1.0
598,598,598,598,598,2025-07-10,Federal Reserve Chairman's speech causes market volatility,The Motley Fool,Executive Misconduct,IBOVESPA,2.19,260.11,Neutral,Energy,Medium,Exxon Mobil,https://www.investopedia.com/articles/supply-chain-disruption,federal reserve chairman's speech causes market volatility,9,Governance,1,1,2025,0.0
599,599,599,599,599,2025-08-01,Government spending bill is expected to stimulate the economy,Mint,Accounting Fraud Investigation,Dow Jones,2.38,151.66,Negative,Pharmaceuticals,High,Ford Motor Company,https://timesofindia.indiatimes.com/business/agriculture-sector,government spending bill is expected to stimulate the economy,15,Governance,2,1,2025,-1.0
600,600,600,600,600,2025-03-24,Gold prices surge as investors flee riskier assets,Financial Times,Accounting Fraud Investigation,Nikkei 225,-4.25,23.34,Negative,Materials,Low,Intel,https://timesofindia.indiatimes.com/business/finance/banking-sector-news,gold prices surge as investors flee riskier assets,18,Governance,0,0,2025,-1.0
601,601,601,601,601,2025-07-25,Major technology firm acquires a smaller rival in a multi-billion dollar deal,Financial Times,Executive Misconduct,DAX,2.49,249.46,Negative,Construction,High,Intel,https://www.forbes.com/finance/geopolitical-event-impact,major technology firm acquires a smaller rival in a multi billion dollar deal,9,Governance,2,1,2025,-1.0
602,602,602,602,602,2025-03-26,Pharmaceutical company's drug approval drives stock upward,Wall Street Journal,Regulatory Compliance Failure,BSE Sensex,4.62,103.75,Negative,Utilities,Medium,JPMorgan Chase,https://www.cnbc.com/2025/12/healthcare-sector-outlook,pharmaceutical company's drug approval drives stock upward,5,Governance,1,1,2025,-1.0
603,603,603,603,603,2025-04-20,Market sentiment turns positive on vaccine trial results,Economic Times,Product Safety Recall,CAC 40,,317.84,Neutral,Real Estate,Low,Bank of America,https://www.theeconomist.com/finance-and-economics/trade-tariffs,market sentiment turns positive on vaccine trial results,19,Social,0,0,2025,0.0
604,604,604,604,604,2025-02-25,Major technology firm acquires a smaller rival in a multi-billion dollar deal,The Hindu Business Line,Accounting Fraud Investigation,FTSE 100,1.97,304.5,Negative,Utilities,Low,Intel,https://www.cnbc.com/2025/11/major-merger-deal-approved,major technology firm acquires a smaller rival in a multi billion dollar deal,1,Governance,0,0,2025,-1.0
605,605,605,605,605,2025-03-07,Major oil spill sends energy stocks plummeting,Times of India,Regulatory Compliance Failure,Nasdaq Composite,-1.17,55.03,Neutral,Industrials,Low,General Motors,https://www.cnbc.com/2025/09/automotive-industry-trends,major oil spill sends energy stocks plummeting,10,Governance,0,0,2025,0.0
606,606,606,606,606,2025-05-26,Consumer confidence index reaches a decade high,The Motley Fool,Executive Misconduct,S&P 500,2.1,387.49,Negative,Real Estate,High,General Motors,https://economictimes.indiatimes.com/stocks/bse-sensex-plunges,consumer confidence index reaches a decade high,4,Governance,2,1,2025,-1.0
607,607,607,607,607,2025-04-28,Healthcare stocks gain on robust demand and strong outlook,Economic Times,Accounting Fraud Investigation,Nasdaq Composite,0.65,296.75,Positive,Agriculture,Medium,Bank of America,https://www.wsj.com/japan/economic-data-release,healthcare stocks gain on robust demand and strong outlook,0,Governance,1,1,2025,1.0
608,608,608,608,608,2025-07-22,Government spending bill is expected to stimulate the economy,Forbes,Regulatory Compliance Failure,CAC 40,,237.86,Negative,Automotive,High,Bank of America,https://www.business-standard.com/finance/corporate-earnings,government spending bill is expected to stimulate the economy,13,Governance,2,1,2025,-1.0
609,609,609,609,609,2025-06-24,Utilities sector remains stable during market fluctuations,Business Standard,Regulatory Compliance Failure,Russell 2000,3.73,136.41,Negative,Finance,Low,Microsoft,https://timesofindia.indiatimes.com/business/markets/stock-market-crash,utilities sector remains stable during market fluctuations,10,Governance,0,0,2025,-1.0
610,610,610,610,610,2025-07-06,New IPO for a popular software firm is oversubscribed,Barron's,Accounting Fraud Investigation,IBOVESPA,1.04,11.71,Neutral,Energy,Low,Chevron Corporation,https://www.business-standard.com/economy/inflation-data,new ipo for a popular software firm is oversubscribed,18,Governance,0,0,2025,0.0
611,611,611,611,611,2025-02-22,Consumer confidence index reaches a decade high,Business Standard,Labor Rights Violation,IBOVESPA,0.37,237.57,Negative,Aerospace & Defense,High,Ford Motor Company,https://www.wsj.com/europe/dax-performance,consumer confidence index reaches a decade high,19,Social,2,1,2025,-1.0
612,612,612,612,612,2025-05-23,Federal Reserve Chairman's speech causes market volatility,Yahoo Finance,Regulatory Compliance Failure,NSE Nifty,-1.48,126.9,Neutral,Construction,Low,Bank of America,https://www.moneycontrol.com/india/ipo-news/new-firm-launches,federal reserve chairman's speech causes market volatility,15,Governance,0,0,2025,0.0
613,613,613,613,613,2025-04-18,Geopolitical ceasefire prompts a broad market recovery,Wall Street Journal,Accounting Fraud Investigation,Dow Jones,0.08,354.46,Neutral,Energy,Medium,Exxon Mobil,https://www.wsj.com/china/market-regulation,geopolitical ceasefire prompts a broad market recovery,12,Governance,1,1,2025,0.0
614,614,614,614,614,2025-03-24,Semiconductor shortages weigh heavily on tech sector profits,Yahoo Finance,Executive Misconduct,Nikkei 225,-2.1,400.23,Negative,Finance,High,Chevron Corporation,https://www.ft.com/content/media-entertainment-merger,semiconductor shortages weigh heavily on tech sector profits,12,Governance,2,1,2025,-1.0
615,615,615,615,615,2025-08-10,Crude oil prices drop to a multi-year low,Financial Times,Regulatory Compliance Failure,TSX,-0.42,379.61,Negative,Pharmaceuticals,High,Intel,https://www.cnbc.com/2025/08/russia-ukraine-war-economic-impact,crude oil prices drop to a multi year low,13,Governance,2,1,2025,-1.0
616,616,616,616,616,2025-02-02,Consumer Discretionary stocks outperform as spending increases,Bloomberg,Regulatory Compliance Failure,BSE Sensex,-0.87,330.27,Negative,Pharmaceuticals,High,Chevron Corporation,https://www.investopedia.com/articles/supply-chain-disruption,consumer discretionary stocks outperform as spending increases,6,Governance,2,1,2025,-1.0
617,617,617,617,617,2025-02-16,Unexpected rise in unemployment fuels market pessimism,Investopedia,Accounting Fraud Investigation,Shanghai Composite,4.58,185.94,Positive,Aerospace & Defense,Low,Ford Motor Company,,unexpected rise in unemployment fuels market pessimism,18,Governance,0,0,2025,1.0
618,618,618,618,618,2025-04-28,Central bank maintains status quo on interest rates,Seeking Alpha,Accounting Fraud Investigation,ASX 200,1.37,172.41,Positive,Real Estate,Low,Ford Motor Company,https://www.business-standard.com/finance/corporate-earnings,central bank maintains status quo on interest rates,18,Governance,0,0,2025,1.0
619,619,619,619,619,2025-03-13,Utilities sector remains stable during market fluctuations,Business Standard,Accounting Fraud Investigation,DAX,-4.95,253.53,Positive,Aerospace & Defense,Medium,General Motors,https://www.moneycontrol.com/us-markets/dow-jones-industrial,utilities sector remains stable during market fluctuations,5,Governance,1,1,2025,1.0
620,620,620,620,620,2025-04-14,Record-high inflation data rattles investors,Seeking Alpha,Antitrust Investigation,Shanghai Composite,-0.45,362.53,Negative,Technology,High,Lockheed Martin,https://timesofindia.indiatimes.com/business/markets/stock-market-crash,record high inflation data rattles investors,11,Governance,2,1,2025,-1.0
621,621,621,621,621,2025-05-15,Market sentiment turns positive on vaccine trial results,Seeking Alpha,Accounting Fraud Investigation,FTSE 100,-1.94,73.99,Negative,Technology,High,Intel,https://www.cnbc.com/2025/09/automotive-industry-trends,market sentiment turns positive on vaccine trial results,15,Governance,2,1,2025,-1.0
622,622,622,622,622,2025-07-27,Government spending bill is expected to stimulate the economy,Mint,Accounting Fraud Investigation,Russell 2000,-1.35,226.13,Positive,Healthcare,Medium,Intel,https://economictimes.indiatimes.com/industry/industrials,government spending bill is expected to stimulate the economy,5,Governance,1,1,2025,1.0
623,623,623,623,623,2025-07-02,Financial sector bracing for new capital requirements,The Motley Fool,Antitrust Investigation,Nasdaq Composite,,360.59,Negative,Media & Entertainment,High,Intel,,financial sector bracing for new capital requirements,9,Governance,2,1,2025,-1.0
624,624,624,624,624,2025-05-31,A massive data breach sends a tech company's stock tumbling,Barron's,Regulatory Compliance Failure,Hang Seng,1.16,409.12,Neutral,Telecommunications,Low,JPMorgan Chase,https://www.bloomberg.com/australia/asx-200-performance,a massive data breach sends a tech company's stock tumbling,11,Governance,0,0,2025,0.0
625,625,625,625,625,2025-03-20,Manufacturing PMI data signals economic expansion,Economic Times,Antitrust Investigation,Nasdaq Composite,-2.56,391.62,Negative,Materials,High,Microsoft,https://www.moneycontrol.com/us-markets/nasdaq-composite,manufacturing pmi data signals economic expansion,13,Governance,2,1,2025,-1.0
626,626,626,626,626,2025-03-31,Government policy shift boosts renewable energy sector,Times of India,Regulatory Compliance Failure,TSX,3.78,105.83,Negative,Telecommunications,Low,Intel,https://www.cnbc.com/2025/12/healthcare-sector-outlook,government policy shift boosts renewable energy sector,13,Governance,0,0,2025,-1.0
627,627,627,627,627,2025-05-24,Banking stocks dip after a major scandal is revealed,Seeking Alpha,Accounting Fraud Investigation,Russell 2000,-0.7,352.94,Negative,Utilities,Medium,Bank of America,https://www.business-standard.com/economy/trade-disputes-impact,banking stocks dip after a major scandal is revealed,7,Governance,1,1,2025,-1.0
628,628,628,628,628,2025-07-06,Federal Reserve Chairman's speech causes market volatility,Wall Street Journal,Regulatory Compliance Failure,Dow Jones,-2.3,402.53,Negative,Healthcare,Low,Lockheed Martin,https://www.investopedia.com/articles/supply-chain-disruption,federal reserve chairman's speech causes market volatility,7,Governance,0,0,2025,-1.0
629,629,629,629,629,2025-06-12,Government spending bill is expected to stimulate the economy,Reuters,Antitrust Investigation,Dow Jones,1.67,411.52,Negative,Industrials,High,Chevron Corporation,https://www.moneycontrol.com/us-markets/sp-500,government spending bill is expected to stimulate the economy,1,Governance,2,1,2025,-1.0
630,630,630,630,630,2025-02-02,Quarterly report shows surprising losses for retail giants,Business Standard,Worker Strike,ASX 200,-1.89,447.11,Negative,Construction,Medium,General Motors,https://economictimes.indiatimes.com/stocks/bse-sensex-plunges,quarterly report shows surprising losses for retail giants,8,Social,1,1,2025,-1.0
631,631,631,631,631,2025-04-23,New IPO for a popular software firm is oversubscribed,Times of India,Carbon Emissions Violation,DAX,-2.18,462.33,Negative,Energy,High,Bank of America,https://timesofindia.indiatimes.com/business/corporate-governance,new ipo for a popular software firm is oversubscribed,2,Environmental,2,1,2025,-1.0
632,632,632,632,632,2025-02-12,Crude oil prices drop to a multi-year low,Times of India,Regulatory Compliance Failure,Euro Stoxx 50,3.52,429.81,Positive,Media & Entertainment,Medium,Intel,https://www.moneycontrol.com/us-markets/sp-500,crude oil prices drop to a multi year low,15,Governance,1,1,2025,1.0
633,633,633,633,633,2025-04-25,Geopolitical ceasefire prompts a broad market recovery,Times of India,Executive Misconduct,Shanghai Composite,-2.53,325.23,Positive,Aerospace & Defense,Low,Apple Inc.,https://www.business-standard.com/economy/inflation-data,geopolitical ceasefire prompts a broad market recovery,1,Governance,0,0,2025,1.0
634,634,634,634,634,2025-04-02,New regulations on cryptocurrencies cause a market dip,Economic Times,Product Safety Recall,S&P 500,-0.22,51.11,Positive,Utilities,Medium,Intel,https://www.marketwatch.com/story/consumer-goods-report,new regulations on cryptocurrencies cause a market dip,3,Social,1,1,2025,1.0
635,635,635,635,635,2025-02-09,,CNBC,Accounting Fraud Investigation,IBOVESPA,4.99,112.07,Positive,Energy,Low,Intel,,,18,Governance,0,0,2025,1.0
636,636,636,636,636,2025-02-16,Retail sales report surpasses all forecasts,Bloomberg,Regulatory Compliance Failure,Nasdaq Composite,-0.81,77.39,Neutral,Consumer Goods,Low,Apple Inc.,https://economictimes.indiatimes.com/industry/industrials,retail sales report surpasses all forecasts,16,Governance,0,0,2025,0.0
637,637,637,637,637,2025-06-08,Government subsidy program gives a lift to the agriculture sector,Barron's,Accounting Fraud Investigation,DAX,4.36,78.48,Negative,Finance,Medium,Microsoft,https://www.wsj.com/japan/economic-data-release,government subsidy program gives a lift to the agriculture sector,6,Governance,1,1,2025,-1.0
638,638,638,638,638,2025-03-27,,Bloomberg,Antitrust Investigation,Dow Jones,-0.89,172.11,Negative,Technology,High,Bank of America,https://www.ft.com/content/media-entertainment-merger,,16,Governance,2,1,2025,-1.0
639,639,639,639,639,2025-06-19,Dow Jones plunges as market fears recession,Seeking Alpha,Water Pollution Incident,S&P/TSX Composite,-3.34,353.17,Negative,Energy,High,Apple Inc.,https://www.wsj.com/europe/regulatory-changes,dow jones plunges as market fears recession,2,Environmental,2,1,2025,-1.0
640,640,640,640,640,2025-05-13,"Global trade talks collapse, causing market turmoil",Forbes,Human Rights Allegation,Russell 2000,-2.74,185.15,Positive,Pharmaceuticals,Medium,Intel,https://www.bloomberg.com/asia/policy/central-bank-meeting,"global trade talks collapse, causing market turmoil",19,Social,1,1,2025,1.0
641,641,641,641,641,2025-05-06,,Yahoo Finance,Executive Misconduct,TSX,-4.02,429.17,Negative,Materials,High,Intel,https://timesofindia.indiatimes.com/business/agriculture-sector,,7,Governance,2,1,2025,-1.0
642,642,642,642,642,2025-06-08,Nikkei 225 index benefits from a weaker yen,Bloomberg,Executive Misconduct,CAC 40,-3.68,89.75,Negative,Construction,Medium,Lockheed Martin,https://www.ft.com/content/tech-sector-innovation,nikkei 225 index benefits from a weaker yen,18,Governance,1,1,2025,-1.0
643,643,643,643,643,2025-06-09,Semiconductor shortages weigh heavily on tech sector profits,Financial Times,Regulatory Compliance Failure,KOSPI,,467.06,Negative,Materials,High,Microsoft,https://www.cnbc.com/2025/10/real-estate-market-analysis,semiconductor shortages weigh heavily on tech sector profits,6,Governance,2,1,2025,-1.0
644,644,644,644,644,2025-02-21,ASX 200 gains on strong export performance,Wall Street Journal,Antitrust Investigation,DAX,-3.92,164.99,Negative,Consumer Goods,High,Bank of America,https://www.business-standard.com/economy/trade-disputes-impact,asx 200 gains on strong export performance,15,Governance,2,1,2025,-1.0
645,645,645,645,645,2025-03-12,Crude oil prices drop to a multi-year low,CNBC,Human Rights Allegation,Hang Seng,3.98,299.93,Negative,Materials,High,Lockheed Martin,https://www.investopedia.com/articles/government-policy-announcement,crude oil prices drop to a multi year low,17,Social,2,1,2025,-1.0
646,646,646,646,646,2025-06-30,Central Bank's dovish tone hints at future rate cuts,Yahoo Finance,Accounting Fraud Investigation,FTSE 100,-3.05,1.22,Positive,Materials,Low,Microsoft,https://www.investopedia.com/articles/government-policy-announcement,central bank's dovish tone hints at future rate cuts,16,Governance,0,0,2025,1.0
647,647,647,647,647,2025-03-17,E-commerce earnings report beats all analyst expectations,Barron's,Accounting Fraud Investigation,ASX 200,4.87,425.13,Neutral,Utilities,Medium,Apple Inc.,https://www.moneycontrol.com/us-markets/dow-jones-industrial,e commerce earnings report beats all analyst expectations,15,Governance,1,1,2025,0.0
648,648,648,648,648,2025-05-17,Consumer Discretionary stocks outperform as spending increases,Times of India,Regulatory Compliance Failure,S&P/TSX Composite,-2.46,4.07,Neutral,Telecommunications,Medium,Intel,https://www.ft.com/content/geopolitical-summit,consumer discretionary stocks outperform as spending increases,18,Governance,1,1,2025,0.0
649,649,649,649,649,2025-05-07,ASX 200 gains on strong export performance,Financial Times,Antitrust Investigation,KOSPI,0.72,101.51,Negative,Automotive,High,JPMorgan Chase,https://www.cnbc.com/2025/12/healthcare-sector-outlook,asx 200 gains on strong export performance,1,Governance,2,1,2025,-1.0
650,650,650,650,650,2025-07-16,Utilities sector remains stable during market fluctuations,MarketWatch,Regulatory Compliance Failure,S&P 500,-1.81,456.62,Negative,Real Estate,High,Intel,https://www.business-standard.com/economy/inflation-data,utilities sector remains stable during market fluctuations,4,Governance,2,1,2025,-1.0
651,651,651,651,651,2025-04-19,Automotive industry faces headwinds from rising material costs,The Economist,Executive Misconduct,Nasdaq Composite,0.96,253.38,Negative,Consumer Goods,High,Exxon Mobil,https://www.forbes.com/crypto/cryptocurrency-regulation,automotive industry faces headwinds from rising material costs,16,Governance,2,1,2025,-1.0
652,652,652,652,652,2025-05-16,,Times of India,Executive Misconduct,Euro Stoxx 50,-1.87,110.91,Negative,Materials,High,JPMorgan Chase,https://www.cnbc.com/2025/10/real-estate-market-analysis,,14,Governance,2,1,2025,-1.0
653,653,653,653,653,2025-08-07,Major oil spill sends energy stocks plummeting,Barron's,Executive Misconduct,S&P 500,2.32,196.05,Negative,Retail,High,Apple Inc.,https://www.business-standard.com/economy/inflation-data,major oil spill sends energy stocks plummeting,12,Governance,2,1,2025,-1.0
654,654,654,654,654,2025-07-19,Central Bank's dovish tone hints at future rate cuts,The Economist,Antitrust Investigation,FTSE 100,3.29,334.89,Neutral,Materials,Low,Intel,https://www.ft.com/content/tech-sector-innovation,central bank's dovish tone hints at future rate cuts,13,Governance,0,0,2025,0.0
655,655,655,655,655,2025-05-01,Gold prices surge as investors flee riskier assets,CNBC,Antitrust Investigation,Euro Stoxx 50,3.09,206.15,Negative,Energy,Low,Microsoft,https://www.bloomberg.com/asia/policy/central-bank-meeting,gold prices surge as investors flee riskier assets,7,Governance,0,0,2025,-1.0
656,656,656,656,656,2025-05-11,E-commerce earnings report beats all analyst expectations,Reuters,Human Rights Allegation,BSE Sensex,-1.85,101.7,Neutral,Finance,Low,Ford Motor Company,https://www.cnbc.com/2025/11/major-merger-deal-approved,e commerce earnings report beats all analyst expectations,3,Social,0,0,2025,0.0
657,657,657,657,657,2025-04-13,Real Estate sector shows signs of overheating as interest rates fall,Investopedia,Labor Rights Violation,CAC 40,1.83,263.54,Negative,Technology,Medium,Lockheed Martin,https://www.investopedia.com/articles/government-policy-announcement,real estate sector shows signs of overheating as interest rates fall,8,Social,1,1,2025,-1.0
658,658,658,658,658,2025-07-26,Media and Entertainment companies report a surge in streaming revenue,Business Standard,Accounting Fraud Investigation,S&P/TSX Composite,4.36,297.22,Negative,Finance,High,Intel,https://www.cnbc.com/2025/09/automotive-industry-trends,media and entertainment companies report a surge in streaming revenue,15,Governance,2,1,2025,-1.0
659,659,659,659,659,2025-06-29,Unexpected rise in unemployment fuels market pessimism,Mint,Executive Misconduct,Euro Stoxx 50,-2.11,330.66,Negative,Construction,Low,General Motors,https://www.moneycontrol.com/us-markets/dow-jones-industrial,unexpected rise in unemployment fuels market pessimism,9,Governance,0,0,2025,-1.0
660,660,660,660,660,2025-04-01,Central bank maintains status quo on interest rates,Barron's,Antitrust Investigation,Nikkei 225,1.92,67.44,Negative,Transportation,Low,Apple Inc.,https://www.bloomberg.com/canada/tsunami-warnings,central bank maintains status quo on interest rates,7,Governance,0,0,2025,-1.0
661,661,661,661,661,2025-04-30,A massive data breach sends a tech company's stock tumbling,Wall Street Journal,Regulatory Compliance Failure,FTSE 100,4.35,438.75,Neutral,Media & Entertainment,Low,Lockheed Martin,https://www.reuters.com/business/retail-sector-earnings,a massive data breach sends a tech company's stock tumbling,5,Governance,0,0,2025,0.0
662,662,662,662,662,2025-02-27,Consumer confidence index reaches a decade high,Reuters,Labor Rights Violation,Euro Stoxx 50,2.99,208.11,Negative,Pharmaceuticals,Low,Intel,https://www.bloomberg.com/australia/asx-200-performance,consumer confidence index reaches a decade high,19,Social,0,0,2025,-1.0
663,663,663,663,663,2025-05-06,Dow Jones plunges as market fears recession,Business Standard,Antitrust Investigation,NSE Nifty,-2.3,294.84,Negative,Technology,High,Bank of America,https://www.reuters.com/markets/stocks/tech-rally,dow jones plunges as market fears recession,4,Governance,2,1,2025,-1.0
664,664,664,664,664,2025-02-21,UK's FTSE 100 sees a boost from favorable trade data,The Hindu Business Line,Antitrust Investigation,Dow Jones,3.35,405.14,,Industrials,Low,General Motors,https://www.moneycontrol.com/us-markets/nasdaq-composite,uk's ftse 100 sees a boost from favorable trade data,9,Governance,0,0,2025,
665,665,665,665,665,2025-07-23,Aerospace and Defense sector sees rally amid geopolitical tensions,Forbes,Accounting Fraud Investigation,NSE Nifty,-4.34,151.89,Negative,Energy,High,Chevron Corporation,https://www.cnbc.com/2025/10/real-estate-market-analysis,aerospace and defense sector sees rally amid geopolitical tensions,14,Governance,2,1,2025,-1.0
666,666,666,666,666,2025-07-18,Central Bank Governor signals potential shift in policy,Bloomberg,Climate Regulation Breach,TSX,3.72,48.62,Negative,Industrials,High,Bank of America,https://www.wsj.com/japan/economic-data-release,central bank governor signals potential shift in policy,2,Environmental,2,1,2025,-1.0
667,667,667,667,667,2025-06-26,A massive data breach sends a tech company's stock tumbling,Mint,Accounting Fraud Investigation,Euro Stoxx 50,3.83,312.88,Positive,Consumer Goods,Low,JPMorgan Chase,https://economictimes.indiatimes.com/industry/industrials,a massive data breach sends a tech company's stock tumbling,13,Governance,0,0,2025,1.0
668,668,668,668,668,2025-04-09,Market braces for a major policy announcement from the EU,Reuters,Executive Misconduct,KOSPI,3.17,344.74,Negative,Utilities,Low,Apple Inc.,https://www.bloomberg.com/asia/policy/central-bank-meeting,market braces for a major policy announcement from the eu,0,Governance,0,0,2025,-1.0
669,669,669,669,669,2025-03-19,Automotive industry faces headwinds from rising material costs,Reuters,Antitrust Investigation,TSX,0.94,168.59,Negative,Construction,High,Chevron Corporation,https://www.theeconomist.com/world/government-policy-announcement,automotive industry faces headwinds from rising material costs,9,Governance,2,1,2025,-1.0
670,670,670,670,670,2025-06-17,Dow Jones plunges as market fears recession,MarketWatch,Executive Misconduct,S&P/TSX Composite,-1.33,112.62,Negative,Automotive,High,JPMorgan Chase,https://www.cnbc.com/2025/11/major-merger-deal-approved,dow jones plunges as market fears recession,1,Governance,2,1,2025,-1.0
671,671,671,671,671,2025-05-01,"Global trade talks collapse, causing market turmoil",MarketWatch,Product Safety Recall,Shanghai Composite,1.66,423.11,Negative,Transportation,Medium,JPMorgan Chase,https://www.business-standard.com/economy/inflation-data,"global trade talks collapse, causing market turmoil",19,Social,1,1,2025,-1.0
672,672,672,672,672,2025-06-22,Quarterly report shows surprising losses for retail giants,Economic Times,Antitrust Investigation,TSX,-1.1,50.81,Negative,Technology,Low,Lockheed Martin,,quarterly report shows surprising losses for retail giants,15,Governance,0,0,2025,-1.0
673,673,673,673,673,2025-03-14,Nikkei 225 index benefits from a weaker yen,Bloomberg,Human Rights Allegation,IBOVESPA,-3.6,188.44,Positive,Utilities,Low,Intel,https://www.bloomberg.com/australia/asx-200-performance,nikkei 225 index benefits from a weaker yen,8,Social,0,0,2025,1.0
674,674,674,674,674,2025-05-09,Consumer confidence index reaches a decade high,The Economist,Labor Rights Violation,Hang Seng,1.4,45.16,Negative,Pharmaceuticals,High,Lockheed Martin,https://www.cnbc.com/2025/12/healthcare-sector-outlook,consumer confidence index reaches a decade high,17,Social,2,1,2025,-1.0
675,675,675,675,675,2025-03-15,Pharmaceutical company's drug approval drives stock upward,Forbes,Executive Misconduct,CAC 40,1.54,63.18,Negative,Industrials,Medium,Intel,https://www.wsj.com/europe/dax-performance,pharmaceutical company's drug approval drives stock upward,16,Governance,1,1,2025,-1.0
676,676,676,676,676,2025-06-30,Semiconductor shortages weigh heavily on tech sector profits,Reuters,Regulatory Compliance Failure,BSE Sensex,-2.58,121.64,Positive,Utilities,Low,Chevron Corporation,https://www.theeconomist.com/world/government-policy-announcement,semiconductor shortages weigh heavily on tech sector profits,0,Governance,0,0,2025,1.0
677,677,677,677,677,2025-03-14,Central Bank Governor signals potential shift in policy,Yahoo Finance,Regulatory Compliance Failure,FTSE 100,-2.56,213.26,Negative,Industrials,Medium,Apple Inc.,https://www.theeconomist.com/finance-and-economics/trade-tariffs,central bank governor signals potential shift in policy,11,Governance,1,1,2025,-1.0
678,678,678,678,678,2025-03-12,Healthcare stocks gain on robust demand and strong outlook,Wall Street Journal,Antitrust Investigation,S&P/TSX Composite,2.05,352.73,Negative,Pharmaceuticals,High,JPMorgan Chase,https://www.moneycontrol.com/us-markets/nasdaq-composite,healthcare stocks gain on robust demand and strong outlook,12,Governance,2,1,2025,-1.0
679,679,679,679,679,2025-07-16,Market sentiment turns positive on vaccine trial results,CNBC,Regulatory Compliance Failure,CAC 40,2.45,123.21,Negative,Real Estate,Low,Exxon Mobil,https://www.business-standard.com/economy/trade-disputes-impact,market sentiment turns positive on vaccine trial results,9,Governance,0,0,2025,-1.0
680,680,680,680,680,2025-05-12,,Barron's,Antitrust Investigation,FTSE 100,-0.75,322.59,Negative,Transportation,Medium,JPMorgan Chase,https://www.cnbc.com/2025/08/russia-ukraine-war-economic-impact,,13,Governance,1,1,2025,-1.0
681,681,681,681,681,2025-05-09,Consumer confidence index reaches a decade high,Business Standard,Regulatory Compliance Failure,FTSE 100,-0.45,77.41,Negative,Automotive,Medium,Intel,https://www.moneycontrol.com/us-markets/sp-500,consumer confidence index reaches a decade high,4,Governance,1,1,2025,-1.0
682,682,682,682,682,2025-04-09,A massive data breach sends a tech company's stock tumbling,Times of India,Accounting Fraud Investigation,ASX 200,-1.66,103.84,Negative,Telecommunications,Low,Chevron Corporation,https://economictimes.indiatimes.com/news/economy/unemployment-rate,a massive data breach sends a tech company's stock tumbling,11,Governance,0,0,2025,-1.0
683,683,683,683,683,2025-02-05,Utilities sector remains stable during market fluctuations,Times of India,Regulatory Compliance Failure,S&P/TSX Composite,-4.68,471.41,,Retail,Low,JPMorgan Chase,https://www.ft.com/content/consumer-confidence-report,utilities sector remains stable during market fluctuations,7,Governance,0,0,2025,
684,684,684,684,684,2025-04-03,E-commerce earnings report beats all analyst expectations,The Hindu Business Line,Regulatory Compliance Failure,Dow Jones,-4.12,105.02,Negative,Construction,Low,Intel,https://www.ft.com/content/media-entertainment-merger,e commerce earnings report beats all analyst expectations,10,Governance,0,0,2025,-1.0
685,685,685,685,685,2025-05-14,Utilities sector remains stable during market fluctuations,The Economist,Accounting Fraud Investigation,Russell 2000,4.73,167.49,Negative,Healthcare,High,JPMorgan Chase,https://www.forbes.com/finance/geopolitical-event-impact,utilities sector remains stable during market fluctuations,18,Governance,2,1,2025,-1.0
686,686,686,686,686,2025-07-19,Dow Jones plunges as market fears recession,Economic Times,Antitrust Investigation,Dow Jones,4.24,139.29,Neutral,Telecommunications,Medium,General Motors,https://www.cnbc.com/2025/12/healthcare-sector-outlook,dow jones plunges as market fears recession,12,Governance,1,1,2025,0.0
687,687,687,687,687,2025-03-08,Nikkei 225 index benefits from a weaker yen,The Hindu Business Line,Antitrust Investigation,Nasdaq Composite,0.42,417.56,Positive,Agriculture,Low,Lockheed Martin,https://economictimes.indiatimes.com/industry/industrials,nikkei 225 index benefits from a weaker yen,9,Governance,0,0,2025,1.0
688,688,688,688,688,2025-03-11,Unexpected rise in unemployment fuels market pessimism,Reuters,Accounting Fraud Investigation,Russell 2000,,138.54,,Real Estate,Medium,Lockheed Martin,https://economictimes.indiatimes.com/news/transportation,unexpected rise in unemployment fuels market pessimism,12,Governance,1,1,2025,
689,689,689,689,689,2025-05-13,Central bank maintains status quo on interest rates,Financial Times,Climate Regulation Breach,Nasdaq Composite,2.8,135.57,Neutral,Consumer Goods,Medium,Exxon Mobil,https://www.wsj.com/europe/dax-performance,central bank maintains status quo on interest rates,2,Environmental,1,1,2025,0.0
690,690,690,690,690,2025-05-24,New IPO for a popular software firm is oversubscribed,Investopedia,Executive Misconduct,DAX,-2.86,255.54,Negative,Media & Entertainment,High,Intel,https://www.business-standard.com/economy/inflation-data,new ipo for a popular software firm is oversubscribed,12,Governance,2,1,2025,-1.0
691,691,691,691,691,2025-05-16,Major technology firm acquires a smaller rival in a multi-billion dollar deal,Investopedia,Accounting Fraud Investigation,KOSPI,-3.22,44.35,Negative,Industrials,High,Exxon Mobil,https://timesofindia.indiatimes.com/business/agriculture-sector,major technology firm acquires a smaller rival in a multi billion dollar deal,15,Governance,2,1,2025,-1.0
692,692,692,692,692,2025-08-08,Consumer Discretionary stocks outperform as spending increases,Barron's,Antitrust Investigation,IBOVESPA,4.54,428.4,Positive,Energy,Medium,JPMorgan Chase,https://www.wsj.com/china/market-regulation,consumer discretionary stocks outperform as spending increases,11,Governance,1,1,2025,1.0
693,693,693,693,693,2025-04-27,UK's FTSE 100 sees a boost from favorable trade data,Investopedia,Worker Strike,Nasdaq Composite,-1.91,93.55,Neutral,Automotive,Low,Intel,https://www.bloomberg.com/canada/tsunami-warnings,uk's ftse 100 sees a boost from favorable trade data,8,Social,0,0,2025,0.0
694,694,694,694,694,2025-07-17,New regulations on cryptocurrencies cause a market dip,Reuters,Accounting Fraud Investigation,Hang Seng,1.26,77.07,Positive,Utilities,Low,Chevron Corporation,https://www.reuters.com/markets/stocks/tech-rally,new regulations on cryptocurrencies cause a market dip,16,Governance,0,0,2025,1.0
695,695,695,695,695,2025-05-29,Market braces for a major policy announcement from the EU,The Motley Fool,Regulatory Compliance Failure,KOSPI,-0.33,431.14,Neutral,Transportation,Medium,Apple Inc.,https://www.ft.com/content/media-entertainment-merger,market braces for a major policy announcement from the eu,18,Governance,1,1,2025,0.0
696,696,696,696,696,2025-04-09,Consumer confidence index reaches a decade high,Mint,Regulatory Compliance Failure,ASX 200,1.2,312.51,Positive,Finance,Low,General Motors,https://www.reuters.com/markets/stocks/tech-rally,consumer confidence index reaches a decade high,9,Governance,0,0,2025,1.0
697,697,697,697,697,2025-08-13,Nikkei 225 index benefits from a weaker yen,Investopedia,Product Safety Recall,S&P/TSX Composite,-3.79,293.62,,Automotive,Medium,Lockheed Martin,https://www.business-standard.com/international-business/trade-policy,nikkei 225 index benefits from a weaker yen,8,Social,1,1,2025,
698,698,698,698,698,2025-03-24,Media and Entertainment companies report a surge in streaming revenue,CNBC,Labor Rights Violation,CAC 40,1.15,214.93,Negative,Finance,High,Bank of America,https://www.wsj.com/europe/regulatory-changes,media and entertainment companies report a surge in streaming revenue,8,Social,2,1,2025,-1.0
699,699,699,699,699,2025-05-18,Banking stocks dip after a major scandal is revealed,Times of India,Executive Misconduct,KOSPI,4.21,237.16,Negative,Materials,High,Chevron Corporation,https://www.ft.com/content/media-entertainment-merger,banking stocks dip after a major scandal is revealed,10,Governance,2,1,2025,-1.0
700,700,700,700,700,2025-07-31,Government spending bill is expected to stimulate the economy,The Hindu Business Line,Executive Misconduct,FTSE 100,-1.59,84.79,Negative,Healthcare,High,Microsoft,https://www.forbes.com/crypto/cryptocurrency-regulation,government spending bill is expected to stimulate the economy,10,Governance,2,1,2025,-1.0
701,701,701,701,701,2025-02-19,Media and Entertainment companies report a surge in streaming revenue,Mint,Antitrust Investigation,TSX,-1.52,79.94,Negative,Construction,High,Chevron Corporation,https://www.bloomberg.com/australia/asx-200-performance,media and entertainment companies report a surge in streaming revenue,9,Governance,2,1,2025,-1.0
702,702,702,702,702,2025-03-14,Mining company stock surges on commodity price boom,Economic Times,Regulatory Compliance Failure,Dow Jones,0.74,256.35,,Retail,Low,JPMorgan Chase,https://www.reuters.com/business/energy/oil-market-update,mining company stock surges on commodity price boom,13,Governance,0,0,2025,
703,703,703,703,703,2025-04-19,Semiconductor shortages weigh heavily on tech sector profits,CNBC,Regulatory Compliance Failure,Russell 2000,-3.33,217.32,Negative,Transportation,High,Bank of America,https://www.business-standard.com/international-business/trade-policy,semiconductor shortages weigh heavily on tech sector profits,7,Governance,2,1,2025,-1.0
704,704,704,704,704,2025-06-19,Pharmaceutical company's drug approval drives stock upward,Investopedia,Executive Misconduct,Russell 2000,-1.63,129.35,Negative,Consumer Goods,High,Intel,https://www.reuters.com/markets/indices/nikkei-225,pharmaceutical company's drug approval drives stock upward,10,Governance,2,1,2025,-1.0
705,705,705,705,705,2025-05-31,E-commerce earnings report beats all analyst expectations,CNBC,Antitrust Investigation,BSE Sensex,2.75,118.17,Neutral,Real Estate,Low,Intel,https://www.cnbc.com/2025/11/major-merger-deal-approved,e commerce earnings report beats all analyst expectations,14,Governance,0,0,2025,0.0
706,706,706,706,706,2025-08-06,Consumer Discretionary stocks outperform as spending increases,Times of India,Executive Misconduct,Shanghai Composite,-2.34,383.46,Positive,Agriculture,Low,Exxon Mobil,,consumer discretionary stocks outperform as spending increases,0,Governance,0,0,2025,1.0
707,707,707,707,707,2025-06-06,Media and Entertainment companies report a surge in streaming revenue,Mint,Executive Misconduct,FTSE 100,2.48,359.41,Positive,Media & Entertainment,Low,Intel,https://timesofindia.indiatimes.com/business/finance/banking-sector-news,media and entertainment companies report a surge in streaming revenue,6,Governance,0,0,2025,1.0
708,708,708,708,708,2025-05-18,Real Estate sector shows signs of overheating as interest rates fall,MarketWatch,Regulatory Compliance Failure,S&P 500,,129.66,Neutral,Agriculture,Medium,General Motors,https://timesofindia.indiatimes.com/business/finance/banking-sector-news,real estate sector shows signs of overheating as interest rates fall,1,Governance,1,1,2025,0.0
709,709,709,709,709,2025-03-08,Banking stocks dip after a major scandal is revealed,Barron's,Accounting Fraud Investigation,BSE Sensex,-3.72,483.29,Negative,Consumer Goods,Low,Ford Motor Company,https://timesofindia.indiatimes.com/business/markets/stock-market-crash,banking stocks dip after a major scandal is revealed,6,Governance,0,0,2025,-1.0
710,710,710,710,710,2025-06-13,Government subsidy program gives a lift to the agriculture sector,Bloomberg,Executive Misconduct,BSE Sensex,1.07,221.73,Neutral,Aerospace & Defense,Medium,General Motors,https://www.wsj.com/japan/economic-data-release,government subsidy program gives a lift to the agriculture sector,18,Governance,1,1,2025,0.0
711,711,711,711,711,2025-06-06,Financial sector bracing for new capital requirements,Economic Times,Executive Misconduct,ASX 200,-4.05,48.05,Negative,Pharmaceuticals,Medium,Exxon Mobil,https://www.moneycontrol.com/india/ipo-news/new-firm-launches,financial sector bracing for new capital requirements,1,Governance,1,1,2025,-1.0
712,712,712,712,712,2025-05-09,Tech Giant's New Product Launch Sparks Sector-Wide Gains,The Motley Fool,Antitrust Investigation,NSE Nifty,-2.4,173.26,Negative,Construction,Low,Apple Inc.,https://www.business-standard.com/economy/economic-stimulus,tech giant's new product launch sparks sector wide gains,1,Governance,0,0,2025,-1.0
713,713,713,713,713,2025-05-02,Automotive industry faces headwinds from rising material costs,MarketWatch,Human Rights Allegation,Russell 2000,-2.9,366.59,Negative,Telecommunications,High,Microsoft,https://www.reuters.com/business/energy/oil-market-update,automotive industry faces headwinds from rising material costs,3,Social,2,1,2025,-1.0
714,714,714,714,714,2025-07-29,Consumer confidence index reaches a decade high,Yahoo Finance,Accounting Fraud Investigation,Shanghai Composite,1.57,248.99,Negative,Telecommunications,Low,Ford Motor Company,https://www.moneycontrol.com/us-markets/sp-500,consumer confidence index reaches a decade high,14,Governance,0,0,2025,-1.0
715,715,715,715,715,2025-05-07,New IPO for a popular software firm is oversubscribed,Business Standard,Accounting Fraud Investigation,IBOVESPA,3.21,88.4,Neutral,Consumer Goods,Low,Bank of America,https://www.wsj.com/europe/regulatory-changes,new ipo for a popular software firm is oversubscribed,11,Governance,0,0,2025,0.0
716,716,716,716,716,2025-02-05,Crude oil prices drop to a multi-year low,The Motley Fool,Regulatory Compliance Failure,Hang Seng,0.74,39.3,Negative,Industrials,High,Apple Inc.,https://www.business-standard.com/economy/trade-disputes-impact,crude oil prices drop to a multi year low,9,Governance,2,1,2025,-1.0
717,717,717,717,717,2025-03-28,Crude oil prices drop to a multi-year low,Barron's,Accounting Fraud Investigation,Euro Stoxx 50,2.52,18.22,Positive,Industrials,Medium,Lockheed Martin,https://timesofindia.indiatimes.com/business/finance/banking-sector-news,crude oil prices drop to a multi year low,4,Governance,1,1,2025,1.0
718,718,718,718,718,2025-03-10,Aerospace and Defense sector sees rally amid geopolitical tensions,MarketWatch,Accounting Fraud Investigation,S&P/TSX Composite,-1.82,491.64,Neutral,Utilities,Medium,Microsoft,https://www.marketwatch.com/story/consumer-goods-report,aerospace and defense sector sees rally amid geopolitical tensions,15,Governance,1,1,2025,0.0
719,719,719,719,719,2025-03-28,Manufacturing PMI data signals economic expansion,The Hindu Business Line,Executive Misconduct,S&P 500,3.51,64.51,,Finance,Low,Microsoft,https://www.business-standard.com/finance/corporate-earnings,manufacturing pmi data signals economic expansion,12,Governance,0,0,2025,
720,720,720,720,720,2025-07-15,Automotive industry faces headwinds from rising material costs,Wall Street Journal,Antitrust Investigation,NSE Nifty,-3.21,351.98,Positive,Energy,Low,Intel,https://www.reuters.com/business/retail-sector-earnings,automotive industry faces headwinds from rising material costs,14,Governance,0,0,2025,1.0
721,721,721,721,721,2025-03-30,,Barron's,Regulatory Compliance Failure,KOSPI,1.5,197.04,Positive,Real Estate,Medium,Chevron Corporation,https://www.cnbc.com/2025/09/automotive-industry-trends,,18,Governance,1,1,2025,1.0
722,722,722,722,722,2025-07-31,Semiconductor shortages weigh heavily on tech sector profits,Forbes,Carbon Emissions Violation,Nasdaq Composite,-0.22,405.36,Positive,Agriculture,Low,Lockheed Martin,https://www.marketwatch.com/story/commodities-price-shock,semiconductor shortages weigh heavily on tech sector profits,2,Environmental,0,0,2025,1.0
723,723,723,723,723,2025-06-24,,Forbes,Worker Strike,TSX,2.74,110.24,Negative,Agriculture,High,Ford Motor Company,https://www.moneycontrol.com/us-markets/sp-500,,17,Social,2,1,2025,-1.0
724,724,724,724,724,2025-07-09,Banking stocks dip after a major scandal is revealed,Yahoo Finance,Antitrust Investigation,BSE Sensex,0.19,184.26,Neutral,Automotive,Low,Apple Inc.,https://www.moneycontrol.com/us-markets/sp-500,banking stocks dip after a major scandal is revealed,11,Governance,0,0,2025,0.0
725,725,725,725,725,2025-08-03,New housing data release shows a slowdown in market activity,Barron's,Product Safety Recall,Hang Seng,-3.21,320.75,Positive,Real Estate,Low,Apple Inc.,https://www.investopedia.com/articles/supply-chain-disruption,new housing data release shows a slowdown in market activity,8,Social,0,0,2025,1.0
726,726,726,726,726,2025-03-01,Geopolitical ceasefire prompts a broad market recovery,The Hindu Business Line,Worker Strike,Dow Jones,-4.54,290.54,Positive,Media & Entertainment,Medium,Lockheed Martin,https://www.bloomberg.com/asia/policy/central-bank-meeting,geopolitical ceasefire prompts a broad market recovery,3,Social,1,1,2025,1.0
727,727,727,727,727,2025-03-23,,Seeking Alpha,Labor Rights Violation,Russell 2000,-2.18,106.58,Negative,Telecommunications,High,Exxon Mobil,https://www.cnbc.com/2025/10/real-estate-market-analysis,,3,Social,2,1,2025,-1.0
728,728,728,728,728,2025-07-22,Real Estate sector shows signs of overheating as interest rates fall,Forbes,Accounting Fraud Investigation,CAC 40,,113.36,Negative,Real Estate,Low,General Motors,https://www.reuters.com/markets/indices/nikkei-225,real estate sector shows signs of overheating as interest rates fall,14,Governance,0,0,2025,-1.0
729,729,729,729,729,2025-07-10,,Reuters,Worker Strike,BSE Sensex,-3.96,141.4,Neutral,Retail,Medium,Ford Motor Company,https://www.moneycontrol.com/india/ipo-news/new-firm-launches,,19,Social,1,1,2025,0.0
730,730,730,730,730,2025-02-18,Major technology firm acquires a smaller rival in a multi-billion dollar deal,Financial Times,Environmental Spill,BSE Sensex,4.02,182.61,Negative,Finance,Medium,Bank of America,https://economictimes.indiatimes.com/news/economy/unemployment-rate,major technology firm acquires a smaller rival in a multi billion dollar deal,2,Environmental,1,1,2025,-1.0
731,731,731,731,731,2025-06-27,Semiconductor shortages weigh heavily on tech sector profits,Investopedia,Regulatory Compliance Failure,IBOVESPA,-0.12,468.78,Negative,Construction,Medium,Lockheed Martin,https://www.ft.com/content/currency-devaluation,semiconductor shortages weigh heavily on tech sector profits,15,Governance,1,1,2025,-1.0
732,732,732,732,732,2025-06-28,"Global trade talks collapse, causing market turmoil",Reuters,Antitrust Investigation,Hang Seng,-3.92,13.39,Negative,Consumer Goods,High,Apple Inc.,https://www.moneycontrol.com/us-markets/sp-500,"global trade talks collapse, causing market turmoil",1,Governance,2,1,2025,-1.0
733,733,733,733,733,2025-07-10,Major oil spill sends energy stocks plummeting,Bloomberg,Executive Misconduct,NSE Nifty,0.03,487.44,Neutral,Retail,Medium,General Motors,https://www.wsj.com/china/market-rally,major oil spill sends energy stocks plummeting,16,Governance,1,1,2025,0.0
734,734,734,734,734,2025-05-16,Healthcare stocks gain on robust demand and strong outlook,Forbes,Executive Misconduct,S&P/TSX Composite,-2.16,416.62,Positive,Industrials,Medium,Microsoft,https://timesofindia.indiatimes.com/business/markets/stock-market-crash,healthcare stocks gain on robust demand and strong outlook,0,Governance,1,1,2025,1.0
735,735,735,735,735,2025-04-11,E-commerce earnings report beats all analyst expectations,Times of India,Accounting Fraud Investigation,KOSPI,3.06,273.91,Positive,Media & Entertainment,Medium,Ford Motor Company,https://www.bloomberg.com/asia/policy/central-bank-meeting,e commerce earnings report beats all analyst expectations,9,Governance,1,1,2025,1.0
736,736,736,736,736,2025-02-11,UK's FTSE 100 sees a boost from favorable trade data,Forbes,Human Rights Allegation,Russell 2000,-0.78,223.88,Negative,Industrials,High,Ford Motor Company,https://www.wsj.com/europe/regulatory-changes,uk's ftse 100 sees a boost from favorable trade data,8,Social,2,1,2025,-1.0
737,737,737,737,737,2025-06-26,Major oil spill sends energy stocks plummeting,Bloomberg,Regulatory Compliance Failure,S&P 500,-4.42,276.41,Positive,Utilities,Low,Ford Motor Company,https://www.investopedia.com/articles/government-policy-announcement,major oil spill sends energy stocks plummeting,11,Governance,0,0,2025,1.0
738,738,738,738,738,2025-03-29,Consumer Discretionary stocks outperform as spending increases,Bloomberg,Executive Misconduct,CAC 40,0.46,442.51,Negative,Industrials,High,Apple Inc.,https://www.reuters.com/markets/indices/ftse-100,consumer discretionary stocks outperform as spending increases,15,Governance,2,1,2025,-1.0
739,739,739,739,739,2025-05-23,Healthcare stocks gain on robust demand and strong outlook,Mint,Worker Strike,TSX,-3.64,142.03,Positive,Media & Entertainment,Low,Apple Inc.,https://www.forbes.com/finance/geopolitical-event-impact,healthcare stocks gain on robust demand and strong outlook,8,Social,0,0,2025,1.0
740,740,740,740,740,2025-06-02,Supply chain issues impact manufacturing sector earnings,Reuters,Regulatory Compliance Failure,CAC 40,2.97,174.53,Neutral,Retail,Medium,Chevron Corporation,https://www.investopedia.com/articles/government-policy-announcement,supply chain issues impact manufacturing sector earnings,1,Governance,1,1,2025,0.0
741,741,741,741,741,2025-05-09,Financial services stocks rally on strong profit margins,CNBC,Accounting Fraud Investigation,BSE Sensex,0.42,398.15,Positive,Finance,Low,Bank of America,https://www.ft.com/content/consumer-confidence-report,financial services stocks rally on strong profit margins,1,Governance,0,0,2025,1.0
742,742,742,742,742,2025-04-27,Major oil spill sends energy stocks plummeting,Financial Times,Accounting Fraud Investigation,S&P 500,4.9,55.31,Neutral,Real Estate,Medium,General Motors,https://www.business-standard.com/international-business/trade-policy,major oil spill sends energy stocks plummeting,10,Governance,1,1,2025,0.0
743,743,743,743,743,2025-04-27,New IPO for a popular software firm is oversubscribed,Forbes,Regulatory Compliance Failure,KOSPI,0.43,474.22,Positive,Finance,Low,Microsoft,https://www.reuters.com/markets/indices/nikkei-225,new ipo for a popular software firm is oversubscribed,13,Governance,0,0,2025,1.0
744,744,744,744,744,2025-03-22,Mining company stock surges on commodity price boom,Reuters,Antitrust Investigation,Dow Jones,-2.17,400.47,Neutral,Transportation,Medium,Lockheed Martin,https://www.business-standard.com/economy/inflation-data,mining company stock surges on commodity price boom,15,Governance,1,1,2025,0.0
745,745,745,745,745,2025-06-28,Major technology firm acquires a smaller rival in a multi-billion dollar deal,CNBC,Antitrust Investigation,Nikkei 225,-1.33,294.01,Negative,Energy,High,Intel,https://www.reuters.com/business/retail-sector-earnings,major technology firm acquires a smaller rival in a multi billion dollar deal,0,Governance,2,1,2025,-1.0
746,746,746,746,746,2025-07-17,A massive data breach sends a tech company's stock tumbling,The Motley Fool,Regulatory Compliance Failure,Dow Jones,4.95,6.73,Negative,Automotive,Medium,Lockheed Martin,https://www.reuters.com/business/energy/oil-market-update,a massive data breach sends a tech company's stock tumbling,15,Governance,1,1,2025,-1.0
747,747,747,747,747,2025-05-01,Major oil spill sends energy stocks plummeting,Yahoo Finance,Accounting Fraud Investigation,KOSPI,-3.56,119.21,Negative,Utilities,High,Lockheed Martin,https://www.cnbc.com/2025/10/real-estate-market-analysis,major oil spill sends energy stocks plummeting,15,Governance,2,1,2025,-1.0
748,748,748,748,748,2025-02-19,A massive data breach sends a tech company's stock tumbling,Business Standard,Antitrust Investigation,KOSPI,-4.6,441.35,Negative,Real Estate,High,Microsoft,https://www.moneycontrol.com/us-markets/nasdaq-composite,a massive data breach sends a tech company's stock tumbling,18,Governance,2,1,2025,-1.0
749,749,749,749,749,2025-07-07,Gold prices surge as investors flee riskier assets,Economic Times,Regulatory Compliance Failure,Nikkei 225,3.09,437.26,Positive,Real Estate,Low,General Motors,https://www.moneycontrol.com/india/ipo-news/new-firm-launches,gold prices surge as investors flee riskier assets,13,Governance,0,0,2025,1.0
750,750,750,750,750,2025-06-07,Crude oil prices drop to a multi-year low,Reuters,Accounting Fraud Investigation,ASX 200,3.07,226.53,Neutral,Materials,Medium,Exxon Mobil,https://www.reuters.com/markets/stocks/tech-rally,crude oil prices drop to a multi year low,14,Governance,1,1,2025,0.0
751,751,751,751,751,2025-06-20,Consumer Discretionary stocks outperform as spending increases,Economic Times,Antitrust Investigation,Hang Seng,-2.92,106.52,Positive,Finance,Medium,Exxon Mobil,https://economictimes.indiatimes.com/news/transportation,consumer discretionary stocks outperform as spending increases,14,Governance,1,1,2025,1.0
752,752,752,752,752,2025-04-02,Geopolitical ceasefire prompts a broad market recovery,Financial Times,Antitrust Investigation,CAC 40,-4.94,191.08,Negative,Telecommunications,Low,Chevron Corporation,https://www.moneycontrol.com/us-markets/dow-jones-industrial,geopolitical ceasefire prompts a broad market recovery,16,Governance,0,0,2025,-1.0
753,753,753,753,753,2025-06-18,ASX 200 gains on strong export performance,Barron's,Carbon Emissions Violation,IBOVESPA,2.99,458.44,Negative,Finance,High,Lockheed Martin,https://www.bloomberg.com/australia/asx-200-performance,asx 200 gains on strong export performance,2,Environmental,2,1,2025,-1.0
754,754,754,754,754,2025-04-03,New housing data release shows a slowdown in market activity,The Motley Fool,Executive Misconduct,ASX 200,-2.06,36.55,Positive,Consumer Goods,Low,Microsoft,https://www.bloomberg.com/asia/policy/central-bank-meeting,new housing data release shows a slowdown in market activity,13,Governance,0,0,2025,1.0
755,755,755,755,755,2025-06-21,,CNBC,Regulatory Compliance Failure,ASX 200,-3.39,97.68,Positive,Energy,Low,Microsoft,https://www.ft.com/content/media-entertainment-merger,,15,Governance,0,0,2025,1.0
756,756,756,756,756,2025-05-30,Dow Jones plunges as market fears recession,The Motley Fool,Accounting Fraud Investigation,Shanghai Composite,4.69,283.84,Positive,Pharmaceuticals,Medium,Lockheed Martin,https://economictimes.indiatimes.com/news/economy/unemployment-rate,dow jones plunges as market fears recession,12,Governance,1,1,2025,1.0
757,757,757,757,757,2025-04-26,,Forbes,Accounting Fraud Investigation,FTSE 100,-3.76,488.47,Positive,Consumer Goods,Low,General Motors,https://timesofindia.indiatimes.com/business/agriculture-sector,,4,Governance,0,0,2025,1.0
758,758,758,758,758,2025-06-02,Tech Giant's New Product Launch Sparks Sector-Wide Gains,The Economist,Antitrust Investigation,Nikkei 225,-3.18,115.41,Neutral,Agriculture,Low,Apple Inc.,https://www.cnbc.com/2025/09/automotive-industry-trends,tech giant's new product launch sparks sector wide gains,4,Governance,0,0,2025,0.0
759,759,759,759,759,2025-04-20,Gold prices surge as investors flee riskier assets,Barron's,Antitrust Investigation,KOSPI,-3.84,259.79,Negative,Telecommunications,High,Microsoft,https://www.reuters.com/markets/stocks/tech-rally,gold prices surge as investors flee riskier assets,11,Governance,2,1,2025,-1.0
760,760,760,760,760,2025-05-28,Crude oil prices drop to a multi-year low,Economic Times,Antitrust Investigation,TSX,0.58,204.53,Negative,Aerospace & Defense,High,Exxon Mobil,https://www.reuters.com/markets/indices/ftse-100,crude oil prices drop to a multi year low,9,Governance,2,1,2025,-1.0
761,761,761,761,761,2025-07-06,Central bank maintains status quo on interest rates,Financial Times,Executive Misconduct,TSX,-3.55,2.93,Neutral,Automotive,Medium,Apple Inc.,https://www.ft.com/content/media-entertainment-merger,central bank maintains status quo on interest rates,12,Governance,1,1,2025,0.0
762,762,762,762,762,2025-06-23,Government subsidy program gives a lift to the agriculture sector,Bloomberg,Regulatory Compliance Failure,Hang Seng,-2.31,41.71,Neutral,Technology,Low,Bank of America,https://www.business-standard.com/economy/economic-stimulus,government subsidy program gives a lift to the agriculture sector,9,Governance,0,0,2025,0.0
763,763,763,763,763,2025-02-27,ASX 200 gains on strong export performance,Forbes,Executive Misconduct,Shanghai Composite,1.31,402.62,Neutral,Materials,Low,General Motors,https://www.cnbc.com/2025/12/healthcare-sector-outlook,asx 200 gains on strong export performance,14,Governance,0,0,2025,0.0
764,764,764,764,764,2025-05-16,New housing data release shows a slowdown in market activity,MarketWatch,Accounting Fraud Investigation,S&P/TSX Composite,-1.23,396.52,Positive,Construction,Low,JPMorgan Chase,https://www.ft.com/content/geopolitical-summit,new housing data release shows a slowdown in market activity,5,Governance,0,0,2025,1.0
765,765,765,765,765,2025-02-04,Government subsidy program gives a lift to the agriculture sector,The Hindu Business Line,Accounting Fraud Investigation,Shanghai Composite,0.01,363.64,Negative,Agriculture,Low,Lockheed Martin,https://www.moneycontrol.com/us-markets/nasdaq-composite,government subsidy program gives a lift to the agriculture sector,6,Governance,0,0,2025,-1.0
766,766,766,766,766,2025-07-12,Media and Entertainment companies report a surge in streaming revenue,Reuters,Regulatory Compliance Failure,Nasdaq Composite,-3.91,281.33,Negative,Consumer Goods,Low,Intel,https://www.ft.com/content/currency-devaluation,media and entertainment companies report a surge in streaming revenue,18,Governance,0,0,2025,-1.0
767,767,767,767,767,2025-04-08,Central Bank Governor signals potential shift in policy,The Motley Fool,Executive Misconduct,TSX,3.09,162.77,Neutral,Materials,Medium,Lockheed Martin,https://www.moneycontrol.com/us-markets/sp-500,central bank governor signals potential shift in policy,9,Governance,1,1,2025,0.0
768,768,768,768,768,2025-08-08,Massive stock buyback program announced by a consumer goods company,Times of India,Regulatory Compliance Failure,TSX,-0.38,474.6,Negative,Agriculture,High,Microsoft,https://www.ft.com/content/tech-sector-innovation,massive stock buyback program announced by a consumer goods company,4,Governance,2,1,2025,-1.0
769,769,769,769,769,2025-06-10,Retail sales report surpasses all forecasts,Wall Street Journal,Accounting Fraud Investigation,Euro Stoxx 50,-0.58,282.54,Positive,Real Estate,Low,Lockheed Martin,https://www.moneycontrol.com/us-markets/nasdaq-composite,retail sales report surpasses all forecasts,9,Governance,0,0,2025,1.0
770,770,770,770,770,2025-04-20,Real Estate sector shows signs of overheating as interest rates fall,Bloomberg,Accounting Fraud Investigation,KOSPI,4.83,158.89,,Pharmaceuticals,Medium,JPMorgan Chase,,real estate sector shows signs of overheating as interest rates fall,6,Governance,1,1,2025,
771,771,771,771,771,2025-05-21,Central Bank's dovish tone hints at future rate cuts,Reuters,Executive Misconduct,CAC 40,2.67,311.06,Positive,Media & Entertainment,Low,Microsoft,,central bank's dovish tone hints at future rate cuts,15,Governance,0,0,2025,1.0
772,772,772,772,772,2025-07-02,ASX 200 gains on strong export performance,Seeking Alpha,Executive Misconduct,Russell 2000,-3.81,367.06,Positive,Finance,Low,Intel,,asx 200 gains on strong export performance,11,Governance,0,0,2025,1.0
773,773,773,773,773,2025-04-06,Healthcare stocks gain on robust demand and strong outlook,Barron's,Labor Rights Violation,Shanghai Composite,-3.02,486.44,Positive,Utilities,Low,General Motors,https://www.wsj.com/china/market-rally,healthcare stocks gain on robust demand and strong outlook,8,Social,0,0,2025,1.0
774,774,774,774,774,2025-04-02,,The Economist,Labor Rights Violation,BSE Sensex,2.17,290.9,Positive,Aerospace & Defense,Medium,Microsoft,https://www.bloomberg.com/australia/asx-200-performance,,8,Social,1,1,2025,1.0
775,775,775,775,775,2025-06-23,Consumer Discretionary stocks outperform as spending increases,Financial Times,Executive Misconduct,Euro Stoxx 50,-2.34,319.95,Neutral,Real Estate,Low,Lockheed Martin,https://www.bloomberg.com/australia/asx-200-performance,consumer discretionary stocks outperform as spending increases,9,Governance,0,0,2025,0.0
776,776,776,776,776,2025-05-20,Government spending bill is expected to stimulate the economy,Seeking Alpha,Executive Misconduct,Dow Jones,-2.77,141.85,Negative,Automotive,High,Apple Inc.,https://www.cnbc.com/2025/09/automotive-industry-trends,government spending bill is expected to stimulate the economy,5,Governance,2,1,2025,-1.0
777,777,777,777,777,2025-02-03,Government spending bill is expected to stimulate the economy,The Motley Fool,Labor Rights Violation,ASX 200,3.25,298.77,Negative,Media & Entertainment,High,Intel,https://www.bloomberg.com/canada/tsunami-warnings,government spending bill is expected to stimulate the economy,8,Social,2,1,2025,-1.0
778,778,778,778,778,2025-05-27,New IPO for a popular software firm is oversubscribed,Financial Times,Antitrust Investigation,NSE Nifty,1.08,185.88,Negative,Retail,High,Intel,,new ipo for a popular software firm is oversubscribed,15,Governance,2,1,2025,-1.0
779,779,779,779,779,2025-08-10,Automotive industry faces headwinds from rising material costs,Economic Times,Accounting Fraud Investigation,CAC 40,,394.47,Neutral,Healthcare,Medium,Chevron Corporation,https://www.wsj.com/china/market-regulation,automotive industry faces headwinds from rising material costs,16,Governance,1,1,2025,0.0
780,780,780,780,780,2025-02-13,Central Bank Governor signals potential shift in policy,Seeking Alpha,Product Safety Recall,NSE Nifty,3.28,66.66,Negative,Consumer Goods,High,Intel,https://www.bloomberg.com/canada/tsunami-warnings,central bank governor signals potential shift in policy,19,Social,2,1,2025,-1.0
781,781,781,781,781,2025-07-30,Government subsidy program gives a lift to the agriculture sector,Mint,Antitrust Investigation,Nikkei 225,-1.32,361.35,Negative,Real Estate,High,Bank of America,https://www.investopedia.com/articles/supply-chain-disruption,government subsidy program gives a lift to the agriculture sector,1,Governance,2,1,2025,-1.0
782,782,782,782,782,2025-03-12,Semiconductor shortages weigh heavily on tech sector profits,The Hindu Business Line,Accounting Fraud Investigation,S&P/TSX Composite,4.49,306.5,Neutral,Pharmaceuticals,Medium,Lockheed Martin,https://www.reuters.com/markets/indices/nikkei-225,semiconductor shortages weigh heavily on tech sector profits,13,Governance,1,1,2025,0.0
783,783,783,783,783,2025-07-21,Merger talks between two banks fall through,Wall Street Journal,Antitrust Investigation,DAX,,19.5,Positive,Industrials,Medium,Microsoft,https://www.cnbc.com/2025/11/major-merger-deal-approved,merger talks between two banks fall through,9,Governance,1,1,2025,1.0
784,784,784,784,784,2025-04-24,ASX 200 gains on strong export performance,Wall Street Journal,Regulatory Compliance Failure,S&P 500,4.03,194.97,Negative,Agriculture,High,JPMorgan Chase,https://www.wsj.com/japan/economic-data-release,asx 200 gains on strong export performance,14,Governance,2,1,2025,-1.0
785,785,785,785,785,2025-06-19,,Yahoo Finance,Accounting Fraud Investigation,CAC 40,-1.2,94.66,Neutral,Pharmaceuticals,Medium,Ford Motor Company,https://economictimes.indiatimes.com/industry/industrials,,15,Governance,1,1,2025,0.0
786,786,786,786,786,2025-06-15,Major technology firm acquires a smaller rival in a multi-billion dollar deal,The Motley Fool,Accounting Fraud Investigation,BSE Sensex,4.35,297.94,Neutral,Industrials,Low,Intel,https://www.reuters.com/business/retail-sector-earnings,major technology firm acquires a smaller rival in a multi billion dollar deal,15,Governance,0,0,2025,0.0
787,787,787,787,787,2025-06-11,Massive stock buyback program announced by a consumer goods company,MarketWatch,Accounting Fraud Investigation,NSE Nifty,-1.91,88.98,Neutral,Retail,Medium,Chevron Corporation,https://www.business-standard.com/finance/corporate-earnings,massive stock buyback program announced by a consumer goods company,12,Governance,1,1,2025,0.0
788,788,788,788,788,2025-07-16,Crude oil prices drop to a multi-year low,Business Standard,Labor Rights Violation,Euro Stoxx 50,-2.81,202.01,Negative,Pharmaceuticals,High,Chevron Corporation,https://www.wsj.com/china/market-regulation,crude oil prices drop to a multi year low,8,Social,2,1,2025,-1.0
789,789,789,789,789,2025-06-10,E-commerce earnings report beats all analyst expectations,The Hindu Business Line,Regulatory Compliance Failure,S&P 500,1.2,106.82,Positive,Automotive,Low,Intel,https://www.ft.com/content/currency-devaluation,e commerce earnings report beats all analyst expectations,10,Governance,0,0,2025,1.0
790,790,790,790,790,2025-03-01,Manufacturing PMI data signals economic expansion,MarketWatch,Antitrust Investigation,Euro Stoxx 50,0.03,183.6,Neutral,Pharmaceuticals,Medium,Ford Motor Company,https://www.investopedia.com/articles/supply-chain-disruption,manufacturing pmi data signals economic expansion,18,Governance,1,1,2025,0.0
791,791,791,791,791,2025-02-11,Federal Reserve Chairman's speech causes market volatility,The Hindu Business Line,Accounting Fraud Investigation,NSE Nifty,0.08,271.89,Negative,Utilities,Low,Bank of America,https://www.wsj.com/china/market-regulation,federal reserve chairman's speech causes market volatility,0,Governance,0,0,2025,-1.0
792,792,792,792,792,2025-04-07,E-commerce earnings report beats all analyst expectations,Seeking Alpha,Executive Misconduct,Nikkei 225,-4.79,4.52,Neutral,Automotive,Medium,Bank of America,https://www.wsj.com/china/market-regulation,e commerce earnings report beats all analyst expectations,18,Governance,1,1,2025,0.0
793,793,793,793,793,2025-03-13,Government subsidy program gives a lift to the agriculture sector,Yahoo Finance,Antitrust Investigation,Russell 2000,-2.04,110.54,Neutral,Agriculture,Low,Microsoft,https://www.business-standard.com/economy/trade-disputes-impact,government subsidy program gives a lift to the agriculture sector,1,Governance,0,0,2025,0.0
794,794,794,794,794,2025-03-01,Financial sector bracing for new capital requirements,Mint,Antitrust Investigation,Euro Stoxx 50,-0.88,326.13,Negative,Consumer Goods,High,Microsoft,https://www.bloomberg.com/australia/asx-200-performance,financial sector bracing for new capital requirements,6,Governance,2,1,2025,-1.0
795,795,795,795,795,2025-07-13,Semiconductor shortages weigh heavily on tech sector profits,Reuters,Antitrust Investigation,Shanghai Composite,3.3,59.3,Negative,Consumer Goods,High,General Motors,https://www.business-standard.com/economy/economic-stimulus,semiconductor shortages weigh heavily on tech sector profits,9,Governance,2,1,2025,-1.0
796,796,796,796,796,2025-04-17,Market sentiment turns positive on vaccine trial results,Reuters,Water Pollution Incident,Shanghai Composite,-0.15,110.04,Negative,Energy,Medium,JPMorgan Chase,https://www.bloomberg.com/middle-east/news/bond-market-fluctuation,market sentiment turns positive on vaccine trial results,2,Environmental,1,1,2025,-1.0
797,797,797,797,797,2025-05-20,Crude oil prices drop to a multi-year low,The Economist,Regulatory Compliance Failure,Dow Jones,0.42,244.33,Negative,Technology,High,JPMorgan Chase,https://economictimes.indiatimes.com/news/transportation,crude oil prices drop to a multi year low,14,Governance,2,1,2025,-1.0
798,798,798,798,798,2025-02-23,Market sentiment turns positive on vaccine trial results,Reuters,Antitrust Investigation,DAX,2.2,233.8,Negative,Automotive,High,Intel,,market sentiment turns positive on vaccine trial results,6,Governance,2,1,2025,-1.0
799,799,799,799,799,2025-04-27,New housing data release shows a slowdown in market activity,Forbes,Antitrust Investigation,Euro Stoxx 50,-1.22,344.02,Neutral,Finance,Low,JPMorgan Chase,https://www.moneycontrol.com/india/ipo-news/new-firm-launches,new housing data release shows a slowdown in market activity,16,Governance,0,0,2025,0.0
800,800,800,800,800,2025-06-05,Utilities sector remains stable during market fluctuations,Barron's,Accounting Fraud Investigation,NSE Nifty,-2.56,389.25,Neutral,Construction,Medium,JPMorgan Chase,https://www.reuters.com/markets/indices/nikkei-225,utilities sector remains stable during market fluctuations,16,Governance,1,1,2025,0.0
801,801,801,801,801,2025-03-08,Real Estate sector shows signs of overheating as interest rates fall,The Hindu Business Line,Water Pollution Incident,TSX,0.62,462.05,Negative,Telecommunications,Medium,General Motors,https://economictimes.indiatimes.com/industry/industrials,real estate sector shows signs of overheating as interest rates fall,2,Environmental,1,1,2025,-1.0
802,802,802,802,802,2025-02-02,Central bank maintains status quo on interest rates,Financial Times,Antitrust Investigation,Hang Seng,0.25,467.27,Negative,Real Estate,High,Bank of America,https://www.cnbc.com/2025/12/healthcare-sector-outlook,central bank maintains status quo on interest rates,0,Governance,2,1,2025,-1.0
803,803,803,803,803,2025-05-01,New IPO for a popular software firm is oversubscribed,Times of India,Antitrust Investigation,NSE Nifty,-1.98,454.31,Negative,Automotive,Medium,Lockheed Martin,https://timesofindia.indiatimes.com/business/markets/stock-market-crash,new ipo for a popular software firm is oversubscribed,14,Governance,1,1,2025,-1.0
804,804,804,804,804,2025-04-10,Government spending bill is expected to stimulate the economy,Reuters,Executive Misconduct,ASX 200,1.67,213.42,Negative,Materials,High,Chevron Corporation,,government spending bill is expected to stimulate the economy,15,Governance,2,1,2025,-1.0
805,805,805,805,805,2025-07-30,Media and Entertainment companies report a surge in streaming revenue,Wall Street Journal,Worker Strike,S&P 500,-4.26,424.94,Neutral,Retail,Low,General Motors,https://www.reuters.com/markets/indices/ftse-100,media and entertainment companies report a surge in streaming revenue,19,Social,0,0,2025,0.0
806,806,806,806,806,2025-04-21,Major technology firm acquires a smaller rival in a multi-billion dollar deal,The Economist,Executive Misconduct,DAX,-0.36,147.58,Neutral,Media & Entertainment,Low,General Motors,https://www.business-standard.com/finance/corporate-earnings,major technology firm acquires a smaller rival in a multi billion dollar deal,18,Governance,0,0,2025,0.0
807,807,807,807,807,2025-02-04,Merger talks between two banks fall through,Bloomberg,Human Rights Allegation,Euro Stoxx 50,-4.82,309.6,Negative,Media & Entertainment,High,General Motors,https://www.reuters.com/markets/stocks/tech-rally,merger talks between two banks fall through,19,Social,2,1,2025,-1.0
808,808,808,808,808,2025-07-06,Dow Jones plunges as market fears recession,MarketWatch,Accounting Fraud Investigation,KOSPI,-0.04,58.16,Neutral,Transportation,Low,Apple Inc.,https://www.cnbc.com/2025/10/real-estate-market-analysis,dow jones plunges as market fears recession,10,Governance,0,0,2025,0.0
809,809,809,809,809,2025-02-21,Utilities sector remains stable during market fluctuations,CNBC,Antitrust Investigation,NSE Nifty,-0.29,207.53,Negative,Automotive,High,Apple Inc.,https://www.marketwatch.com/story/commodities-price-shock,utilities sector remains stable during market fluctuations,16,Governance,2,1,2025,-1.0
810,810,810,810,810,2025-03-17,Market braces for a major policy announcement from the EU,CNBC,Accounting Fraud Investigation,BSE Sensex,0.54,260.41,Negative,Finance,High,General Motors,https://www.forbes.com/finance/geopolitical-event-impact,market braces for a major policy announcement from the eu,15,Governance,2,1,2025,-1.0
811,811,811,811,811,2025-04-02,Geopolitical ceasefire prompts a broad market recovery,Business Standard,Worker Strike,Shanghai Composite,-3.91,173.78,Negative,Automotive,High,Chevron Corporation,https://www.business-standard.com/economy/trade-disputes-impact,geopolitical ceasefire prompts a broad market recovery,8,Social,2,1,2025,-1.0
812,812,812,812,812,2025-04-17,Consumer confidence index reaches a decade high,Bloomberg,Accounting Fraud Investigation,S&P/TSX Composite,2.02,440.1,Positive,Pharmaceuticals,Low,Lockheed Martin,https://www.marketwatch.com/story/commodities-price-shock,consumer confidence index reaches a decade high,4,Governance,0,0,2025,1.0
813,813,813,813,813,2025-06-24,Nikkei 225 index benefits from a weaker yen,MarketWatch,Accounting Fraud Investigation,TSX,-2.9,498.54,Negative,Pharmaceuticals,Medium,General Motors,https://www.cnbc.com/2025/09/automotive-industry-trends,nikkei 225 index benefits from a weaker yen,12,Governance,1,1,2025,-1.0
814,814,814,814,814,2025-06-10,Retail sales report surpasses all forecasts,The Economist,Accounting Fraud Investigation,TSX,4.29,493.81,Negative,Transportation,Low,Bank of America,https://www.marketwatch.com/story/commodities-price-shock,retail sales report surpasses all forecasts,11,Governance,0,0,2025,-1.0
815,815,815,815,815,2025-03-21,Geopolitical ceasefire prompts a broad market recovery,Mint,Regulatory Compliance Failure,Nikkei 225,-1.56,170.85,Negative,Healthcare,High,Ford Motor Company,https://www.reuters.com/markets/indices/nikkei-225,geopolitical ceasefire prompts a broad market recovery,10,Governance,2,1,2025,-1.0
816,816,816,816,816,2025-06-03,China's Shanghai Composite falls after new trade restrictions,Business Standard,Accounting Fraud Investigation,Shanghai Composite,2.43,125.05,Positive,Automotive,Low,Apple Inc.,https://www.wsj.com/japan/economic-data-release,china's shanghai composite falls after new trade restrictions,9,Governance,0,0,2025,1.0
817,817,817,817,817,2025-03-30,UK's FTSE 100 sees a boost from favorable trade data,The Hindu Business Line,Labor Rights Violation,Russell 2000,0.68,140.71,Negative,Transportation,Medium,JPMorgan Chase,https://www.business-standard.com/economy/trade-disputes-impact,uk's ftse 100 sees a boost from favorable trade data,8,Social,1,1,2025,-1.0
818,818,818,818,818,2025-08-05,Energy company's dividend hike excites shareholders,Forbes,Accounting Fraud Investigation,CAC 40,-2.89,92.67,Negative,Pharmaceuticals,Low,Exxon Mobil,,energy company's dividend hike excites shareholders,0,Governance,0,0,2025,-1.0
819,819,819,819,819,2025-06-12,Banking stocks dip after a major scandal is revealed,Business Standard,Executive Misconduct,Euro Stoxx 50,-1.13,275.88,Negative,Pharmaceuticals,High,General Motors,https://www.ft.com/content/tech-sector-innovation,banking stocks dip after a major scandal is revealed,14,Governance,2,1,2025,-1.0
820,820,820,820,820,2025-08-01,A massive data breach sends a tech company's stock tumbling,Seeking Alpha,Climate Regulation Breach,Hang Seng,0.52,107.34,Negative,Healthcare,Low,JPMorgan Chase,https://www.moneycontrol.com/us-markets/sp-500,a massive data breach sends a tech company's stock tumbling,2,Environmental,0,0,2025,-1.0
821,821,821,821,821,2025-08-03,Utilities sector remains stable during market fluctuations,Bloomberg,Antitrust Investigation,NSE Nifty,-0.23,56.9,Positive,Finance,Medium,Bank of America,,utilities sector remains stable during market fluctuations,18,Governance,1,1,2025,1.0
822,822,822,822,822,2025-05-08,Central Bank's dovish tone hints at future rate cuts,Barron's,Labor Rights Violation,TSX,-4.15,145.65,Negative,Real Estate,Medium,Ford Motor Company,,central bank's dovish tone hints at future rate cuts,19,Social,1,1,2025,-1.0
823,823,823,823,823,2025-03-25,Nikkei 225 index benefits from a weaker yen,Forbes,Accounting Fraud Investigation,FTSE 100,0.66,457.49,Negative,Energy,Low,Bank of America,https://timesofindia.indiatimes.com/business/agriculture-sector,nikkei 225 index benefits from a weaker yen,13,Governance,0,0,2025,-1.0
824,824,824,824,824,2025-07-12,Automotive industry faces headwinds from rising material costs,The Economist,Antitrust Investigation,NSE Nifty,-0.36,17.18,Neutral,Pharmaceuticals,Medium,Exxon Mobil,https://www.reuters.com/business/retail-sector-earnings,automotive industry faces headwinds from rising material costs,5,Governance,1,1,2025,0.0
825,825,825,825,825,2025-02-01,Tech Giant's New Product Launch Sparks Sector-Wide Gains,Yahoo Finance,Executive Misconduct,ASX 200,3.42,377.3,Neutral,Finance,Medium,Apple Inc.,https://www.cnbc.com/2025/10/real-estate-market-analysis,tech giant's new product launch sparks sector wide gains,7,Governance,1,1,2025,0.0
826,826,826,826,826,2025-05-23,Real Estate sector shows signs of overheating as interest rates fall,The Hindu Business Line,Accounting Fraud Investigation,NSE Nifty,-3.48,98.93,Neutral,Industrials,Medium,Intel,https://www.cnbc.com/2025/08/russia-ukraine-war-economic-impact,real estate sector shows signs of overheating as interest rates fall,6,Governance,1,1,2025,0.0
827,827,827,827,827,2025-03-04,Financial sector bracing for new capital requirements,Reuters,Antitrust Investigation,NSE Nifty,-0.37,364.94,Positive,Transportation,Low,Ford Motor Company,https://www.moneycontrol.com/us-markets/nasdaq-composite,financial sector bracing for new capital requirements,14,Governance,0,0,2025,1.0
828,828,828,828,828,2025-07-04,Dow Jones plunges as market fears recession,Barron's,Human Rights Allegation,S&P 500,0.12,380.68,Negative,Media & Entertainment,Medium,Chevron Corporation,https://timesofindia.indiatimes.com/business/markets/stock-market-crash,dow jones plunges as market fears recession,3,Social,1,1,2025,-1.0
829,829,829,829,829,2025-06-28,,Mint,Accounting Fraud Investigation,CAC 40,4.84,381.26,Negative,Consumer Goods,Medium,JPMorgan Chase,https://www.moneycontrol.com/india/ipo-news/new-firm-launches,,5,Governance,1,1,2025,-1.0
830,830,830,830,830,2025-02-12,Manufacturing PMI data signals economic expansion,The Motley Fool,Product Safety Recall,Shanghai Composite,3.25,87.09,Negative,Telecommunications,Low,Apple Inc.,https://www.moneycontrol.com/us-markets/dow-jones-industrial,manufacturing pmi data signals economic expansion,19,Social,0,0,2025,-1.0
831,831,831,831,831,2025-08-14,Major oil spill sends energy stocks plummeting,Mint,Antitrust Investigation,FTSE 100,3.02,41.56,Positive,Agriculture,Medium,Intel,https://www.reuters.com/business/energy/oil-market-update,major oil spill sends energy stocks plummeting,5,Governance,1,1,2025,1.0
832,832,832,832,832,2025-06-25,Healthcare stocks gain on robust demand and strong outlook,Wall Street Journal,Labor Rights Violation,FTSE 100,-4.3,414.38,Negative,Utilities,High,Chevron Corporation,https://www.reuters.com/business/retail-sector-earnings,healthcare stocks gain on robust demand and strong outlook,8,Social,2,1,2025,-1.0
833,833,833,833,833,2025-04-20,Manufacturing PMI data signals economic expansion,Barron's,Regulatory Compliance Failure,Euro Stoxx 50,4.06,88.22,Negative,Construction,High,Exxon Mobil,https://www.wsj.com/europe/dax-performance,manufacturing pmi data signals economic expansion,0,Governance,2,1,2025,-1.0
834,834,834,834,834,2025-06-29,Merger talks between two banks fall through,Times of India,Executive Misconduct,Russell 2000,-0.37,308.57,Negative,Technology,Medium,Bank of America,,merger talks between two banks fall through,9,Governance,1,1,2025,-1.0
835,835,835,835,835,2025-06-01,Federal Reserve Chairman's speech causes market volatility,Economic Times,Labor Rights Violation,ASX 200,-0.66,426.34,Negative,Media & Entertainment,Low,General Motors,https://www.wsj.com/europe/dax-performance,federal reserve chairman's speech causes market volatility,17,Social,0,0,2025,-1.0
836,836,836,836,836,2025-02-01,Semiconductor shortages weigh heavily on tech sector profits,Bloomberg,Regulatory Compliance Failure,TSX,-4.68,466.3,Negative,Aerospace & Defense,High,JPMorgan Chase,https://www.cnbc.com/2025/11/major-merger-deal-approved,semiconductor shortages weigh heavily on tech sector profits,5,Governance,2,1,2025,-1.0
837,837,837,837,837,2025-07-12,Geopolitical ceasefire prompts a broad market recovery,MarketWatch,Accounting Fraud Investigation,S&P 500,-0.29,108.83,Negative,Healthcare,High,Microsoft,https://www.wsj.com/europe/dax-performance,geopolitical ceasefire prompts a broad market recovery,9,Governance,2,1,2025,-1.0
838,838,838,838,838,2025-03-29,Consumer confidence index reaches a decade high,Forbes,Regulatory Compliance Failure,KOSPI,4.55,158.8,Positive,Energy,Low,Lockheed Martin,https://www.moneycontrol.com/india/ipo-news/new-firm-launches,consumer confidence index reaches a decade high,15,Governance,0,0,2025,1.0
839,839,839,839,839,2025-06-04,Geopolitical ceasefire prompts a broad market recovery,CNBC,Antitrust Investigation,TSX,2.27,15.3,Negative,Energy,Medium,Chevron Corporation,https://www.reuters.com/business/energy/oil-market-update,geopolitical ceasefire prompts a broad market recovery,4,Governance,1,1,2025,-1.0
840,840,840,840,840,2025-03-25,Semiconductor shortages weigh heavily on tech sector profits,Economic Times,Executive Misconduct,S&P 500,-1.39,372.88,Negative,Transportation,Low,Lockheed Martin,https://www.moneycontrol.com/us-markets/sp-500,semiconductor shortages weigh heavily on tech sector profits,0,Governance,0,0,2025,-1.0
841,841,841,841,841,2025-02-01,Media and Entertainment companies report a surge in streaming revenue,MarketWatch,Accounting Fraud Investigation,Euro Stoxx 50,3.99,411.89,Negative,Transportation,Low,Chevron Corporation,https://www.moneycontrol.com/us-markets/sp-500,media and entertainment companies report a surge in streaming revenue,16,Governance,0,0,2025,-1.0
842,842,842,842,842,2025-04-14,Tech Giant's New Product Launch Sparks Sector-Wide Gains,Business Standard,Executive Misconduct,IBOVESPA,4.69,80.84,Positive,Transportation,Low,Lockheed Martin,https://economictimes.indiatimes.com/news/transportation,tech giant's new product launch sparks sector wide gains,9,Governance,0,0,2025,1.0
843,843,843,843,843,2025-08-07,New housing data release shows a slowdown in market activity,The Economist,Regulatory Compliance Failure,Nikkei 225,-4.06,404.42,Negative,Energy,Medium,Lockheed Martin,https://www.wsj.com/europe/regulatory-changes,new housing data release shows a slowdown in market activity,4,Governance,1,1,2025,-1.0
844,844,844,844,844,2025-02-24,,Times of India,Regulatory Compliance Failure,ASX 200,-0.48,383.33,Negative,Media & Entertainment,Low,Chevron Corporation,https://www.moneycontrol.com/us-markets/dow-jones-industrial,,6,Governance,0,0,2025,-1.0
845,845,845,845,845,2025-05-09,Market sentiment turns positive on vaccine trial results,Mint,Antitrust Investigation,Euro Stoxx 50,2.07,24.32,Neutral,Aerospace & Defense,Low,Apple Inc.,https://www.moneycontrol.com/india/ipo-news/new-firm-launches,market sentiment turns positive on vaccine trial results,5,Governance,0,0,2025,0.0
846,846,846,846,846,2025-03-21,Mining company stock surges on commodity price boom,The Economist,Worker Strike,FTSE 100,-0.47,149.3,Positive,Materials,Low,Intel,https://timesofindia.indiatimes.com/business/finance/banking-sector-news,mining company stock surges on commodity price boom,8,Social,0,0,2025,1.0
847,847,847,847,847,2025-07-19,Central Bank Governor signals potential shift in policy,Reuters,Accounting Fraud Investigation,Russell 2000,4.54,135.74,Neutral,Construction,Low,Lockheed Martin,https://www.cnbc.com/2025/09/automotive-industry-trends,central bank governor signals potential shift in policy,11,Governance,0,0,2025,0.0
848,848,848,848,848,2025-06-14,UK's FTSE 100 sees a boost from favorable trade data,Seeking Alpha,Labor Rights Violation,IBOVESPA,-4.11,456.94,Positive,Industrials,Low,Bank of America,https://www.cnbc.com/2025/08/russia-ukraine-war-economic-impact,uk's ftse 100 sees a boost from favorable trade data,3,Social,0,0,2025,1.0
849,849,849,849,849,2025-04-27,A massive data breach sends a tech company's stock tumbling,Seeking Alpha,Regulatory Compliance Failure,TSX,-0.05,481.3,Positive,Construction,Low,Microsoft,https://timesofindia.indiatimes.com/business/agriculture-sector,a massive data breach sends a tech company's stock tumbling,13,Governance,0,0,2025,1.0
850,850,850,850,850,2025-04-09,Consumer confidence index reaches a decade high,Seeking Alpha,Product Safety Recall,Russell 2000,-2.99,209.45,Positive,Agriculture,Low,Ford Motor Company,https://www.cnbc.com/2025/08/russia-ukraine-war-economic-impact,consumer confidence index reaches a decade high,19,Social,0,0,2025,1.0
851,851,851,851,851,2025-07-06,Real Estate sector shows signs of overheating as interest rates fall,Investopedia,Antitrust Investigation,Hang Seng,2.31,439.95,Negative,Telecommunications,High,Apple Inc.,https://timesofindia.indiatimes.com/business/markets/stock-market-crash,real estate sector shows signs of overheating as interest rates fall,5,Governance,2,1,2025,-1.0
852,852,852,852,852,2025-03-23,Government spending bill is expected to stimulate the economy,Bloomberg,Executive Misconduct,CAC 40,-1.57,388.56,Neutral,Retail,Low,Apple Inc.,https://www.wsj.com/europe/dax-performance,government spending bill is expected to stimulate the economy,6,Governance,0,0,2025,0.0
853,853,853,853,853,2025-05-05,Pharmaceutical company's drug approval drives stock upward,The Hindu Business Line,Carbon Emissions Violation,CAC 40,3.79,2.28,Negative,Pharmaceuticals,Medium,Intel,https://www.forbes.com/finance/geopolitical-event-impact,pharmaceutical company's drug approval drives stock upward,2,Environmental,1,1,2025,-1.0
854,854,854,854,854,2025-05-18,Energy company's dividend hike excites shareholders,The Economist,Human Rights Allegation,Shanghai Composite,2.42,109.73,Neutral,Construction,Medium,Apple Inc.,https://www.reuters.com/markets/indices/nikkei-225,energy company's dividend hike excites shareholders,8,Social,1,1,2025,0.0
855,855,855,855,855,2025-08-12,Bond yields tumble as investors seek safe havens,Forbes,Regulatory Compliance Failure,Shanghai Composite,-0.3,391.52,Negative,Industrials,High,Bank of America,https://economictimes.indiatimes.com/news/economy/unemployment-rate,bond yields tumble as investors seek safe havens,7,Governance,2,1,2025,-1.0
856,856,856,856,856,2025-08-06,Healthcare stocks gain on robust demand and strong outlook,Economic Times,Regulatory Compliance Failure,Shanghai Composite,2.79,245.87,Negative,Transportation,High,Apple Inc.,https://www.bloomberg.com/middle-east/news/bond-market-fluctuation,healthcare stocks gain on robust demand and strong outlook,15,Governance,2,1,2025,-1.0
857,857,857,857,857,2025-05-16,Aerospace and Defense sector sees rally amid geopolitical tensions,Times of India,Antitrust Investigation,BSE Sensex,3.17,184.63,Neutral,Pharmaceuticals,Low,Ford Motor Company,https://economictimes.indiatimes.com/industry/industrials,aerospace and defense sector sees rally amid geopolitical tensions,11,Governance,0,0,2025,0.0
858,858,858,858,858,2025-06-05,Gold prices surge as investors flee riskier assets,The Economist,Worker Strike,IBOVESPA,-0.59,314.76,Negative,Utilities,High,Intel,https://www.theeconomist.com/finance-and-economics/trade-tariffs,gold prices surge as investors flee riskier assets,8,Social,2,1,2025,-1.0
859,859,859,859,859,2025-06-29,New housing data release shows a slowdown in market activity,MarketWatch,Environmental Spill,NSE Nifty,5.0,487.76,Negative,Healthcare,Medium,JPMorgan Chase,https://www.ft.com/content/consumer-confidence-report,new housing data release shows a slowdown in market activity,2,Environmental,1,1,2025,-1.0
860,860,860,860,860,2025-07-01,Central Bank Governor signals potential shift in policy,Barron's,Executive Misconduct,Dow Jones,-2.81,3.11,Neutral,Construction,Low,Exxon Mobil,https://www.bloomberg.com/australia/asx-200-performance,central bank governor signals potential shift in policy,6,Governance,0,0,2025,0.0
861,861,861,861,861,2025-05-24,Media and Entertainment companies report a surge in streaming revenue,The Hindu Business Line,Antitrust Investigation,FTSE 100,1.84,449.25,Negative,Retail,High,Lockheed Martin,https://www.business-standard.com/economy/economic-stimulus,media and entertainment companies report a surge in streaming revenue,14,Governance,2,1,2025,-1.0
862,862,862,862,862,2025-06-02,Retail sales report surpasses all forecasts,Reuters,Regulatory Compliance Failure,Nasdaq Composite,-2.21,298.2,Negative,Transportation,Low,Chevron Corporation,https://www.bloomberg.com/asia/telecommunications-news,retail sales report surpasses all forecasts,7,Governance,0,0,2025,-1.0
863,863,863,863,863,2025-05-19,Banking stocks dip after a major scandal is revealed,Mint,Regulatory Compliance Failure,KOSPI,2.8,175.81,Negative,Healthcare,Medium,Chevron Corporation,https://www.wsj.com/china/market-regulation,banking stocks dip after a major scandal is revealed,4,Governance,1,1,2025,-1.0
864,864,864,864,864,2025-06-20,Dow Jones plunges as market fears recession,Seeking Alpha,Executive Misconduct,ASX 200,1.93,481.56,Neutral,Consumer Goods,Low,Apple Inc.,https://www.wsj.com/europe/dax-performance,dow jones plunges as market fears recession,15,Governance,0,0,2025,0.0
865,865,865,865,865,2025-06-18,Nikkei 225 index benefits from a weaker yen,Investopedia,Accounting Fraud Investigation,Dow Jones,3.46,413.73,Neutral,Aerospace & Defense,Low,Microsoft,https://www.business-standard.com/economy/trade-disputes-impact,nikkei 225 index benefits from a weaker yen,1,Governance,0,0,2025,0.0
866,866,866,866,866,2025-02-18,,Financial Times,Regulatory Compliance Failure,KOSPI,-4.1,139.18,Neutral,Pharmaceuticals,Medium,Chevron Corporation,https://economictimes.indiatimes.com/stocks/bse-sensex-plunges,,1,Governance,1,1,2025,0.0
867,867,867,867,867,2025-04-16,New housing data release shows a slowdown in market activity,The Hindu Business Line,Executive Misconduct,DAX,4.63,80.71,Negative,Finance,Medium,JPMorgan Chase,https://www.ft.com/content/geopolitical-summit,new housing data release shows a slowdown in market activity,0,Governance,1,1,2025,-1.0
868,868,868,868,868,2025-06-10,Quarterly report shows surprising losses for retail giants,The Hindu Business Line,Accounting Fraud Investigation,Nasdaq Composite,-4.89,240.08,Negative,Telecommunications,High,Exxon Mobil,https://www.moneycontrol.com/us-markets/sp-500,quarterly report shows surprising losses for retail giants,0,Governance,2,1,2025,-1.0
869,869,869,869,869,2025-06-23,,Wall Street Journal,Accounting Fraud Investigation,Shanghai Composite,4.53,323.27,Positive,Transportation,Medium,Microsoft,https://economictimes.indiatimes.com/news/economy/unemployment-rate,,7,Governance,1,1,2025,1.0
870,870,870,870,870,2025-06-27,Real Estate sector shows signs of overheating as interest rates fall,Economic Times,Regulatory Compliance Failure,Euro Stoxx 50,-2.12,303.82,Negative,Agriculture,High,General Motors,https://www.cnbc.com/2025/11/major-merger-deal-approved,real estate sector shows signs of overheating as interest rates fall,0,Governance,2,1,2025,-1.0
871,871,871,871,871,2025-05-29,Central Bank Governor signals potential shift in policy,Yahoo Finance,Accounting Fraud Investigation,BSE Sensex,2.23,193.0,Negative,Industrials,High,Lockheed Martin,https://www.cnbc.com/2025/11/major-merger-deal-approved,central bank governor signals potential shift in policy,1,Governance,2,1,2025,-1.0
872,872,872,872,872,2025-02-23,,CNBC,Antitrust Investigation,ASX 200,0.23,17.81,Negative,Technology,Medium,Apple Inc.,https://www.business-standard.com/international-business/trade-policy,,15,Governance,1,1,2025,-1.0
873,873,873,873,873,2025-03-31,Automotive industry faces headwinds from rising material costs,The Hindu Business Line,Accounting Fraud Investigation,S&P 500,4.2,334.44,Negative,Agriculture,High,Exxon Mobil,https://www.business-standard.com/economy/inflation-data,automotive industry faces headwinds from rising material costs,0,Governance,2,1,2025,-1.0
874,874,874,874,874,2025-06-02,Government policy shift boosts renewable energy sector,Forbes,Regulatory Compliance Failure,TSX,0.43,230.81,Neutral,Automotive,Medium,Bank of America,https://www.bloomberg.com/asia/policy/central-bank-meeting,government policy shift boosts renewable energy sector,14,Governance,1,1,2025,0.0
875,875,875,875,875,2025-06-17,Mining company stock surges on commodity price boom,Business Standard,Accounting Fraud Investigation,Nikkei 225,-3.56,495.79,Negative,Consumer Goods,Medium,Chevron Corporation,https://www.reuters.com/business/retail-sector-earnings,mining company stock surges on commodity price boom,5,Governance,1,1,2025,-1.0
876,876,876,876,876,2025-04-06,Record-high inflation data rattles investors,Investopedia,Climate Regulation Breach,FTSE 100,4.5,40.84,Negative,Construction,Low,Ford Motor Company,https://www.business-standard.com/finance/corporate-earnings,record high inflation data rattles investors,2,Environmental,0,0,2025,-1.0
877,877,877,877,877,2025-02-14,Massive stock buyback program announced by a consumer goods company,Forbes,Human Rights Allegation,S&P/TSX Composite,-3.6,158.36,Negative,Pharmaceuticals,Medium,Microsoft,https://www.business-standard.com/economy/inflation-data,massive stock buyback program announced by a consumer goods company,19,Social,1,1,2025,-1.0
878,878,878,878,878,2025-06-21,Pharmaceutical company's drug approval drives stock upward,Yahoo Finance,Accounting Fraud Investigation,BSE Sensex,-3.41,427.46,Negative,Pharmaceuticals,Low,Ford Motor Company,https://www.marketwatch.com/story/consumer-goods-report,pharmaceutical company's drug approval drives stock upward,16,Governance,0,0,2025,-1.0
879,879,879,879,879,2025-06-07,Pharmaceutical company's drug approval drives stock upward,MarketWatch,Accounting Fraud Investigation,BSE Sensex,-4.67,81.97,Positive,Construction,Medium,Chevron Corporation,https://www.business-standard.com/finance/corporate-earnings,pharmaceutical company's drug approval drives stock upward,1,Governance,1,1,2025,1.0
880,880,880,880,880,2025-05-21,Government policy shift boosts renewable energy sector,The Economist,Regulatory Compliance Failure,CAC 40,2.68,409.52,Negative,Pharmaceuticals,Low,General Motors,https://www.marketwatch.com/story/commodities-price-shock,government policy shift boosts renewable energy sector,4,Governance,0,0,2025,-1.0
881,881,881,881,881,2025-06-04,Healthcare stocks gain on robust demand and strong outlook,Mint,Regulatory Compliance Failure,Hang Seng,-3.47,63.38,Positive,Retail,Medium,Microsoft,https://www.bloomberg.com/australia/asx-200-performance,healthcare stocks gain on robust demand and strong outlook,18,Governance,1,1,2025,1.0
882,882,882,882,882,2025-07-31,Consumer Discretionary stocks outperform as spending increases,Forbes,Accounting Fraud Investigation,Russell 2000,-3.72,374.28,Positive,Utilities,Medium,Intel,https://www.business-standard.com/finance/corporate-earnings,consumer discretionary stocks outperform as spending increases,11,Governance,1,1,2025,1.0
883,883,883,883,883,2025-05-14,Financial services stocks rally on strong profit margins,The Motley Fool,Antitrust Investigation,BSE Sensex,-1.93,137.35,Neutral,Healthcare,Medium,Chevron Corporation,https://www.ft.com/content/media-entertainment-merger,financial services stocks rally on strong profit margins,9,Governance,1,1,2025,0.0
884,884,884,884,884,2025-06-08,UK's FTSE 100 sees a boost from favorable trade data,The Hindu Business Line,Regulatory Compliance Failure,FTSE 100,,306.52,Negative,Utilities,High,Ford Motor Company,https://www.moneycontrol.com/us-markets/sp-500,uk's ftse 100 sees a boost from favorable trade data,14,Governance,2,1,2025,-1.0
885,885,885,885,885,2025-06-23,Government spending bill is expected to stimulate the economy,Forbes,Executive Misconduct,S&P/TSX Composite,0.91,353.92,Negative,Aerospace & Defense,High,Exxon Mobil,https://www.cnbc.com/2025/08/russia-ukraine-war-economic-impact,government spending bill is expected to stimulate the economy,9,Governance,2,1,2025,-1.0
886,886,886,886,886,2025-06-17,Market sentiment turns positive on vaccine trial results,Mint,Accounting Fraud Investigation,BSE Sensex,2.05,116.1,Positive,Aerospace & Defense,Low,Intel,https://www.forbes.com/crypto/cryptocurrency-regulation,market sentiment turns positive on vaccine trial results,12,Governance,0,0,2025,1.0
887,887,887,887,887,2025-02-23,Dow Jones plunges as market fears recession,CNBC,Water Pollution Incident,TSX,2.08,56.24,Negative,Transportation,High,Ford Motor Company,https://timesofindia.indiatimes.com/business/finance/banking-sector-news,dow jones plunges as market fears recession,2,Environmental,2,1,2025,-1.0
888,888,888,888,888,2025-04-29,Record-high inflation data rattles investors,Mint,Executive Misconduct,KOSPI,0.14,198.32,Negative,Energy,High,Microsoft,https://www.marketwatch.com/story/consumer-goods-report,record high inflation data rattles investors,4,Governance,2,1,2025,-1.0
889,889,889,889,889,2025-05-31,Federal Reserve Chairman's speech causes market volatility,Bloomberg,Accounting Fraud Investigation,CAC 40,2.1,214.39,Neutral,Energy,Low,Lockheed Martin,,federal reserve chairman's speech causes market volatility,6,Governance,0,0,2025,0.0
890,890,890,890,890,2025-02-19,Government policy shift boosts renewable energy sector,MarketWatch,Executive Misconduct,Euro Stoxx 50,-0.9,233.02,Neutral,Energy,Low,Lockheed Martin,https://www.marketwatch.com/story/commodities-price-shock,government policy shift boosts renewable energy sector,6,Governance,0,0,2025,0.0
891,891,891,891,891,2025-07-12,Crude oil prices drop to a multi-year low,Yahoo Finance,Environmental Spill,Russell 2000,1.42,120.33,Negative,Energy,High,JPMorgan Chase,https://www.ft.com/content/media-entertainment-merger,crude oil prices drop to a multi year low,2,Environmental,2,1,2025,-1.0
892,892,892,892,892,2025-03-24,E-commerce earnings report beats all analyst expectations,Investopedia,Water Pollution Incident,Euro Stoxx 50,-3.19,112.77,Negative,Energy,High,Bank of America,https://economictimes.indiatimes.com/industry/industrials,e commerce earnings report beats all analyst expectations,2,Environmental,2,1,2025,-1.0
893,893,893,893,893,2025-03-15,Financial sector bracing for new capital requirements,Mint,Product Safety Recall,BSE Sensex,4.08,493.35,Negative,Industrials,High,Lockheed Martin,https://www.reuters.com/markets/stocks/tech-rally,financial sector bracing for new capital requirements,3,Social,2,1,2025,-1.0
894,894,894,894,894,2025-05-04,Major technology firm acquires a smaller rival in a multi-billion dollar deal,Mint,Accounting Fraud Investigation,BSE Sensex,-2.29,53.68,Neutral,Pharmaceuticals,Low,Apple Inc.,https://www.moneycontrol.com/us-markets/dow-jones-industrial,major technology firm acquires a smaller rival in a multi billion dollar deal,10,Governance,0,0,2025,0.0
895,895,895,895,895,2025-05-05,Bond yields tumble as investors seek safe havens,Times of India,Accounting Fraud Investigation,Russell 2000,,10.3,Neutral,Consumer Goods,Low,Microsoft,https://www.wsj.com/europe/regulatory-changes,bond yields tumble as investors seek safe havens,0,Governance,0,0,2025,0.0
896,896,896,896,896,2025-02-20,Major oil spill sends energy stocks plummeting,Times of India,Executive Misconduct,S&P/TSX Composite,3.55,152.03,Negative,Consumer Goods,Low,Ford Motor Company,https://www.ft.com/content/consumer-confidence-report,major oil spill sends energy stocks plummeting,9,Governance,0,0,2025,-1.0
897,897,897,897,897,2025-07-09,Merger talks between two banks fall through,Economic Times,Labor Rights Violation,FTSE 100,-1.52,214.09,Negative,Materials,High,Exxon Mobil,,merger talks between two banks fall through,17,Social,2,1,2025,-1.0
898,898,898,898,898,2025-08-14,Gold prices surge as investors flee riskier assets,The Hindu Business Line,Worker Strike,KOSPI,3.21,457.02,Negative,Automotive,Medium,Ford Motor Company,https://www.business-standard.com/economy/trade-disputes-impact,gold prices surge as investors flee riskier assets,3,Social,1,1,2025,-1.0
899,899,899,899,899,2025-08-02,Major technology firm acquires a smaller rival in a multi-billion dollar deal,The Motley Fool,Accounting Fraud Investigation,CAC 40,0.42,72.24,Negative,Construction,Low,Exxon Mobil,https://economictimes.indiatimes.com/stocks/bse-sensex-plunges,major technology firm acquires a smaller rival in a multi billion dollar deal,12,Governance,0,0,2025,-1.0
900,900,900,900,900,2025-04-21,Crude oil prices drop to a multi-year low,The Motley Fool,Antitrust Investigation,Hang Seng,-1.1,199.99,Negative,Energy,High,Lockheed Martin,https://economictimes.indiatimes.com/news/economy/unemployment-rate,crude oil prices drop to a multi year low,15,Governance,2,1,2025,-1.0
901,901,901,901,901,2025-07-17,Retail sales report surpasses all forecasts,Bloomberg,Human Rights Allegation,S&P 500,1.01,330.14,Negative,Industrials,High,Intel,https://www.cnbc.com/2025/08/russia-ukraine-war-economic-impact,retail sales report surpasses all forecasts,17,Social,2,1,2025,-1.0
902,902,902,902,902,2025-04-14,Consumer confidence index reaches a decade high,Wall Street Journal,Regulatory Compliance Failure,NSE Nifty,2.63,330.12,Positive,Media & Entertainment,Medium,JPMorgan Chase,https://timesofindia.indiatimes.com/business/corporate-governance,consumer confidence index reaches a decade high,4,Governance,1,1,2025,1.0
903,903,903,903,903,2025-07-29,Major technology firm acquires a smaller rival in a multi-billion dollar deal,Seeking Alpha,Antitrust Investigation,S&P/TSX Composite,-3.37,246.87,Neutral,Automotive,Low,Microsoft,https://timesofindia.indiatimes.com/business/agriculture-sector,major technology firm acquires a smaller rival in a multi billion dollar deal,9,Governance,0,0,2025,0.0
904,904,904,904,904,2025-06-16,New regulations on cryptocurrencies cause a market dip,The Motley Fool,Regulatory Compliance Failure,S&P 500,-4.54,58.89,Negative,Technology,High,Lockheed Martin,https://www.moneycontrol.com/india/ipo-news/new-firm-launches,new regulations on cryptocurrencies cause a market dip,11,Governance,2,1,2025,-1.0
905,905,905,905,905,2025-06-08,Geopolitical ceasefire prompts a broad market recovery,CNBC,Accounting Fraud Investigation,NSE Nifty,-0.52,25.93,Positive,Media & Entertainment,Low,Intel,https://www.wsj.com/europe/regulatory-changes,geopolitical ceasefire prompts a broad market recovery,12,Governance,0,0,2025,1.0
906,906,906,906,906,2025-04-07,Automotive industry faces headwinds from rising material costs,Investopedia,Executive Misconduct,Shanghai Composite,-1.98,441.85,Neutral,Utilities,Medium,Exxon Mobil,https://www.theeconomist.com/finance-and-economics/trade-tariffs,automotive industry faces headwinds from rising material costs,5,Governance,1,1,2025,0.0
907,907,907,907,907,2025-07-05,New housing data release shows a slowdown in market activity,Yahoo Finance,Accounting Fraud Investigation,Dow Jones,4.27,154.9,Neutral,Retail,Low,Intel,https://www.business-standard.com/finance/corporate-earnings,new housing data release shows a slowdown in market activity,1,Governance,0,0,2025,0.0
908,908,908,908,908,2025-04-16,Market braces for a major policy announcement from the EU,Forbes,Environmental Spill,IBOVESPA,,122.02,Neutral,Aerospace & Defense,Low,Bank of America,https://www.marketwatch.com/story/consumer-goods-report,market braces for a major policy announcement from the eu,2,Environmental,0,0,2025,0.0
909,909,909,909,909,2025-06-27,New IPO for a popular software firm is oversubscribed,Wall Street Journal,Product Safety Recall,ASX 200,-3.72,223.4,Neutral,Media & Entertainment,Medium,Intel,https://www.wsj.com/china/market-regulation,new ipo for a popular software firm is oversubscribed,3,Social,1,1,2025,0.0
910,910,910,910,910,2025-03-12,Central Bank's dovish tone hints at future rate cuts,Reuters,Worker Strike,KOSPI,-0.6,23.89,Positive,Construction,Low,Ford Motor Company,https://economictimes.indiatimes.com/news/transportation,central bank's dovish tone hints at future rate cuts,8,Social,0,0,2025,1.0
911,911,911,911,911,2025-02-14,E-commerce earnings report beats all analyst expectations,Seeking Alpha,Labor Rights Violation,Russell 2000,,455.17,Negative,Automotive,Medium,Ford Motor Company,,e commerce earnings report beats all analyst expectations,3,Social,1,1,2025,-1.0
912,912,912,912,912,2025-08-01,Energy company's dividend hike excites shareholders,Barron's,Antitrust Investigation,S&P 500,0.21,475.25,Negative,Transportation,High,General Motors,https://www.ft.com/content/tech-sector-innovation,energy company's dividend hike excites shareholders,12,Governance,2,1,2025,-1.0
913,913,913,913,913,2025-02-12,Nikkei 225 index benefits from a weaker yen,Economic Times,Human Rights Allegation,Hang Seng,-0.9,483.78,Negative,Retail,Medium,Exxon Mobil,https://www.moneycontrol.com/us-markets/sp-500,nikkei 225 index benefits from a weaker yen,19,Social,1,1,2025,-1.0
914,914,914,914,914,2025-06-03,Merger talks between two banks fall through,MarketWatch,Accounting Fraud Investigation,FTSE 100,1.87,443.38,Negative,Aerospace & Defense,Medium,General Motors,https://www.cnbc.com/2025/09/automotive-industry-trends,merger talks between two banks fall through,14,Governance,1,1,2025,-1.0
915,915,915,915,915,2025-03-21,A massive data breach sends a tech company's stock tumbling,Mint,Executive Misconduct,TSX,-2.35,450.69,Negative,Finance,High,Apple Inc.,https://www.business-standard.com/economy/inflation-data,a massive data breach sends a tech company's stock tumbling,10,Governance,2,1,2025,-1.0
916,916,916,916,916,2025-02-26,Nikkei 225 index benefits from a weaker yen,Times of India,Human Rights Allegation,Russell 2000,3.88,297.22,Negative,Real Estate,High,Chevron Corporation,https://economictimes.indiatimes.com/news/transportation,nikkei 225 index benefits from a weaker yen,17,Social,2,1,2025,-1.0
917,917,917,917,917,2025-04-04,Central Bank's dovish tone hints at future rate cuts,Mint,Regulatory Compliance Failure,Russell 2000,,90.98,Positive,Media & Entertainment,Low,Intel,https://www.investopedia.com/articles/government-policy-announcement,central bank's dovish tone hints at future rate cuts,15,Governance,0,0,2025,1.0
918,918,918,918,918,2025-03-16,Mining company stock surges on commodity price boom,CNBC,Regulatory Compliance Failure,Hang Seng,-4.1,389.41,Negative,Technology,High,Chevron Corporation,https://www.cnbc.com/2025/12/healthcare-sector-outlook,mining company stock surges on commodity price boom,16,Governance,2,1,2025,-1.0
919,919,919,919,919,2025-05-22,Federal Reserve Chairman's speech causes market volatility,Bloomberg,Antitrust Investigation,ASX 200,-3.01,386.98,Positive,Energy,Low,JPMorgan Chase,https://www.wsj.com/europe/dax-performance,federal reserve chairman's speech causes market volatility,7,Governance,0,0,2025,1.0
920,920,920,920,920,2025-07-25,E-commerce earnings report beats all analyst expectations,Seeking Alpha,Regulatory Compliance Failure,TSX,0.18,257.73,Positive,Real Estate,Low,Exxon Mobil,https://economictimes.indiatimes.com/news/economy/unemployment-rate,e commerce earnings report beats all analyst expectations,13,Governance,0,0,2025,1.0
921,921,921,921,921,2025-04-26,Central bank maintains status quo on interest rates,The Economist,Executive Misconduct,Dow Jones,-4.43,391.82,Negative,Automotive,High,Lockheed Martin,https://www.investopedia.com/articles/government-policy-announcement,central bank maintains status quo on interest rates,10,Governance,2,1,2025,-1.0
922,922,922,922,922,2025-03-18,Automotive industry faces headwinds from rising material costs,The Economist,Human Rights Allegation,Russell 2000,-1.95,233.25,Negative,Agriculture,High,Microsoft,https://www.theeconomist.com/world/government-policy-announcement,automotive industry faces headwinds from rising material costs,17,Social,2,1,2025,-1.0
923,923,923,923,923,2025-06-02,Tech Giant's New Product Launch Sparks Sector-Wide Gains,Investopedia,Executive Misconduct,IBOVESPA,4.28,159.69,Negative,Automotive,High,Chevron Corporation,https://timesofindia.indiatimes.com/business/corporate-governance,tech giant's new product launch sparks sector wide gains,6,Governance,2,1,2025,-1.0
924,924,924,924,924,2025-06-28,Government spending bill is expected to stimulate the economy,Barron's,Executive Misconduct,Hang Seng,-3.65,262.0,Neutral,Consumer Goods,Medium,Intel,https://www.ft.com/content/tech-sector-innovation,government spending bill is expected to stimulate the economy,18,Governance,1,1,2025,0.0
925,925,925,925,925,2025-04-02,Supply chain issues impact manufacturing sector earnings,Financial Times,Labor Rights Violation,NSE Nifty,1.11,362.6,Positive,Aerospace & Defense,Medium,General Motors,,supply chain issues impact manufacturing sector earnings,3,Social,1,1,2025,1.0
926,926,926,926,926,2025-05-09,Consumer confidence index reaches a decade high,CNBC,Labor Rights Violation,IBOVESPA,-2.51,498.49,Positive,Technology,Low,Lockheed Martin,https://www.bloomberg.com/australia/asx-200-performance,consumer confidence index reaches a decade high,19,Social,0,0,2025,1.0
927,927,927,927,927,2025-08-12,Massive stock buyback program announced by a consumer goods company,The Economist,Product Safety Recall,CAC 40,-4.49,229.61,Negative,Retail,Low,Intel,https://www.ft.com/content/currency-devaluation,massive stock buyback program announced by a consumer goods company,19,Social,0,0,2025,-1.0
928,928,928,928,928,2025-07-03,Tech Giant's New Product Launch Sparks Sector-Wide Gains,Mint,Antitrust Investigation,KOSPI,-3.86,50.82,Positive,Transportation,Low,Chevron Corporation,https://www.reuters.com/markets/stocks/tech-rally,tech giant's new product launch sparks sector wide gains,16,Governance,0,0,2025,1.0
929,929,929,929,929,2025-05-21,Pharmaceutical company's drug approval drives stock upward,The Hindu Business Line,Product Safety Recall,NSE Nifty,3.64,461.29,Negative,Transportation,High,Lockheed Martin,https://www.moneycontrol.com/us-markets/dow-jones-industrial,pharmaceutical company's drug approval drives stock upward,3,Social,2,1,2025,-1.0
930,930,930,930,930,2025-05-03,Semiconductor shortages weigh heavily on tech sector profits,Forbes,Antitrust Investigation,Nasdaq Composite,4.27,79.41,Neutral,Technology,Low,Chevron Corporation,https://timesofindia.indiatimes.com/business/finance/banking-sector-news,semiconductor shortages weigh heavily on tech sector profits,14,Governance,0,0,2025,0.0
931,931,931,931,931,2025-02-21,Central bank maintains status quo on interest rates,MarketWatch,Antitrust Investigation,CAC 40,2.53,380.83,Positive,Media & Entertainment,Low,Microsoft,https://www.moneycontrol.com/us-markets/sp-500,central bank maintains status quo on interest rates,0,Governance,0,0,2025,1.0
932,932,932,932,932,2025-03-14,UK's FTSE 100 sees a boost from favorable trade data,Mint,Product Safety Recall,Nikkei 225,,64.8,Positive,Energy,Medium,Bank of America,https://www.business-standard.com/economy/economic-stimulus,uk's ftse 100 sees a boost from favorable trade data,19,Social,1,1,2025,1.0
933,933,933,933,933,2025-06-30,New IPO for a popular software firm is oversubscribed,CNBC,Executive Misconduct,Nikkei 225,-1.03,36.0,Neutral,Construction,Medium,Lockheed Martin,https://www.marketwatch.com/story/consumer-goods-report,new ipo for a popular software firm is oversubscribed,9,Governance,1,1,2025,0.0
934,934,934,934,934,2025-02-06,Banking stocks dip after a major scandal is revealed,MarketWatch,Accounting Fraud Investigation,ASX 200,3.25,498.04,Neutral,Technology,Low,Exxon Mobil,https://www.reuters.com/markets/stocks/tech-rally,banking stocks dip after a major scandal is revealed,12,Governance,0,0,2025,0.0
935,935,935,935,935,2025-06-05,Energy company's dividend hike excites shareholders,Financial Times,Accounting Fraud Investigation,BSE Sensex,2.2,340.8,Negative,Industrials,High,JPMorgan Chase,https://www.bloomberg.com/canada/tsunami-warnings,energy company's dividend hike excites shareholders,15,Governance,2,1,2025,-1.0
936,936,936,936,936,2025-08-11,Automotive industry faces headwinds from rising material costs,Wall Street Journal,Regulatory Compliance Failure,Nasdaq Composite,-1.69,326.88,Positive,Industrials,Medium,Microsoft,,automotive industry faces headwinds from rising material costs,0,Governance,1,1,2025,1.0
937,937,937,937,937,2025-02-23,Utilities sector remains stable during market fluctuations,Reuters,Worker Strike,Shanghai Composite,0.68,430.97,Positive,Healthcare,Low,Chevron Corporation,https://www.moneycontrol.com/india/ipo-news/new-firm-launches,utilities sector remains stable during market fluctuations,3,Social,0,0,2025,1.0
938,938,938,938,938,2025-05-24,New IPO for a popular software firm is oversubscribed,Wall Street Journal,Accounting Fraud Investigation,NSE Nifty,-3.46,366.99,Negative,Technology,High,Lockheed Martin,https://www.theeconomist.com/world/government-policy-announcement,new ipo for a popular software firm is oversubscribed,4,Governance,2,1,2025,-1.0
939,939,939,939,939,2025-06-18,ASX 200 gains on strong export performance,The Motley Fool,Accounting Fraud Investigation,TSX,4.86,371.56,Positive,Telecommunications,Medium,Apple Inc.,https://www.business-standard.com/international-business/trade-policy,asx 200 gains on strong export performance,7,Governance,1,1,2025,1.0
940,940,940,940,940,2025-07-09,Financial services stocks rally on strong profit margins,Business Standard,Regulatory Compliance Failure,Dow Jones,1.52,336.72,Negative,Automotive,High,Apple Inc.,https://www.moneycontrol.com/us-markets/dow-jones-industrial,financial services stocks rally on strong profit margins,5,Governance,2,1,2025,-1.0
941,941,941,941,941,2025-05-12,Pharmaceutical company's drug approval drives stock upward,The Motley Fool,Antitrust Investigation,Russell 2000,-1.61,499.83,Positive,Agriculture,Low,Lockheed Martin,,pharmaceutical company's drug approval drives stock upward,0,Governance,0,0,2025,1.0
942,942,942,942,942,2025-04-20,ASX 200 gains on strong export performance,Mint,Executive Misconduct,S&P 500,-1.79,72.34,Positive,Materials,Medium,Intel,https://economictimes.indiatimes.com/industry/industrials,asx 200 gains on strong export performance,10,Governance,1,1,2025,1.0
943,943,943,943,943,2025-07-31,Healthcare stocks gain on robust demand and strong outlook,MarketWatch,Regulatory Compliance Failure,FTSE 100,0.57,125.89,Neutral,Automotive,Medium,Lockheed Martin,,healthcare stocks gain on robust demand and strong outlook,6,Governance,1,1,2025,0.0
944,944,944,944,944,2025-05-17,,Times of India,Regulatory Compliance Failure,IBOVESPA,-3.94,483.01,,Industrials,Low,Intel,https://www.bloomberg.com/asia/policy/central-bank-meeting,,11,Governance,0,0,2025,
945,945,945,945,945,2025-02-19,Aerospace and Defense sector sees rally amid geopolitical tensions,Bloomberg,Product Safety Recall,FTSE 100,-3.34,6.65,Negative,Utilities,High,Ford Motor Company,https://www.business-standard.com/finance/corporate-earnings,aerospace and defense sector sees rally amid geopolitical tensions,17,Social,2,1,2025,-1.0
946,946,946,946,946,2025-02-04,Major technology firm acquires a smaller rival in a multi-billion dollar deal,Times of India,Accounting Fraud Investigation,Shanghai Composite,3.59,91.6,Positive,Technology,Low,Microsoft,https://www.bloomberg.com/australia/asx-200-performance,major technology firm acquires a smaller rival in a multi billion dollar deal,14,Governance,0,0,2025,1.0
947,947,947,947,947,2025-02-22,Automotive industry faces headwinds from rising material costs,Bloomberg,Labor Rights Violation,S&P/TSX Composite,-1.27,498.09,Positive,Consumer Goods,Medium,Ford Motor Company,https://www.ft.com/content/tech-sector-innovation,automotive industry faces headwinds from rising material costs,8,Social,1,1,2025,1.0
948,948,948,948,948,2025-05-14,Central Bank Governor signals potential shift in policy,The Motley Fool,Executive Misconduct,Dow Jones,0.22,282.99,Positive,Pharmaceuticals,Low,JPMorgan Chase,https://www.wsj.com/europe/regulatory-changes,central bank governor signals potential shift in policy,18,Governance,0,0,2025,1.0
949,949,949,949,949,2025-07-13,Semiconductor shortages weigh heavily on tech sector profits,Times of India,Accounting Fraud Investigation,DAX,-1.08,192.53,Negative,Automotive,High,Apple Inc.,https://www.investopedia.com/articles/government-policy-announcement,semiconductor shortages weigh heavily on tech sector profits,16,Governance,2,1,2025,-1.0
950,950,950,950,950,2025-07-23,Pharmaceutical company's drug approval drives stock upward,The Motley Fool,Executive Misconduct,BSE Sensex,-1.71,283.0,,Industrials,Medium,Ford Motor Company,https://www.ft.com/content/geopolitical-summit,pharmaceutical company's drug approval drives stock upward,14,Governance,1,1,2025,
951,951,951,951,951,2025-05-01,Retail sales report surpasses all forecasts,Financial Times,Antitrust Investigation,Nikkei 225,,370.54,Neutral,Technology,Low,Exxon Mobil,https://timesofindia.indiatimes.com/business/markets/stock-market-crash,retail sales report surpasses all forecasts,1,Governance,0,0,2025,0.0
952,952,952,952,952,2025-08-10,Supply chain issues impact manufacturing sector earnings,Mint,Accounting Fraud Investigation,Dow Jones,-0.84,238.48,Positive,Aerospace & Defense,Low,Exxon Mobil,https://www.ft.com/content/media-entertainment-merger,supply chain issues impact manufacturing sector earnings,7,Governance,0,0,2025,1.0
953,953,953,953,953,2025-03-03,Supply chain issues impact manufacturing sector earnings,Yahoo Finance,Executive Misconduct,S&P/TSX Composite,0.8,181.2,Positive,Transportation,Low,Bank of America,https://www.cnbc.com/2025/12/healthcare-sector-outlook,supply chain issues impact manufacturing sector earnings,12,Governance,0,0,2025,1.0
954,954,954,954,954,2025-06-01,Tech Giant's New Product Launch Sparks Sector-Wide Gains,Yahoo Finance,Regulatory Compliance Failure,TSX,2.83,71.91,Negative,Consumer Goods,Medium,Apple Inc.,https://www.marketwatch.com/story/commodities-price-shock,tech giant's new product launch sparks sector wide gains,14,Governance,1,1,2025,-1.0
955,955,955,955,955,2025-03-19,Quarterly report shows surprising losses for retail giants,The Motley Fool,Executive Misconduct,KOSPI,3.32,56.16,Neutral,Energy,Low,Ford Motor Company,https://economictimes.indiatimes.com/industry/industrials,quarterly report shows surprising losses for retail giants,5,Governance,0,0,2025,0.0
956,956,956,956,956,2025-06-24,Consumer Discretionary stocks outperform as spending increases,Forbes,Accounting Fraud Investigation,NSE Nifty,-1.77,483.49,Positive,Agriculture,Low,Intel,https://timesofindia.indiatimes.com/business/finance/banking-sector-news,consumer discretionary stocks outperform as spending increases,14,Governance,0,0,2025,1.0
957,957,957,957,957,2025-03-12,Consumer confidence index reaches a decade high,Economic Times,Antitrust Investigation,Hang Seng,,118.12,Positive,Construction,Medium,Apple Inc.,https://economictimes.indiatimes.com/news/transportation,consumer confidence index reaches a decade high,13,Governance,1,1,2025,1.0
958,958,958,958,958,2025-03-11,,Bloomberg,Regulatory Compliance Failure,Shanghai Composite,-4.59,358.56,Positive,Real Estate,Low,Chevron Corporation,https://www.cnbc.com/2025/11/major-merger-deal-approved,,15,Governance,0,0,2025,1.0
959,959,959,959,959,2025-06-06,Banking stocks dip after a major scandal is revealed,Wall Street Journal,Antitrust Investigation,FTSE 100,-2.43,417.9,Negative,Consumer Goods,Low,Intel,https://economictimes.indiatimes.com/news/transportation,banking stocks dip after a major scandal is revealed,11,Governance,0,0,2025,-1.0
960,960,960,960,960,2025-08-07,Energy company's dividend hike excites shareholders,The Motley Fool,Worker Strike,Hang Seng,-3.32,330.4,Neutral,Finance,Low,General Motors,https://www.investopedia.com/articles/government-policy-announcement,energy company's dividend hike excites shareholders,17,Social,0,0,2025,0.0
961,961,961,961,961,2025-05-15,Consumer Discretionary stocks outperform as spending increases,Yahoo Finance,Accounting Fraud Investigation,NSE Nifty,1.89,309.78,Positive,Healthcare,Low,General Motors,https://www.reuters.com/markets/stocks/tech-rally,consumer discretionary stocks outperform as spending increases,10,Governance,0,0,2025,1.0
962,962,962,962,962,2025-02-16,Market braces for a major policy announcement from the EU,Economic Times,Executive Misconduct,IBOVESPA,-0.25,118.85,Negative,Healthcare,High,Exxon Mobil,https://www.investopedia.com/articles/supply-chain-disruption,market braces for a major policy announcement from the eu,6,Governance,2,1,2025,-1.0
963,963,963,963,963,2025-06-23,Geopolitical ceasefire prompts a broad market recovery,Financial Times,Worker Strike,Russell 2000,2.24,147.06,Neutral,Aerospace & Defense,Low,Apple Inc.,https://economictimes.indiatimes.com/industry/industrials,geopolitical ceasefire prompts a broad market recovery,17,Social,0,0,2025,0.0
964,964,964,964,964,2025-04-19,Pharmaceutical company's drug approval drives stock upward,The Economist,Regulatory Compliance Failure,TSX,-2.29,385.77,Negative,Technology,High,Chevron Corporation,https://www.bloomberg.com/canada/tsunami-warnings,pharmaceutical company's drug approval drives stock upward,6,Governance,2,1,2025,-1.0
965,965,965,965,965,2025-02-23,Government policy shift boosts renewable energy sector,Wall Street Journal,Antitrust Investigation,Russell 2000,2.25,43.3,,Utilities,Medium,Chevron Corporation,https://www.business-standard.com/economy/trade-disputes-impact,government policy shift boosts renewable energy sector,18,Governance,1,1,2025,
966,966,966,966,966,2025-05-30,Market sentiment turns positive on vaccine trial results,Yahoo Finance,Regulatory Compliance Failure,TSX,2.87,137.57,Negative,Healthcare,High,Bank of America,https://www.moneycontrol.com/us-markets/nasdaq-composite,market sentiment turns positive on vaccine trial results,12,Governance,2,1,2025,-1.0
967,967,967,967,967,2025-05-17,Pharmaceutical company's drug approval drives stock upward,The Motley Fool,Water Pollution Incident,Nasdaq Composite,1.99,229.26,Negative,Healthcare,High,Apple Inc.,,pharmaceutical company's drug approval drives stock upward,2,Environmental,2,1,2025,-1.0
968,968,968,968,968,2025-08-08,Market braces for a major policy announcement from the EU,Seeking Alpha,Accounting Fraud Investigation,Russell 2000,-3.32,487.63,Positive,Aerospace & Defense,Medium,Ford Motor Company,https://www.ft.com/content/tech-sector-innovation,market braces for a major policy announcement from the eu,10,Governance,1,1,2025,1.0
969,969,969,969,969,2025-02-06,Consumer confidence index reaches a decade high,CNBC,Antitrust Investigation,BSE Sensex,4.61,13.15,Positive,Materials,Low,Lockheed Martin,https://www.ft.com/content/tech-sector-innovation,consumer confidence index reaches a decade high,11,Governance,0,0,2025,1.0
970,970,970,970,970,2025-08-11,E-commerce earnings report beats all analyst expectations,Economic Times,Regulatory Compliance Failure,IBOVESPA,2.64,429.85,,Aerospace & Defense,Medium,Intel,https://www.ft.com/content/currency-devaluation,e commerce earnings report beats all analyst expectations,1,Governance,1,1,2025,
971,971,971,971,971,2025-06-04,Unexpected rise in unemployment fuels market pessimism,Business Standard,Antitrust Investigation,Dow Jones,1.67,461.11,Neutral,Transportation,Medium,JPMorgan Chase,https://www.reuters.com/markets/indices/nikkei-225,unexpected rise in unemployment fuels market pessimism,9,Governance,1,1,2025,0.0
972,972,972,972,972,2025-07-24,Gold prices surge as investors flee riskier assets,Barron's,Executive Misconduct,Nasdaq Composite,3.99,102.78,Negative,Industrials,Low,General Motors,https://www.reuters.com/markets/indices/ftse-100,gold prices surge as investors flee riskier assets,10,Governance,0,0,2025,-1.0
973,973,973,973,973,2025-06-18,A massive data breach sends a tech company's stock tumbling,The Motley Fool,Antitrust Investigation,CAC 40,-1.46,175.91,Neutral,Media & Entertainment,Medium,Lockheed Martin,https://www.cnbc.com/2025/11/major-merger-deal-approved,a massive data breach sends a tech company's stock tumbling,13,Governance,1,1,2025,0.0
974,974,974,974,974,2025-06-06,"Global trade talks collapse, causing market turmoil",Wall Street Journal,Regulatory Compliance Failure,KOSPI,-2.72,100.37,Positive,Construction,Low,Ford Motor Company,https://www.bloomberg.com/asia/policy/central-bank-meeting,"global trade talks collapse, causing market turmoil",4,Governance,0,0,2025,1.0
975,975,975,975,975,2025-05-07,ASX 200 gains on strong export performance,Yahoo Finance,Antitrust Investigation,S&P 500,-3.88,261.4,Negative,Industrials,High,Exxon Mobil,https://www.business-standard.com/economy/trade-disputes-impact,asx 200 gains on strong export performance,10,Governance,2,1,2025,-1.0
976,976,976,976,976,2025-06-06,Central bank maintains status quo on interest rates,MarketWatch,Labor Rights Violation,FTSE 100,1.18,105.97,Negative,Automotive,Medium,Intel,https://www.bloomberg.com/australia/asx-200-performance,central bank maintains status quo on interest rates,19,Social,1,1,2025,-1.0
977,977,977,977,977,2025-06-27,Major oil spill sends energy stocks plummeting,The Motley Fool,Antitrust Investigation,CAC 40,-0.46,226.16,Negative,Transportation,High,General Motors,https://www.moneycontrol.com/us-markets/sp-500,major oil spill sends energy stocks plummeting,5,Governance,2,1,2025,-1.0
978,978,978,978,978,2025-07-29,Media and Entertainment companies report a surge in streaming revenue,Forbes,Accounting Fraud Investigation,DAX,3.56,212.63,Positive,Transportation,Low,Lockheed Martin,https://economictimes.indiatimes.com/industry/industrials,media and entertainment companies report a surge in streaming revenue,0,Governance,0,0,2025,1.0
979,979,979,979,979,2025-07-29,Real Estate sector shows signs of overheating as interest rates fall,Reuters,Regulatory Compliance Failure,Shanghai Composite,2.82,164.3,Positive,Aerospace & Defense,Low,Intel,https://www.investopedia.com/articles/supply-chain-disruption,real estate sector shows signs of overheating as interest rates fall,5,Governance,0,0,2025,1.0
980,980,980,980,980,2025-03-31,New regulations on cryptocurrencies cause a market dip,Seeking Alpha,Regulatory Compliance Failure,Russell 2000,-3.18,178.37,Negative,Transportation,High,General Motors,https://www.bloomberg.com/canada/tsunami-warnings,new regulations on cryptocurrencies cause a market dip,15,Governance,2,1,2025,-1.0
981,981,981,981,981,2025-02-17,Financial sector bracing for new capital requirements,The Motley Fool,Accounting Fraud Investigation,Hang Seng,-0.36,236.47,Negative,Finance,High,Exxon Mobil,https://www.business-standard.com/finance/corporate-earnings,financial sector bracing for new capital requirements,5,Governance,2,1,2025,-1.0
982,982,982,982,982,2025-03-02,Semiconductor shortages weigh heavily on tech sector profits,Seeking Alpha,Antitrust Investigation,DAX,1.3,117.15,Negative,Consumer Goods,Medium,Chevron Corporation,https://www.wsj.com/europe/regulatory-changes,semiconductor shortages weigh heavily on tech sector profits,7,Governance,1,1,2025,-1.0
983,983,983,983,983,2025-06-28,Energy company's dividend hike excites shareholders,Wall Street Journal,Executive Misconduct,Nikkei 225,-2.16,389.81,Negative,Consumer Goods,High,Ford Motor Company,https://www.wsj.com/japan/economic-data-release,energy company's dividend hike excites shareholders,10,Governance,2,1,2025,-1.0
984,984,984,984,984,2025-07-03,Nikkei 225 index benefits from a weaker yen,CNBC,Executive Misconduct,NSE Nifty,,64.72,Negative,Finance,High,Apple Inc.,https://www.moneycontrol.com/us-markets/nasdaq-composite,nikkei 225 index benefits from a weaker yen,9,Governance,2,1,2025,-1.0
985,985,985,985,985,2025-02-26,Retail sales report surpasses all forecasts,MarketWatch,Regulatory Compliance Failure,Nikkei 225,-2.04,399.29,Negative,Real Estate,Low,JPMorgan Chase,https://www.cnbc.com/2025/09/automotive-industry-trends,retail sales report surpasses all forecasts,13,Governance,0,0,2025,-1.0
986,986,986,986,986,2025-06-30,New regulations on cryptocurrencies cause a market dip,Times of India,Accounting Fraud Investigation,Shanghai Composite,4.3,215.59,Negative,Agriculture,Low,Bank of America,https://www.moneycontrol.com/india/ipo-news/new-firm-launches,new regulations on cryptocurrencies cause a market dip,6,Governance,0,0,2025,-1.0
987,987,987,987,987,2025-03-23,Dow Jones plunges as market fears recession,Mint,Regulatory Compliance Failure,NSE Nifty,2.08,97.52,Neutral,Technology,Medium,General Motors,https://www.ft.com/content/currency-devaluation,dow jones plunges as market fears recession,15,Governance,1,1,2025,0.0
988,988,988,988,988,2025-04-12,Manufacturing PMI data signals economic expansion,Yahoo Finance,Executive Misconduct,Hang Seng,-4.59,476.31,Negative,Construction,High,Intel,https://www.ft.com/content/media-entertainment-merger,manufacturing pmi data signals economic expansion,10,Governance,2,1,2025,-1.0
989,989,989,989,989,2025-07-10,Consumer Discretionary stocks outperform as spending increases,Bloomberg,Regulatory Compliance Failure,TSX,-4.35,440.24,Positive,Agriculture,Medium,Lockheed Martin,https://www.business-standard.com/economy/inflation-data,consumer discretionary stocks outperform as spending increases,12,Governance,1,1,2025,1.0
990,990,990,990,990,2025-02-24,Banking stocks dip after a major scandal is revealed,Financial Times,Accounting Fraud Investigation,Nikkei 225,1.14,360.16,Negative,Finance,High,Exxon Mobil,https://www.ft.com/content/tech-sector-innovation,banking stocks dip after a major scandal is revealed,11,Governance,2,1,2025,-1.0
991,991,991,991,991,2025-07-17,Geopolitical ceasefire prompts a broad market recovery,Mint,Regulatory Compliance Failure,Euro Stoxx 50,-3.96,174.07,Positive,Agriculture,Medium,Apple Inc.,https://www.cnbc.com/2025/09/automotive-industry-trends,geopolitical ceasefire prompts a broad market recovery,15,Governance,1,1,2025,1.0
992,992,992,992,992,2025-04-24,Central Bank Governor signals potential shift in policy,The Motley Fool,Accounting Fraud Investigation,IBOVESPA,1.46,317.87,Positive,Industrials,Medium,JPMorgan Chase,https://www.reuters.com/markets/stocks/tech-rally,central bank governor signals potential shift in policy,12,Governance,1,1,2025,1.0
993,993,993,993,993,2025-04-04,Crude oil prices drop to a multi-year low,Wall Street Journal,Regulatory Compliance Failure,IBOVESPA,2.77,440.55,Negative,Pharmaceuticals,Medium,Chevron Corporation,https://www.business-standard.com/international-business/trade-policy,crude oil prices drop to a multi year low,14,Governance,1,1,2025,-1.0
994,994,994,994,994,2025-04-19,Aerospace and Defense sector sees rally amid geopolitical tensions,Economic Times,Executive Misconduct,IBOVESPA,-3.1,215.81,Negative,Real Estate,High,Ford Motor Company,https://www.wsj.com/europe/regulatory-changes,aerospace and defense sector sees rally amid geopolitical tensions,4,Governance,2,1,2025,-1.0
995,995,995,995,995,2025-03-17,New housing data release shows a slowdown in market activity,CNBC,Accounting Fraud Investigation,TSX,3.68,308.46,Negative,Pharmaceuticals,High,Ford Motor Company,https://www.marketwatch.com/story/commodities-price-shock,new housing data release shows a slowdown in market activity,18,Governance,2,1,2025,-1.0
996,996,996,996,996,2025-03-30,China's Shanghai Composite falls after new trade restrictions,Mint,Product Safety Recall,DAX,-4.48,270.63,Negative,Utilities,High,Microsoft,https://www.bloomberg.com/australia/asx-200-performance,china's shanghai composite falls after new trade restrictions,8,Social,2,1,2025,-1.0
997,997,997,997,997,2025-03-30,Crude oil prices drop to a multi-year low,MarketWatch,Accounting Fraud Investigation,BSE Sensex,-0.49,228.69,Positive,Technology,Medium,Chevron Corporation,https://www.moneycontrol.com/us-markets/sp-500,crude oil prices drop to a multi year low,4,Governance,1,1,2025,1.0
998,998,998,998,998,2025-06-25,Utilities sector remains stable during market fluctuations,Reuters,Worker Strike,CAC 40,1.96,390.56,Negative,Transportation,Medium,JPMorgan Chase,https://www.ft.com/content/consumer-confidence-report,utilities sector remains stable during market fluctuations,3,Social,1,1,2025,-1.0
999,999,999,999,999,2025-03-17,Government subsidy program gives a lift to the agriculture sector,The Hindu Business Line,Antitrust Investigation,DAX,0.29,210.55,Neutral,Energy,Low,Intel,https://www.bloomberg.com/asia/telecommunications-news,government subsidy program gives a lift to the agriculture sector,4,Governance,0,0,2025,0.0
1000,1000,1000,1000,1000,2025-06-14,Government subsidy program gives a lift to the agriculture sector,Forbes,Labor Rights Violation,TSX,-3.34,27.93,Negative,Real Estate,High,Chevron Corporation,https://www.moneycontrol.com/us-markets/nasdaq-composite,government subsidy program gives a lift to the agriculture sector,8,Social,2,1,2025,-1.0
1001,1001,1001,1001,1001,2025-06-24,Dow Jones plunges as market fears recession,Financial Times,Executive Misconduct,BSE Sensex,3.72,179.62,Negative,Aerospace & Defense,High,Intel,https://www.wsj.com/china/market-regulation,dow jones plunges as market fears recession,12,Governance,2,1,2025,-1.0
1002,1002,1002,1002,1002,2025-03-10,Nikkei 225 index benefits from a weaker yen,Times of India,Accounting Fraud Investigation,S&P 500,,261.01,Positive,Pharmaceuticals,Medium,Lockheed Martin,https://www.bloomberg.com/asia/policy/central-bank-meeting,nikkei 225 index benefits from a weaker yen,0,Governance,1,1,2025,1.0
1003,1003,1003,1003,1003,2025-02-18,ASX 200 gains on strong export performance,Yahoo Finance,Executive Misconduct,S&P 500,2.65,3.62,Negative,Energy,Low,Apple Inc.,https://www.reuters.com/business/retail-sector-earnings,asx 200 gains on strong export performance,11,Governance,0,0,2025,-1.0
1004,1004,1004,1004,1004,2025-03-26,Government policy shift boosts renewable energy sector,The Economist,Executive Misconduct,Euro Stoxx 50,-2.01,204.61,Negative,Automotive,Medium,Ford Motor Company,https://economictimes.indiatimes.com/industry/industrials,government policy shift boosts renewable energy sector,9,Governance,1,1,2025,-1.0
1005,1005,1005,1005,1005,2025-03-17,ASX 200 gains on strong export performance,Wall Street Journal,Antitrust Investigation,Russell 2000,-1.17,304.8,Positive,Agriculture,Medium,Ford Motor Company,https://www.business-standard.com/economy/trade-disputes-impact,asx 200 gains on strong export performance,10,Governance,1,1,2025,1.0
1006,1006,1006,1006,1006,2025-05-28,Unexpected rise in unemployment fuels market pessimism,Bloomberg,Antitrust Investigation,Russell 2000,0.41,443.86,Negative,Automotive,High,Microsoft,https://www.wsj.com/china/market-rally,unexpected rise in unemployment fuels market pessimism,9,Governance,2,1,2025,-1.0
1007,1007,1007,1007,1007,2025-05-01,Healthcare stocks gain on robust demand and strong outlook,CNBC,Regulatory Compliance Failure,FTSE 100,0.34,117.82,Negative,Utilities,Low,Chevron Corporation,https://www.forbes.com/crypto/cryptocurrency-regulation,healthcare stocks gain on robust demand and strong outlook,13,Governance,0,0,2025,-1.0
1008,1008,1008,1008,1008,2025-07-14,Utilities sector remains stable during market fluctuations,Barron's,Executive Misconduct,Russell 2000,-4.35,330.15,Neutral,Technology,Medium,JPMorgan Chase,https://www.ft.com/content/currency-devaluation,utilities sector remains stable during market fluctuations,14,Governance,1,1,2025,0.0
1009,1009,1009,1009,1009,2025-06-29,Merger talks between two banks fall through,Times of India,Antitrust Investigation,Hang Seng,3.64,398.59,Negative,Industrials,High,Bank of America,https://www.wsj.com/china/market-rally,merger talks between two banks fall through,6,Governance,2,1,2025,-1.0
1010,1010,1010,1010,1010,2025-07-28,Consumer Discretionary stocks outperform as spending increases,Seeking Alpha,Labor Rights Violation,Nikkei 225,-3.35,18.11,Negative,Energy,High,Lockheed Martin,https://www.cnbc.com/2025/12/healthcare-sector-outlook,consumer discretionary stocks outperform as spending increases,8,Social,2,1,2025,-1.0
1011,1011,1011,1011,1011,2025-04-04,Geopolitical ceasefire prompts a broad market recovery,Business Standard,Antitrust Investigation,FTSE 100,0.92,94.44,Negative,Materials,High,Microsoft,https://www.ft.com/content/consumer-confidence-report,geopolitical ceasefire prompts a broad market recovery,5,Governance,2,1,2025,-1.0
1012,1012,1012,1012,1012,2025-05-22,,Seeking Alpha,Worker Strike,CAC 40,2.09,109.48,Negative,Materials,High,Apple Inc.,https://www.marketwatch.com/story/consumer-goods-report,,17,Social,2,1,2025,-1.0
1013,1013,1013,1013,1013,2025-04-15,Tech Giant's New Product Launch Sparks Sector-Wide Gains,Seeking Alpha,Accounting Fraud Investigation,IBOVESPA,0.17,362.71,Negative,Finance,High,Exxon Mobil,https://www.cnbc.com/2025/12/healthcare-sector-outlook,tech giant's new product launch sparks sector wide gains,11,Governance,2,1,2025,-1.0
1014,1014,1014,1014,1014,2025-05-16,Real Estate sector shows signs of overheating as interest rates fall,Bloomberg,Executive Misconduct,Euro Stoxx 50,0.02,343.83,Positive,Pharmaceuticals,Low,Bank of America,https://economictimes.indiatimes.com/news/economy/unemployment-rate,real estate sector shows signs of overheating as interest rates fall,7,Governance,0,0,2025,1.0
1015,1015,1015,1015,1015,2025-06-01,Major oil spill sends energy stocks plummeting,Yahoo Finance,Executive Misconduct,Nikkei 225,-2.26,492.91,Positive,Utilities,Low,Ford Motor Company,https://economictimes.indiatimes.com/news/transportation,major oil spill sends energy stocks plummeting,15,Governance,0,0,2025,1.0
1016,1016,1016,1016,1016,2025-06-26,Major oil spill sends energy stocks plummeting,Seeking Alpha,Human Rights Allegation,Russell 2000,-3.38,84.29,Negative,Construction,High,Lockheed Martin,https://www.wsj.com/china/market-rally,major oil spill sends energy stocks plummeting,17,Social,2,1,2025,-1.0
1017,1017,1017,1017,1017,2025-08-14,Massive stock buyback program announced by a consumer goods company,Barron's,Accounting Fraud Investigation,S&P/TSX Composite,1.58,488.9,Positive,Automotive,Low,General Motors,https://www.ft.com/content/media-entertainment-merger,massive stock buyback program announced by a consumer goods company,4,Governance,0,0,2025,1.0
1018,1018,1018,1018,1018,2025-05-10,,Financial Times,Antitrust Investigation,Nikkei 225,-0.76,381.27,Negative,Materials,High,Exxon Mobil,https://www.reuters.com/markets/indices/ftse-100,,11,Governance,2,1,2025,-1.0
1019,1019,1019,1019,1019,2025-07-12,E-commerce earnings report beats all analyst expectations,The Motley Fool,Executive Misconduct,Euro Stoxx 50,-4.57,450.22,Positive,Healthcare,Low,JPMorgan Chase,https://www.investopedia.com/articles/government-policy-announcement,e commerce earnings report beats all analyst expectations,5,Governance,0,0,2025,1.0
1020,1020,1020,1020,1020,2025-06-25,Central Bank's dovish tone hints at future rate cuts,Financial Times,Regulatory Compliance Failure,ASX 200,-3.45,405.97,Negative,Retail,Low,Chevron Corporation,https://www.reuters.com/business/energy/oil-market-update,central bank's dovish tone hints at future rate cuts,9,Governance,0,0,2025,-1.0
1021,1021,1021,1021,1021,2025-03-26,Media and Entertainment companies report a surge in streaming revenue,Times of India,Regulatory Compliance Failure,FTSE 100,2.97,346.02,Neutral,Consumer Goods,Medium,JPMorgan Chase,https://www.reuters.com/business/energy/oil-market-update,media and entertainment companies report a surge in streaming revenue,16,Governance,1,1,2025,0.0
1022,1022,1022,1022,1022,2025-06-14,Market braces for a major policy announcement from the EU,Seeking Alpha,Human Rights Allegation,BSE Sensex,-3.75,268.84,Positive,Automotive,Medium,Chevron Corporation,https://www.wsj.com/china/market-regulation,market braces for a major policy announcement from the eu,17,Social,1,1,2025,1.0
1023,1023,1023,1023,1023,2025-06-20,,Yahoo Finance,Accounting Fraud Investigation,Hang Seng,1.61,181.01,Negative,Real Estate,High,Apple Inc.,https://www.bloomberg.com/asia/telecommunications-news,,9,Governance,2,1,2025,-1.0
1024,1024,1024,1024,1024,2025-08-07,Mining company stock surges on commodity price boom,MarketWatch,Antitrust Investigation,DAX,4.74,330.29,Negative,Energy,High,Intel,https://economictimes.indiatimes.com/news/transportation,mining company stock surges on commodity price boom,14,Governance,2,1,2025,-1.0
1025,1025,1025,1025,1025,2025-04-27,Gold prices surge as investors flee riskier assets,The Economist,Executive Misconduct,TSX,0.44,218.99,Negative,Consumer Goods,High,Microsoft,https://economictimes.indiatimes.com/industry/industrials,gold prices surge as investors flee riskier assets,15,Governance,2,1,2025,-1.0
1026,1026,1026,1026,1026,2025-02-24,Central bank maintains status quo on interest rates,Financial Times,Carbon Emissions Violation,S&P 500,4.92,63.86,Negative,Media & Entertainment,High,Chevron Corporation,https://www.bloomberg.com/asia/telecommunications-news,central bank maintains status quo on interest rates,2,Environmental,2,1,2025,-1.0
1027,1027,1027,1027,1027,2025-03-26,Central Bank's dovish tone hints at future rate cuts,The Economist,Accounting Fraud Investigation,S&P 500,-4.4,215.96,Negative,Materials,High,General Motors,https://timesofindia.indiatimes.com/business/agriculture-sector,central bank's dovish tone hints at future rate cuts,15,Governance,2,1,2025,-1.0
1028,1028,1028,1028,1028,2025-04-06,Manufacturing PMI data signals economic expansion,Forbes,Regulatory Compliance Failure,Hang Seng,-0.55,56.06,Negative,Consumer Goods,High,Microsoft,https://www.ft.com/content/tech-sector-innovation,manufacturing pmi data signals economic expansion,15,Governance,2,1,2025,-1.0
1029,1029,1029,1029,1029,2025-04-18,Tech Giant's New Product Launch Sparks Sector-Wide Gains,The Motley Fool,Accounting Fraud Investigation,Shanghai Composite,3.46,448.68,Neutral,Healthcare,Low,General Motors,https://www.cnbc.com/2025/09/automotive-industry-trends,tech giant's new product launch sparks sector wide gains,10,Governance,0,0,2025,0.0
1030,1030,1030,1030,1030,2025-03-11,China's Shanghai Composite falls after new trade restrictions,Reuters,Accounting Fraud Investigation,DAX,1.78,54.73,Negative,Telecommunications,High,Microsoft,,china's shanghai composite falls after new trade restrictions,16,Governance,2,1,2025,-1.0
1031,1031,1031,1031,1031,2025-05-22,Retail sales report surpasses all forecasts,Business Standard,Antitrust Investigation,Shanghai Composite,2.93,304.01,Negative,Real Estate,Low,General Motors,https://www.moneycontrol.com/us-markets/nasdaq-composite,retail sales report surpasses all forecasts,0,Governance,0,0,2025,-1.0
1032,1032,1032,1032,1032,2025-04-15,ASX 200 gains on strong export performance,Times of India,Regulatory Compliance Failure,KOSPI,-2.07,160.08,Negative,Automotive,Low,General Motors,https://www.business-standard.com/economy/inflation-data,asx 200 gains on strong export performance,12,Governance,0,0,2025,-1.0
1033,1033,1033,1033,1033,2025-02-22,Central Bank's dovish tone hints at future rate cuts,The Motley Fool,Executive Misconduct,IBOVESPA,-4.09,190.45,Neutral,Telecommunications,Medium,Exxon Mobil,https://timesofindia.indiatimes.com/business/corporate-governance,central bank's dovish tone hints at future rate cuts,1,Governance,1,1,2025,0.0
1034,1034,1034,1034,1034,2025-08-13,Financial services stocks rally on strong profit margins,Reuters,Accounting Fraud Investigation,ASX 200,-3.59,398.17,Negative,Construction,High,Chevron Corporation,https://www.reuters.com/markets/stocks/tech-rally,financial services stocks rally on strong profit margins,14,Governance,2,1,2025,-1.0
1035,1035,1035,1035,1035,2025-08-11,China's Shanghai Composite falls after new trade restrictions,Financial Times,Executive Misconduct,ASX 200,1.06,381.0,Negative,Technology,High,JPMorgan Chase,https://www.forbes.com/crypto/cryptocurrency-regulation,china's shanghai composite falls after new trade restrictions,5,Governance,2,1,2025,-1.0
1036,1036,1036,1036,1036,2025-08-12,Unexpected rise in unemployment fuels market pessimism,The Hindu Business Line,Executive Misconduct,ASX 200,-3.06,302.58,Negative,Retail,High,Lockheed Martin,https://www.business-standard.com/international-business/trade-policy,unexpected rise in unemployment fuels market pessimism,1,Governance,2,1,2025,-1.0
1037,1037,1037,1037,1037,2025-02-11,Federal Reserve Chairman's speech causes market volatility,CNBC,Accounting Fraud Investigation,Nikkei 225,1.51,403.06,Neutral,Real Estate,Low,Exxon Mobil,,federal reserve chairman's speech causes market volatility,13,Governance,0,0,2025,0.0
1038,1038,1038,1038,1038,2025-02-08,New IPO for a popular software firm is oversubscribed,CNBC,Accounting Fraud Investigation,Russell 2000,4.3,371.42,Neutral,Industrials,Low,JPMorgan Chase,,new ipo for a popular software firm is oversubscribed,5,Governance,0,0,2025,0.0
1039,1039,1039,1039,1039,2025-05-10,Mining company stock surges on commodity price boom,Times of India,Executive Misconduct,Dow Jones,4.82,495.52,Negative,Finance,High,Ford Motor Company,https://www.bloomberg.com/canada/tsunami-warnings,mining company stock surges on commodity price boom,1,Governance,2,1,2025,-1.0
1040,1040,1040,1040,1040,2025-03-03,ASX 200 gains on strong export performance,Economic Times,Antitrust Investigation,Nasdaq Composite,-2.35,152.65,Negative,Telecommunications,Low,Lockheed Martin,https://www.forbes.com/crypto/cryptocurrency-regulation,asx 200 gains on strong export performance,12,Governance,0,0,2025,-1.0
1041,1041,1041,1041,1041,2025-04-02,New regulations on cryptocurrencies cause a market dip,Business Standard,Climate Regulation Breach,Dow Jones,-3.56,267.6,Positive,Transportation,Medium,General Motors,https://www.cnbc.com/2025/11/major-merger-deal-approved,new regulations on cryptocurrencies cause a market dip,2,Environmental,1,1,2025,1.0
1042,1042,1042,1042,1042,2025-03-31,Manufacturing PMI data signals economic expansion,Business Standard,Regulatory Compliance Failure,DAX,1.56,321.21,Negative,Utilities,High,Intel,https://www.investopedia.com/articles/government-policy-announcement,manufacturing pmi data signals economic expansion,13,Governance,2,1,2025,-1.0
1043,1043,1043,1043,1043,2025-06-14,China's Shanghai Composite falls after new trade restrictions,Mint,Labor Rights Violation,Russell 2000,-0.09,237.51,Negative,Healthcare,Low,Microsoft,https://www.forbes.com/crypto/cryptocurrency-regulation,china's shanghai composite falls after new trade restrictions,3,Social,0,0,2025,-1.0
1044,1044,1044,1044,1044,2025-08-08,Financial services stocks rally on strong profit margins,Business Standard,Antitrust Investigation,Euro Stoxx 50,-1.35,488.35,Negative,Pharmaceuticals,Medium,Exxon Mobil,https://www.reuters.com/markets/indices/ftse-100,financial services stocks rally on strong profit margins,0,Governance,1,1,2025,-1.0
1045,1045,1045,1045,1045,2025-03-09,Aerospace and Defense sector sees rally amid geopolitical tensions,CNBC,Regulatory Compliance Failure,Dow Jones,,118.87,Neutral,Real Estate,Medium,Chevron Corporation,https://www.ft.com/content/tech-sector-innovation,aerospace and defense sector sees rally amid geopolitical tensions,4,Governance,1,1,2025,0.0
1046,1046,1046,1046,1046,2025-08-06,Crude oil prices drop to a multi-year low,Mint,Executive Misconduct,TSX,2.89,245.11,Positive,Telecommunications,Low,JPMorgan Chase,https://www.business-standard.com/economy/trade-disputes-impact,crude oil prices drop to a multi year low,14,Governance,0,0,2025,1.0
1047,1047,1047,1047,1047,2025-02-05,Semiconductor shortages weigh heavily on tech sector profits,Reuters,Executive Misconduct,KOSPI,-2.27,192.76,Neutral,Media & Entertainment,Medium,Microsoft,https://www.forbes.com/crypto/cryptocurrency-regulation,semiconductor shortages weigh heavily on tech sector profits,4,Governance,1,1,2025,0.0
1048,1048,1048,1048,1048,2025-03-12,Mining company stock surges on commodity price boom,Yahoo Finance,Regulatory Compliance Failure,NSE Nifty,-3.35,447.85,,Industrials,Low,JPMorgan Chase,https://www.ft.com/content/currency-devaluation,mining company stock surges on commodity price boom,4,Governance,0,0,2025,
1049,1049,1049,1049,1049,2025-07-05,Consumer confidence index reaches a decade high,Reuters,Executive Misconduct,Nikkei 225,-0.35,442.46,Negative,Aerospace & Defense,High,JPMorgan Chase,https://www.business-standard.com/finance/corporate-earnings,consumer confidence index reaches a decade high,11,Governance,2,1,2025,-1.0
1050,1050,1050,1050,1050,2025-05-25,Financial services stocks rally on strong profit margins,CNBC,Carbon Emissions Violation,DAX,1.02,74.49,Negative,Materials,High,Bank of America,https://www.business-standard.com/economy/inflation-data,financial services stocks rally on strong profit margins,2,Environmental,2,1,2025,-1.0
1051,1051,1051,1051,1051,2025-08-04,Central bank maintains status quo on interest rates,Times of India,Accounting Fraud Investigation,Nasdaq Composite,0.3,168.72,Positive,Healthcare,Low,Lockheed Martin,https://timesofindia.indiatimes.com/business/markets/stock-market-crash,central bank maintains status quo on interest rates,0,Governance,0,0,2025,1.0
1052,1052,1052,1052,1052,2025-02-07,Consumer Discretionary stocks outperform as spending increases,Economic Times,Labor Rights Violation,IBOVESPA,2.16,271.68,Negative,Finance,High,Lockheed Martin,https://www.reuters.com/markets/indices/nikkei-225,consumer discretionary stocks outperform as spending increases,3,Social,2,1,2025,-1.0
1053,1053,1053,1053,1053,2025-06-20,Crude oil prices drop to a multi-year low,The Economist,Antitrust Investigation,ASX 200,2.19,155.3,Negative,Utilities,Medium,Exxon Mobil,https://www.cnbc.com/2025/08/russia-ukraine-war-economic-impact,crude oil prices drop to a multi year low,0,Governance,1,1,2025,-1.0
1054,1054,1054,1054,1054,2025-05-15,Merger talks between two banks fall through,Times of India,Regulatory Compliance Failure,CAC 40,0.64,418.24,Negative,Technology,High,Exxon Mobil,https://www.cnbc.com/2025/11/major-merger-deal-approved,merger talks between two banks fall through,11,Governance,2,1,2025,-1.0
1055,1055,1055,1055,1055,2025-03-18,Bond yields tumble as investors seek safe havens,The Motley Fool,Regulatory Compliance Failure,NSE Nifty,4.96,492.36,Negative,Construction,High,Chevron Corporation,https://economictimes.indiatimes.com/news/economy/unemployment-rate,bond yields tumble as investors seek safe havens,13,Governance,2,1,2025,-1.0
1056,1056,1056,1056,1056,2025-04-14,Geopolitical ceasefire prompts a broad market recovery,Mint,Executive Misconduct,Nasdaq Composite,-3.98,415.27,Neutral,Agriculture,Low,Exxon Mobil,https://www.bloomberg.com/australia/asx-200-performance,geopolitical ceasefire prompts a broad market recovery,9,Governance,0,0,2025,0.0
1057,1057,1057,1057,1057,2025-04-10,Central Bank's dovish tone hints at future rate cuts,Mint,Antitrust Investigation,Dow Jones,0.43,417.0,Neutral,Finance,Low,Apple Inc.,https://www.reuters.com/business/retail-sector-earnings,central bank's dovish tone hints at future rate cuts,12,Governance,0,0,2025,0.0
1058,1058,1058,1058,1058,2025-06-03,ASX 200 gains on strong export performance,The Hindu Business Line,Labor Rights Violation,Euro Stoxx 50,2.08,58.11,Negative,Industrials,High,Microsoft,https://www.cnbc.com/2025/09/automotive-industry-trends,asx 200 gains on strong export performance,17,Social,2,1,2025,-1.0
1059,1059,1059,1059,1059,2025-06-08,Financial sector bracing for new capital requirements,Barron's,Product Safety Recall,Nasdaq Composite,4.15,316.4,Negative,Agriculture,High,Lockheed Martin,https://www.bloomberg.com/middle-east/news/bond-market-fluctuation,financial sector bracing for new capital requirements,17,Social,2,1,2025,-1.0
1060,1060,1060,1060,1060,2025-06-21,Central bank maintains status quo on interest rates,Economic Times,Antitrust Investigation,Shanghai Composite,-3.18,97.93,Positive,Consumer Goods,Medium,Bank of America,https://www.cnbc.com/2025/09/automotive-industry-trends,central bank maintains status quo on interest rates,13,Governance,1,1,2025,1.0
1061,1061,1061,1061,1061,2025-05-06,Market braces for a major policy announcement from the EU,Wall Street Journal,Regulatory Compliance Failure,IBOVESPA,-0.76,184.65,Positive,Retail,Low,Bank of America,https://www.cnbc.com/2025/10/real-estate-market-analysis,market braces for a major policy announcement from the eu,13,Governance,0,0,2025,1.0
1062,1062,1062,1062,1062,2025-05-01,Government subsidy program gives a lift to the agriculture sector,Business Standard,Executive Misconduct,ASX 200,-1.81,273.01,Negative,Media & Entertainment,High,Bank of America,https://economictimes.indiatimes.com/industry/industrials,government subsidy program gives a lift to the agriculture sector,12,Governance,2,1,2025,-1.0
1063,1063,1063,1063,1063,2025-02-09,Utilities sector remains stable during market fluctuations,Wall Street Journal,Antitrust Investigation,IBOVESPA,0.73,57.54,Negative,Telecommunications,High,JPMorgan Chase,https://www.bloomberg.com/middle-east/news/bond-market-fluctuation,utilities sector remains stable during market fluctuations,18,Governance,2,1,2025,-1.0
1064,1064,1064,1064,1064,2025-06-29,,Times of India,Worker Strike,BSE Sensex,-1.81,144.27,Negative,Utilities,Low,Apple Inc.,https://www.reuters.com/business/energy/oil-market-update,,8,Social,0,0,2025,-1.0
1065,1065,1065,1065,1065,2025-03-01,ASX 200 gains on strong export performance,Financial Times,Antitrust Investigation,CAC 40,2.63,90.87,Positive,Telecommunications,Medium,Ford Motor Company,https://www.business-standard.com/international-business/trade-policy,asx 200 gains on strong export performance,0,Governance,1,1,2025,1.0
1066,1066,1066,1066,1066,2025-03-20,Aerospace and Defense sector sees rally amid geopolitical tensions,Business Standard,Labor Rights Violation,KOSPI,4.92,219.26,Neutral,Pharmaceuticals,Medium,Apple Inc.,https://www.reuters.com/markets/indices/nikkei-225,aerospace and defense sector sees rally amid geopolitical tensions,3,Social,1,1,2025,0.0
1067,1067,1067,1067,1067,2025-04-21,Retail sales report surpasses all forecasts,Barron's,Regulatory Compliance Failure,Nasdaq Composite,-4.16,154.93,Negative,Finance,Low,General Motors,https://www.wsj.com/europe/dax-performance,retail sales report surpasses all forecasts,18,Governance,0,0,2025,-1.0
1068,1068,1068,1068,1068,2025-02-20,Consumer Discretionary stocks outperform as spending increases,The Hindu Business Line,Accounting Fraud Investigation,Euro Stoxx 50,-2.89,81.28,Negative,Energy,High,Apple Inc.,https://www.bloomberg.com/middle-east/news/bond-market-fluctuation,consumer discretionary stocks outperform as spending increases,16,Governance,2,1,2025,-1.0
1069,1069,1069,1069,1069,2025-07-27,"Global trade talks collapse, causing market turmoil",Seeking Alpha,Labor Rights Violation,KOSPI,-1.71,204.81,Negative,Pharmaceuticals,Low,Chevron Corporation,https://www.business-standard.com/finance/corporate-earnings,"global trade talks collapse, causing market turmoil",17,Social,0,0,2025,-1.0
1070,1070,1070,1070,1070,2025-07-26,Bond yields tumble as investors seek safe havens,The Economist,Accounting Fraud Investigation,TSX,0.71,22.23,Negative,Finance,High,Bank of America,https://www.investopedia.com/articles/government-policy-announcement,bond yields tumble as investors seek safe havens,6,Governance,2,1,2025,-1.0
1071,1071,1071,1071,1071,2025-04-26,Government spending bill is expected to stimulate the economy,Investopedia,Antitrust Investigation,CAC 40,4.13,79.38,Negative,Healthcare,High,Exxon Mobil,https://www.bloomberg.com/canada/tsunami-warnings,government spending bill is expected to stimulate the economy,11,Governance,2,1,2025,-1.0
1072,1072,1072,1072,1072,2025-02-27,Government spending bill is expected to stimulate the economy,Times of India,Antitrust Investigation,DAX,2.54,439.9,Negative,Utilities,High,Lockheed Martin,https://www.reuters.com/markets/stocks/tech-rally,government spending bill is expected to stimulate the economy,1,Governance,2,1,2025,-1.0
1073,1073,1073,1073,1073,2025-02-02,Unexpected rise in unemployment fuels market pessimism,Barron's,Antitrust Investigation,IBOVESPA,0.24,424.14,Neutral,Telecommunications,Low,Microsoft,https://economictimes.indiatimes.com/stocks/bse-sensex-plunges,unexpected rise in unemployment fuels market pessimism,1,Governance,0,0,2025,0.0
1074,1074,1074,1074,1074,2025-04-10,Mining company stock surges on commodity price boom,Bloomberg,Labor Rights Violation,CAC 40,-0.51,109.72,Negative,Telecommunications,High,Apple Inc.,,mining company stock surges on commodity price boom,17,Social,2,1,2025,-1.0
1075,1075,1075,1075,1075,2025-06-17,Dow Jones plunges as market fears recession,MarketWatch,Carbon Emissions Violation,BSE Sensex,0.41,234.71,Negative,Energy,Medium,Apple Inc.,https://www.reuters.com/business/energy/oil-market-update,dow jones plunges as market fears recession,2,Environmental,1,1,2025,-1.0
1076,1076,1076,1076,1076,2025-03-09,Energy company's dividend hike excites shareholders,Investopedia,Antitrust Investigation,Euro Stoxx 50,-3.04,30.32,Neutral,Technology,Medium,Exxon Mobil,https://www.moneycontrol.com/us-markets/dow-jones-industrial,energy company's dividend hike excites shareholders,10,Governance,1,1,2025,0.0
1077,1077,1077,1077,1077,2025-08-14,Pharmaceutical company's drug approval drives stock upward,MarketWatch,Regulatory Compliance Failure,IBOVESPA,3.15,346.23,Negative,Media & Entertainment,Medium,Intel,https://www.investopedia.com/articles/supply-chain-disruption,pharmaceutical company's drug approval drives stock upward,14,Governance,1,1,2025,-1.0
1078,1078,1078,1078,1078,2025-02-12,Financial sector bracing for new capital requirements,The Hindu Business Line,Product Safety Recall,ASX 200,3.63,445.61,Negative,Healthcare,High,Bank of America,https://economictimes.indiatimes.com/industry/industrials,financial sector bracing for new capital requirements,3,Social,2,1,2025,-1.0
1079,1079,1079,1079,1079,2025-07-15,Utilities sector remains stable during market fluctuations,The Economist,Product Safety Recall,Hang Seng,3.47,368.29,Positive,Automotive,Low,Chevron Corporation,https://www.business-standard.com/economy/economic-stimulus,utilities sector remains stable during market fluctuations,3,Social,0,0,2025,1.0
1080,1080,1080,1080,1080,2025-04-11,Central Bank Governor signals potential shift in policy,Business Standard,Executive Misconduct,S&P/TSX Composite,-4.58,185.11,,Automotive,Low,Microsoft,https://www.moneycontrol.com/us-markets/sp-500,central bank governor signals potential shift in policy,11,Governance,0,0,2025,
1081,1081,1081,1081,1081,2025-07-11,China's Shanghai Composite falls after new trade restrictions,Seeking Alpha,Antitrust Investigation,Euro Stoxx 50,-1.02,90.98,Neutral,Finance,Low,Exxon Mobil,https://www.ft.com/content/geopolitical-summit,china's shanghai composite falls after new trade restrictions,11,Governance,0,0,2025,0.0
1082,1082,1082,1082,1082,2025-06-19,Supply chain issues impact manufacturing sector earnings,MarketWatch,Regulatory Compliance Failure,S&P 500,3.51,195.65,Negative,Finance,High,Intel,https://www.business-standard.com/economy/trade-disputes-impact,supply chain issues impact manufacturing sector earnings,0,Governance,2,1,2025,-1.0
1083,1083,1083,1083,1083,2025-07-27,China's Shanghai Composite falls after new trade restrictions,The Motley Fool,Accounting Fraud Investigation,ASX 200,-0.84,395.67,Negative,Telecommunications,Medium,Lockheed Martin,https://www.investopedia.com/articles/supply-chain-disruption,china's shanghai composite falls after new trade restrictions,6,Governance,1,1,2025,-1.0
1084,1084,1084,1084,1084,2025-07-14,Government subsidy program gives a lift to the agriculture sector,Bloomberg,Antitrust Investigation,KOSPI,3.92,81.61,Positive,Materials,Medium,JPMorgan Chase,https://www.marketwatch.com/story/commodities-price-shock,government subsidy program gives a lift to the agriculture sector,16,Governance,1,1,2025,1.0
1085,1085,1085,1085,1085,2025-03-15,Automotive industry faces headwinds from rising material costs,Barron's,Executive Misconduct,Hang Seng,-3.84,341.41,Negative,Energy,High,Ford Motor Company,,automotive industry faces headwinds from rising material costs,9,Governance,2,1,2025,-1.0
1086,1086,1086,1086,1086,2025-05-15,,Bloomberg,Antitrust Investigation,Euro Stoxx 50,1.05,46.99,Negative,Aerospace & Defense,High,Ford Motor Company,https://www.ft.com/content/consumer-confidence-report,,12,Governance,2,1,2025,-1.0
1087,1087,1087,1087,1087,2025-02-09,Dow Jones plunges as market fears recession,MarketWatch,Regulatory Compliance Failure,ASX 200,2.45,26.32,Neutral,Finance,Medium,Ford Motor Company,https://www.cnbc.com/2025/08/russia-ukraine-war-economic-impact,dow jones plunges as market fears recession,9,Governance,1,1,2025,0.0
1088,1088,1088,1088,1088,2025-06-17,Utilities sector remains stable during market fluctuations,MarketWatch,Accounting Fraud Investigation,S&P 500,,27.3,Negative,Agriculture,High,Chevron Corporation,https://www.wsj.com/japan/economic-data-release,utilities sector remains stable during market fluctuations,12,Governance,2,1,2025,-1.0
1089,1089,1089,1089,1089,2025-04-11,New regulations on cryptocurrencies cause a market dip,Reuters,Labor Rights Violation,Nikkei 225,-1.78,214.41,Negative,Energy,High,Bank of America,https://www.cnbc.com/2025/08/russia-ukraine-war-economic-impact,new regulations on cryptocurrencies cause a market dip,19,Social,2,1,2025,-1.0
1090,1090,1090,1090,1090,2025-04-17,Major oil spill sends energy stocks plummeting,The Hindu Business Line,Accounting Fraud Investigation,DAX,1.35,471.72,Negative,Retail,Medium,Microsoft,https://www.ft.com/content/consumer-confidence-report,major oil spill sends energy stocks plummeting,14,Governance,1,1,2025,-1.0
1091,1091,1091,1091,1091,2025-06-11,Manufacturing PMI data signals economic expansion,Wall Street Journal,Environmental Spill,NSE Nifty,-1.65,276.47,Neutral,Telecommunications,Low,Bank of America,https://www.bloomberg.com/asia/telecommunications-news,manufacturing pmi data signals economic expansion,2,Environmental,0,0,2025,0.0
1092,1092,1092,1092,1092,2025-03-05,ASX 200 gains on strong export performance,Wall Street Journal,Antitrust Investigation,Russell 2000,0.45,143.44,Positive,Industrials,Low,Exxon Mobil,https://www.bloomberg.com/asia/telecommunications-news,asx 200 gains on strong export performance,4,Governance,0,0,2025,1.0
1093,1093,1093,1093,1093,2025-03-22,Consumer confidence index reaches a decade high,Barron's,Climate Regulation Breach,S&P/TSX Composite,4.07,96.75,Neutral,Healthcare,Low,Exxon Mobil,https://www.reuters.com/business/retail-sector-earnings,consumer confidence index reaches a decade high,2,Environmental,0,0,2025,0.0
1094,1094,1094,1094,1094,2025-06-12,"Global trade talks collapse, causing market turmoil",Mint,Antitrust Investigation,Shanghai Composite,-4.37,266.44,Positive,Technology,Medium,Chevron Corporation,https://www.forbes.com/finance/geopolitical-event-impact,"global trade talks collapse, causing market turmoil",13,Governance,1,1,2025,1.0
1095,1095,1095,1095,1095,2025-06-14,Consumer confidence index reaches a decade high,Wall Street Journal,Antitrust Investigation,Shanghai Composite,,130.02,Positive,Agriculture,Low,Intel,https://www.cnbc.com/2025/08/russia-ukraine-war-economic-impact,consumer confidence index reaches a decade high,6,Governance,0,0,2025,1.0
1096,1096,1096,1096,1096,2025-05-05,ASX 200 gains on strong export performance,Times of India,Regulatory Compliance Failure,TSX,0.66,99.14,Positive,Pharmaceuticals,Medium,General Motors,https://www.bloomberg.com/middle-east/news/bond-market-fluctuation,asx 200 gains on strong export performance,6,Governance,1,1,2025,1.0
1097,1097,1097,1097,1097,2025-02-18,Merger talks between two banks fall through,The Economist,Regulatory Compliance Failure,Nasdaq Composite,-2.22,472.63,Negative,Automotive,High,Ford Motor Company,https://www.ft.com/content/tech-sector-innovation,merger talks between two banks fall through,1,Governance,2,1,2025,-1.0
1098,1098,1098,1098,1098,2025-02-21,Manufacturing PMI data signals economic expansion,Business Standard,Labor Rights Violation,FTSE 100,4.69,376.11,Negative,Materials,High,Bank of America,https://timesofindia.indiatimes.com/business/markets/stock-market-crash,manufacturing pmi data signals economic expansion,8,Social,2,1,2025,-1.0
1099,1099,1099,1099,1099,2025-08-03,Bond yields tumble as investors seek safe havens,Business Standard,Regulatory Compliance Failure,FTSE 100,2.44,448.98,Neutral,Real Estate,Medium,Exxon Mobil,https://www.forbes.com/finance/geopolitical-event-impact,bond yields tumble as investors seek safe havens,11,Governance,1,1,2025,0.0
1100,1100,1100,1100,1100,2025-05-03,"Global trade talks collapse, causing market turmoil",The Economist,Regulatory Compliance Failure,ASX 200,-2.74,148.28,Positive,Utilities,Low,Intel,https://www.reuters.com/markets/indices/nikkei-225,"global trade talks collapse, causing market turmoil",16,Governance,0,0,2025,1.0
1101,1101,1101,1101,1101,2025-05-08,,Wall Street Journal,Labor Rights Violation,Nasdaq Composite,4.57,62.38,Neutral,Media & Entertainment,Medium,Bank of America,https://www.cnbc.com/2025/10/real-estate-market-analysis,,17,Social,1,1,2025,0.0
1102,1102,1102,1102,1102,2025-04-01,Bond yields tumble as investors seek safe havens,Bloomberg,Antitrust Investigation,Russell 2000,-3.58,154.84,Negative,Telecommunications,Medium,General Motors,https://www.ft.com/content/consumer-confidence-report,bond yields tumble as investors seek safe havens,18,Governance,1,1,2025,-1.0
1103,1103,1103,1103,1103,2025-05-04,Energy company's dividend hike excites shareholders,Yahoo Finance,Antitrust Investigation,Hang Seng,-4.07,254.9,Negative,Technology,High,Ford Motor Company,https://timesofindia.indiatimes.com/business/markets/stock-market-crash,energy company's dividend hike excites shareholders,6,Governance,2,1,2025,-1.0
1104,1104,1104,1104,1104,2025-06-05,Government subsidy program gives a lift to the agriculture sector,Times of India,Accounting Fraud Investigation,Russell 2000,-2.72,205.74,Negative,Energy,High,JPMorgan Chase,https://www.wsj.com/china/market-rally,government subsidy program gives a lift to the agriculture sector,14,Governance,2,1,2025,-1.0
1105,1105,1105,1105,1105,2025-02-19,Unexpected rise in unemployment fuels market pessimism,Business Standard,Environmental Spill,S&P 500,-2.84,192.61,Neutral,Construction,Medium,Ford Motor Company,https://www.business-standard.com/international-business/trade-policy,unexpected rise in unemployment fuels market pessimism,2,Environmental,1,1,2025,0.0
1106,1106,1106,1106,1106,2025-03-20,Government policy shift boosts renewable energy sector,Investopedia,Regulatory Compliance Failure,S&P/TSX Composite,-0.75,316.45,Neutral,Telecommunications,Low,Intel,https://economictimes.indiatimes.com/stocks/bse-sensex-plunges,government policy shift boosts renewable energy sector,7,Governance,0,0,2025,0.0
1107,1107,1107,1107,1107,2025-02-14,,Business Standard,Accounting Fraud Investigation,Nasdaq Composite,-1.5,294.06,Negative,Pharmaceuticals,Low,Intel,https://economictimes.indiatimes.com/news/transportation,,4,Governance,0,0,2025,-1.0
1108,1108,1108,1108,1108,2025-05-29,Major technology firm acquires a smaller rival in a multi-billion dollar deal,Forbes,Executive Misconduct,KOSPI,-1.03,194.11,Negative,Consumer Goods,Low,Bank of America,https://www.ft.com/content/tech-sector-innovation,major technology firm acquires a smaller rival in a multi billion dollar deal,1,Governance,0,0,2025,-1.0
1109,1109,1109,1109,1109,2025-06-01,Consumer Discretionary stocks outperform as spending increases,Yahoo Finance,Human Rights Allegation,Euro Stoxx 50,1.97,310.45,Negative,Healthcare,High,Ford Motor Company,https://timesofindia.indiatimes.com/business/finance/banking-sector-news,consumer discretionary stocks outperform as spending increases,17,Social,2,1,2025,-1.0
1110,1110,1110,1110,1110,2025-03-13,Unexpected rise in unemployment fuels market pessimism,Business Standard,Accounting Fraud Investigation,BSE Sensex,-0.87,45.94,Positive,Pharmaceuticals,Medium,Intel,https://www.moneycontrol.com/india/ipo-news/new-firm-launches,unexpected rise in unemployment fuels market pessimism,7,Governance,1,1,2025,1.0
1111,1111,1111,1111,1111,2025-03-28,"Global trade talks collapse, causing market turmoil",Forbes,Labor Rights Violation,KOSPI,0.51,399.31,Negative,Utilities,High,Exxon Mobil,https://www.ft.com/content/currency-devaluation,"global trade talks collapse, causing market turmoil",8,Social,2,1,2025,-1.0
1112,1112,1112,1112,1112,2025-07-18,Major technology firm acquires a smaller rival in a multi-billion dollar deal,Seeking Alpha,Accounting Fraud Investigation,FTSE 100,0.19,168.24,Neutral,Aerospace & Defense,Low,Bank of America,https://www.cnbc.com/2025/08/russia-ukraine-war-economic-impact,major technology firm acquires a smaller rival in a multi billion dollar deal,10,Governance,0,0,2025,0.0
1113,1113,1113,1113,1113,2025-07-26,,The Economist,Product Safety Recall,S&P/TSX Composite,2.9,91.12,Negative,Real Estate,High,Apple Inc.,https://www.bloomberg.com/canada/tsunami-warnings,,8,Social,2,1,2025,-1.0
1114,1114,1114,1114,1114,2025-03-05,Central Bank Governor signals potential shift in policy,Seeking Alpha,Regulatory Compliance Failure,KOSPI,4.2,148.01,,Healthcare,Low,Intel,https://www.wsj.com/china/market-regulation,central bank governor signals potential shift in policy,6,Governance,0,0,2025,
1115,1115,1115,1115,1115,2025-05-28,Geopolitical ceasefire prompts a broad market recovery,The Hindu Business Line,Accounting Fraud Investigation,Russell 2000,2.89,146.48,Positive,Media & Entertainment,Low,Apple Inc.,,geopolitical ceasefire prompts a broad market recovery,0,Governance,0,0,2025,1.0
1116,1116,1116,1116,1116,2025-03-14,,Forbes,Accounting Fraud Investigation,BSE Sensex,-4.53,234.91,Neutral,Aerospace & Defense,Medium,Chevron Corporation,https://www.forbes.com/finance/geopolitical-event-impact,,9,Governance,1,1,2025,0.0
1117,1117,1117,1117,1117,2025-07-22,Geopolitical ceasefire prompts a broad market recovery,Economic Times,Regulatory Compliance Failure,Russell 2000,2.54,310.72,Positive,Materials,Medium,Apple Inc.,https://economictimes.indiatimes.com/industry/industrials,geopolitical ceasefire prompts a broad market recovery,5,Governance,1,1,2025,1.0
1118,1118,1118,1118,1118,2025-04-16,Market braces for a major policy announcement from the EU,Mint,Antitrust Investigation,DAX,2.37,222.77,Negative,Healthcare,High,Ford Motor Company,https://www.forbes.com/crypto/cryptocurrency-regulation,market braces for a major policy announcement from the eu,5,Governance,2,1,2025,-1.0
1119,1119,1119,1119,1119,2025-05-25,Market braces for a major policy announcement from the EU,The Hindu Business Line,Labor Rights Violation,Dow Jones,-1.77,53.82,Negative,Industrials,High,Exxon Mobil,https://www.reuters.com/business/energy/oil-market-update,market braces for a major policy announcement from the eu,17,Social,2,1,2025,-1.0
1120,1120,1120,1120,1120,2025-04-19,Government policy shift boosts renewable energy sector,The Economist,Climate Regulation Breach,S&P 500,3.66,420.32,Neutral,Retail,Low,Microsoft,https://www.bloomberg.com/middle-east/news/bond-market-fluctuation,government policy shift boosts renewable energy sector,2,Environmental,0,0,2025,0.0
1121,1121,1121,1121,1121,2025-02-14,Utilities sector remains stable during market fluctuations,Yahoo Finance,Antitrust Investigation,TSX,-4.77,269.9,Negative,Real Estate,High,JPMorgan Chase,https://www.ft.com/content/currency-devaluation,utilities sector remains stable during market fluctuations,16,Governance,2,1,2025,-1.0
1122,1122,1122,1122,1122,2025-04-25,Quarterly report shows surprising losses for retail giants,Yahoo Finance,Human Rights Allegation,NSE Nifty,0.34,124.9,Negative,Construction,High,JPMorgan Chase,https://www.moneycontrol.com/us-markets/dow-jones-industrial,quarterly report shows surprising losses for retail giants,17,Social,2,1,2025,-1.0
1123,1123,1123,1123,1123,2025-08-10,UK's FTSE 100 sees a boost from favorable trade data,Seeking Alpha,Regulatory Compliance Failure,BSE Sensex,2.57,48.26,Neutral,Materials,Medium,Microsoft,https://www.forbes.com/crypto/cryptocurrency-regulation,uk's ftse 100 sees a boost from favorable trade data,6,Governance,1,1,2025,0.0
1124,1124,1124,1124,1124,2025-04-14,Energy company's dividend hike excites shareholders,Reuters,Regulatory Compliance Failure,Hang Seng,-2.26,191.77,Negative,Technology,Low,Microsoft,https://www.bloomberg.com/middle-east/news/bond-market-fluctuation,energy company's dividend hike excites shareholders,0,Governance,0,0,2025,-1.0
1125,1125,1125,1125,1125,2025-06-09,China's Shanghai Composite falls after new trade restrictions,CNBC,Labor Rights Violation,Nikkei 225,-3.3,27.34,Positive,Pharmaceuticals,Low,Apple Inc.,https://www.theeconomist.com/world/government-policy-announcement,china's shanghai composite falls after new trade restrictions,3,Social,0,0,2025,1.0
1126,1126,1126,1126,1126,2025-05-31,Dow Jones plunges as market fears recession,Wall Street Journal,Executive Misconduct,TSX,,147.76,Negative,Industrials,High,Apple Inc.,https://www.business-standard.com/economy/inflation-data,dow jones plunges as market fears recession,5,Governance,2,1,2025,-1.0
1127,1127,1127,1127,1127,2025-04-24,Utilities sector remains stable during market fluctuations,Barron's,Executive Misconduct,Shanghai Composite,1.91,245.93,Negative,Materials,Low,Lockheed Martin,https://www.wsj.com/china/market-regulation,utilities sector remains stable during market fluctuations,15,Governance,0,0,2025,-1.0
1128,1128,1128,1128,1128,2025-08-01,New IPO for a popular software firm is oversubscribed,MarketWatch,Worker Strike,FTSE 100,-3.6,470.17,Negative,Automotive,High,Apple Inc.,https://timesofindia.indiatimes.com/business/markets/stock-market-crash,new ipo for a popular software firm is oversubscribed,8,Social,2,1,2025,-1.0
1129,1129,1129,1129,1129,2025-08-09,Utilities sector remains stable during market fluctuations,CNBC,Regulatory Compliance Failure,IBOVESPA,-3.07,62.13,Neutral,Pharmaceuticals,Medium,JPMorgan Chase,https://www.bloomberg.com/australia/asx-200-performance,utilities sector remains stable during market fluctuations,15,Governance,1,1,2025,0.0
1130,1130,1130,1130,1130,2025-05-05,Gold prices surge as investors flee riskier assets,The Economist,Antitrust Investigation,ASX 200,4.07,53.83,Neutral,Media & Entertainment,Medium,General Motors,https://www.reuters.com/markets/indices/nikkei-225,gold prices surge as investors flee riskier assets,0,Governance,1,1,2025,0.0
1131,1131,1131,1131,1131,2025-03-18,UK's FTSE 100 sees a boost from favorable trade data,Times of India,Antitrust Investigation,Dow Jones,,243.13,Neutral,Materials,Medium,Apple Inc.,https://www.reuters.com/markets/indices/nikkei-225,uk's ftse 100 sees a boost from favorable trade data,6,Governance,1,1,2025,0.0
1132,1132,1132,1132,1132,2025-02-06,Record-high inflation data rattles investors,The Hindu Business Line,Antitrust Investigation,Hang Seng,-1.44,438.85,Positive,Telecommunications,Low,Ford Motor Company,,record high inflation data rattles investors,9,Governance,0,0,2025,1.0
1133,1133,1133,1133,1133,2025-06-15,,Times of India,Regulatory Compliance Failure,Hang Seng,-3.37,90.78,Positive,Real Estate,Low,JPMorgan Chase,https://www.investopedia.com/articles/supply-chain-disruption,,18,Governance,0,0,2025,1.0
1134,1134,1134,1134,1134,2025-05-20,Mining company stock surges on commodity price boom,Investopedia,Regulatory Compliance Failure,Russell 2000,-4.39,454.74,Negative,Retail,High,Bank of America,https://www.cnbc.com/2025/10/real-estate-market-analysis,mining company stock surges on commodity price boom,14,Governance,2,1,2025,-1.0
1135,1135,1135,1135,1135,2025-04-13,Banking stocks dip after a major scandal is revealed,Forbes,Accounting Fraud Investigation,Dow Jones,-1.68,465.45,Negative,Energy,High,Intel,https://www.reuters.com/business/retail-sector-earnings,banking stocks dip after a major scandal is revealed,14,Governance,2,1,2025,-1.0
1136,1136,1136,1136,1136,2025-06-16,Utilities sector remains stable during market fluctuations,Mint,Worker Strike,Russell 2000,-0.35,384.93,Negative,Finance,High,Exxon Mobil,https://www.reuters.com/markets/indices/nikkei-225,utilities sector remains stable during market fluctuations,17,Social,2,1,2025,-1.0
1137,1137,1137,1137,1137,2025-03-01,Government spending bill is expected to stimulate the economy,Yahoo Finance,Executive Misconduct,Nasdaq Composite,3.88,184.99,Positive,Aerospace & Defense,Medium,Ford Motor Company,https://www.marketwatch.com/story/consumer-goods-report,government spending bill is expected to stimulate the economy,7,Governance,1,1,2025,1.0
1138,1138,1138,1138,1138,2025-06-08,New housing data release shows a slowdown in market activity,Investopedia,Executive Misconduct,Dow Jones,1.49,188.56,Negative,Utilities,High,General Motors,https://www.reuters.com/business/retail-sector-earnings,new housing data release shows a slowdown in market activity,0,Governance,2,1,2025,-1.0
1139,1139,1139,1139,1139,2025-04-11,ASX 200 gains on strong export performance,Wall Street Journal,Accounting Fraud Investigation,S&P/TSX Composite,,49.83,Positive,Telecommunications,Low,Exxon Mobil,https://www.moneycontrol.com/us-markets/dow-jones-industrial,asx 200 gains on strong export performance,11,Governance,0,0,2025,1.0
1140,1140,1140,1140,1140,2025-03-18,Financial sector bracing for new capital requirements,The Economist,Antitrust Investigation,ASX 200,1.03,150.83,Positive,Agriculture,Medium,Apple Inc.,https://www.ft.com/content/currency-devaluation,financial sector bracing for new capital requirements,7,Governance,1,1,2025,1.0
1141,1141,1141,1141,1141,2025-07-03,E-commerce earnings report beats all analyst expectations,CNBC,Antitrust Investigation,CAC 40,-0.97,135.72,Negative,Transportation,Medium,Microsoft,https://www.reuters.com/business/energy/oil-market-update,e commerce earnings report beats all analyst expectations,13,Governance,1,1,2025,-1.0
1142,1142,1142,1142,1142,2025-06-16,Major technology firm acquires a smaller rival in a multi-billion dollar deal,The Economist,Product Safety Recall,TSX,-0.92,321.02,Positive,Technology,Low,Intel,https://timesofindia.indiatimes.com/business/agriculture-sector,major technology firm acquires a smaller rival in a multi billion dollar deal,19,Social,0,0,2025,1.0
1143,1143,1143,1143,1143,2025-07-27,Dow Jones plunges as market fears recession,Wall Street Journal,Regulatory Compliance Failure,Nasdaq Composite,3.75,103.01,Negative,Pharmaceuticals,High,JPMorgan Chase,https://www.marketwatch.com/story/commodities-price-shock,dow jones plunges as market fears recession,7,Governance,2,1,2025,-1.0
1144,1144,1144,1144,1144,2025-07-19,Crude oil prices drop to a multi-year low,Yahoo Finance,Regulatory Compliance Failure,CAC 40,-4.24,220.4,Negative,Materials,High,Lockheed Martin,https://www.business-standard.com/finance/corporate-earnings,crude oil prices drop to a multi year low,1,Governance,2,1,2025,-1.0
1145,1145,1145,1145,1145,2025-03-13,Dow Jones plunges as market fears recession,Reuters,Executive Misconduct,S&P/TSX Composite,2.25,15.3,Negative,Automotive,Low,Lockheed Martin,https://www.wsj.com/europe/regulatory-changes,dow jones plunges as market fears recession,14,Governance,0,0,2025,-1.0
1146,1146,1146,1146,1146,2025-05-26,Real Estate sector shows signs of overheating as interest rates fall,CNBC,Regulatory Compliance Failure,BSE Sensex,0.19,215.97,Positive,Agriculture,Medium,Ford Motor Company,https://www.theeconomist.com/world/government-policy-announcement,real estate sector shows signs of overheating as interest rates fall,15,Governance,1,1,2025,1.0
1147,1147,1147,1147,1147,2025-06-23,Aerospace and Defense sector sees rally amid geopolitical tensions,MarketWatch,Executive Misconduct,S&P 500,1.68,147.47,Neutral,Real Estate,Low,Apple Inc.,https://www.business-standard.com/economy/economic-stimulus,aerospace and defense sector sees rally amid geopolitical tensions,1,Governance,0,0,2025,0.0
1148,1148,1148,1148,1148,2025-07-08,Bond yields tumble as investors seek safe havens,Barron's,Regulatory Compliance Failure,Hang Seng,-2.76,478.5,Positive,Construction,Medium,General Motors,https://www.cnbc.com/2025/12/healthcare-sector-outlook,bond yields tumble as investors seek safe havens,5,Governance,1,1,2025,1.0
1149,1149,1149,1149,1149,2025-03-02,Government subsidy program gives a lift to the agriculture sector,The Economist,Regulatory Compliance Failure,S&P 500,-2.15,111.85,Negative,Finance,Medium,Intel,https://www.marketwatch.com/story/consumer-goods-report,government subsidy program gives a lift to the agriculture sector,7,Governance,1,1,2025,-1.0
1150,1150,1150,1150,1150,2025-05-06,Manufacturing PMI data signals economic expansion,Investopedia,Antitrust Investigation,Hang Seng,-0.86,278.35,Negative,Energy,High,Chevron Corporation,https://www.reuters.com/markets/indices/ftse-100,manufacturing pmi data signals economic expansion,14,Governance,2,1,2025,-1.0
1151,1151,1151,1151,1151,2025-08-05,"Global trade talks collapse, causing market turmoil",The Economist,Climate Regulation Breach,Shanghai Composite,4.74,267.84,Negative,Automotive,Medium,Exxon Mobil,https://www.bloomberg.com/canada/tsunami-warnings,"global trade talks collapse, causing market turmoil",2,Environmental,1,1,2025,-1.0
1152,1152,1152,1152,1152,2025-08-08,,Business Standard,Regulatory Compliance Failure,Russell 2000,-0.21,360.16,Positive,Automotive,Low,Intel,https://economictimes.indiatimes.com/news/economy/unemployment-rate,,18,Governance,0,0,2025,1.0
1153,1153,1153,1153,1153,2025-04-02,New IPO for a popular software firm is oversubscribed,Investopedia,Accounting Fraud Investigation,TSX,-2.66,15.61,Positive,Agriculture,Medium,Chevron Corporation,,new ipo for a popular software firm is oversubscribed,0,Governance,1,1,2025,1.0
1154,1154,1154,1154,1154,2025-03-31,Government spending bill is expected to stimulate the economy,Wall Street Journal,Accounting Fraud Investigation,IBOVESPA,-2.99,60.56,Negative,Media & Entertainment,High,Intel,https://www.bloomberg.com/australia/asx-200-performance,government spending bill is expected to stimulate the economy,14,Governance,2,1,2025,-1.0
1155,1155,1155,1155,1155,2025-02-28,Retail sales report surpasses all forecasts,The Hindu Business Line,Regulatory Compliance Failure,Shanghai Composite,-2.08,223.55,Negative,Construction,High,Ford Motor Company,https://www.business-standard.com/economy/economic-stimulus,retail sales report surpasses all forecasts,11,Governance,2,1,2025,-1.0
1156,1156,1156,1156,1156,2025-05-29,E-commerce earnings report beats all analyst expectations,The Economist,Antitrust Investigation,S&P 500,3.43,269.55,Positive,Construction,Low,Intel,https://economictimes.indiatimes.com/stocks/bse-sensex-plunges,e commerce earnings report beats all analyst expectations,13,Governance,0,0,2025,1.0
1157,1157,1157,1157,1157,2025-04-24,Automotive industry faces headwinds from rising material costs,Wall Street Journal,Labor Rights Violation,TSX,-1.7,386.22,Negative,Real Estate,High,Microsoft,https://economictimes.indiatimes.com/news/transportation,automotive industry faces headwinds from rising material costs,8,Social,2,1,2025,-1.0
1158,1158,1158,1158,1158,2025-07-03,Federal Reserve Chairman's speech causes market volatility,The Economist,Carbon Emissions Violation,Dow Jones,1.12,10.4,,Materials,Low,Apple Inc.,https://www.bloomberg.com/australia/asx-200-performance,federal reserve chairman's speech causes market volatility,2,Environmental,0,0,2025,
1159,1159,1159,1159,1159,2025-04-13,Central Bank's dovish tone hints at future rate cuts,Financial Times,Executive Misconduct,Shanghai Composite,-0.26,309.25,Positive,Agriculture,Medium,Chevron Corporation,https://www.forbes.com/crypto/cryptocurrency-regulation,central bank's dovish tone hints at future rate cuts,12,Governance,1,1,2025,1.0
1160,1160,1160,1160,1160,2025-02-14,A massive data breach sends a tech company's stock tumbling,The Hindu Business Line,Labor Rights Violation,S&P/TSX Composite,-2.37,310.91,Positive,Transportation,Medium,Exxon Mobil,https://www.reuters.com/markets/indices/nikkei-225,a massive data breach sends a tech company's stock tumbling,17,Social,1,1,2025,1.0
1161,1161,1161,1161,1161,2025-07-12,Pharmaceutical company's drug approval drives stock upward,Times of India,Accounting Fraud Investigation,Nikkei 225,-2.11,157.82,Negative,Agriculture,Low,General Motors,https://economictimes.indiatimes.com/news/transportation,pharmaceutical company's drug approval drives stock upward,0,Governance,0,0,2025,-1.0
1162,1162,1162,1162,1162,2025-08-05,Nikkei 225 index benefits from a weaker yen,Barron's,Worker Strike,ASX 200,-0.24,387.96,Negative,Real Estate,High,Bank of America,https://www.reuters.com/business/energy/oil-market-update,nikkei 225 index benefits from a weaker yen,8,Social,2,1,2025,-1.0
1163,1163,1163,1163,1163,2025-07-25,Major oil spill sends energy stocks plummeting,CNBC,Product Safety Recall,NSE Nifty,4.39,204.03,Neutral,Healthcare,Medium,General Motors,https://www.business-standard.com/economy/economic-stimulus,major oil spill sends energy stocks plummeting,3,Social,1,1,2025,0.0
1164,1164,1164,1164,1164,2025-06-21,Supply chain issues impact manufacturing sector earnings,Barron's,Environmental Spill,Dow Jones,,61.35,Negative,Real Estate,High,Microsoft,https://timesofindia.indiatimes.com/business/markets/stock-market-crash,supply chain issues impact manufacturing sector earnings,2,Environmental,2,1,2025,-1.0
1165,1165,1165,1165,1165,2025-02-01,Mining company stock surges on commodity price boom,Bloomberg,Labor Rights Violation,BSE Sensex,4.58,385.19,Negative,Aerospace & Defense,High,Microsoft,https://economictimes.indiatimes.com/stocks/bse-sensex-plunges,mining company stock surges on commodity price boom,19,Social,2,1,2025,-1.0
1166,1166,1166,1166,1166,2025-07-21,Major oil spill sends energy stocks plummeting,Barron's,Worker Strike,Shanghai Composite,3.25,457.22,Negative,Materials,High,Ford Motor Company,https://www.business-standard.com/international-business/trade-policy,major oil spill sends energy stocks plummeting,19,Social,2,1,2025,-1.0
1167,1167,1167,1167,1167,2025-02-25,Gold prices surge as investors flee riskier assets,The Economist,Worker Strike,Hang Seng,-3.1,24.67,Negative,Technology,High,Intel,https://www.ft.com/content/tech-sector-innovation,gold prices surge as investors flee riskier assets,8,Social,2,1,2025,-1.0
1168,1168,1168,1168,1168,2025-06-26,Tech Giant's New Product Launch Sparks Sector-Wide Gains,Seeking Alpha,Executive Misconduct,CAC 40,4.74,444.37,Negative,Retail,High,Lockheed Martin,https://www.wsj.com/china/market-regulation,tech giant's new product launch sparks sector wide gains,9,Governance,2,1,2025,-1.0
1169,1169,1169,1169,1169,2025-06-06,Consumer Discretionary stocks outperform as spending increases,Economic Times,Regulatory Compliance Failure,BSE Sensex,-0.44,28.63,Negative,Construction,High,Bank of America,https://www.business-standard.com/finance/corporate-earnings,consumer discretionary stocks outperform as spending increases,16,Governance,2,1,2025,-1.0
1170,1170,1170,1170,1170,2025-05-03,Consumer Discretionary stocks outperform as spending increases,Seeking Alpha,Regulatory Compliance Failure,TSX,-3.57,64.46,Negative,Industrials,High,General Motors,https://economictimes.indiatimes.com/news/economy/unemployment-rate,consumer discretionary stocks outperform as spending increases,13,Governance,2,1,2025,-1.0
1171,1171,1171,1171,1171,2025-03-09,Central Bank's dovish tone hints at future rate cuts,The Motley Fool,Regulatory Compliance Failure,S&P/TSX Composite,0.38,145.66,Positive,Industrials,Medium,Apple Inc.,https://www.ft.com/content/geopolitical-summit,central bank's dovish tone hints at future rate cuts,0,Governance,1,1,2025,1.0
1172,1172,1172,1172,1172,2025-04-14,Gold prices surge as investors flee riskier assets,Financial Times,Executive Misconduct,KOSPI,-2.5,307.64,Negative,Finance,High,General Motors,https://www.cnbc.com/2025/11/major-merger-deal-approved,gold prices surge as investors flee riskier assets,11,Governance,2,1,2025,-1.0
1173,1173,1173,1173,1173,2025-07-31,Merger talks between two banks fall through,Reuters,Executive Misconduct,Nasdaq Composite,-1.17,178.21,Negative,Pharmaceuticals,Medium,General Motors,https://www.wsj.com/china/market-regulation,merger talks between two banks fall through,18,Governance,1,1,2025,-1.0
1174,1174,1174,1174,1174,2025-06-14,New regulations on cryptocurrencies cause a market dip,Financial Times,Accounting Fraud Investigation,CAC 40,1.96,78.55,Negative,Utilities,Medium,Exxon Mobil,https://www.business-standard.com/economy/inflation-data,new regulations on cryptocurrencies cause a market dip,10,Governance,1,1,2025,-1.0
1175,1175,1175,1175,1175,2025-06-23,Central Bank's dovish tone hints at future rate cuts,The Hindu Business Line,Antitrust Investigation,DAX,-2.77,242.42,Neutral,Automotive,Medium,Chevron Corporation,https://www.investopedia.com/articles/government-policy-announcement,central bank's dovish tone hints at future rate cuts,18,Governance,1,1,2025,0.0
1176,1176,1176,1176,1176,2025-02-06,Supply chain issues impact manufacturing sector earnings,CNBC,Regulatory Compliance Failure,TSX,-2.63,4.91,Neutral,Agriculture,Low,Lockheed Martin,https://www.bloomberg.com/australia/asx-200-performance,supply chain issues impact manufacturing sector earnings,11,Governance,0,0,2025,0.0
1177,1177,1177,1177,1177,2025-04-16,Government subsidy program gives a lift to the agriculture sector,Economic Times,Worker Strike,FTSE 100,-1.9,258.63,Negative,Automotive,Medium,Ford Motor Company,https://www.business-standard.com/economy/inflation-data,government subsidy program gives a lift to the agriculture sector,17,Social,1,1,2025,-1.0
1178,1178,1178,1178,1178,2025-04-23,Central Bank Governor signals potential shift in policy,Seeking Alpha,Antitrust Investigation,KOSPI,-3.95,80.13,Neutral,Agriculture,Medium,JPMorgan Chase,https://www.cnbc.com/2025/09/automotive-industry-trends,central bank governor signals potential shift in policy,18,Governance,1,1,2025,0.0
1179,1179,1179,1179,1179,2025-02-02,Market sentiment turns positive on vaccine trial results,Wall Street Journal,Antitrust Investigation,S&P 500,-3.44,102.43,,Technology,Low,Intel,https://www.ft.com/content/media-entertainment-merger,market sentiment turns positive on vaccine trial results,9,Governance,0,0,2025,
1180,1180,1180,1180,1180,2025-02-05,Real Estate sector shows signs of overheating as interest rates fall,Barron's,Executive Misconduct,Shanghai Composite,3.28,250.19,,Agriculture,Medium,Chevron Corporation,https://www.cnbc.com/2025/10/real-estate-market-analysis,real estate sector shows signs of overheating as interest rates fall,14,Governance,1,1,2025,
1181,1181,1181,1181,1181,2025-03-12,Pharmaceutical company's drug approval drives stock upward,Investopedia,Accounting Fraud Investigation,Russell 2000,4.66,415.96,Positive,Real Estate,Medium,Ford Motor Company,,pharmaceutical company's drug approval drives stock upward,16,Governance,1,1,2025,1.0
1182,1182,1182,1182,1182,2025-03-18,Automotive industry faces headwinds from rising material costs,Bloomberg,Accounting Fraud Investigation,NSE Nifty,-0.19,189.31,Negative,Materials,High,Apple Inc.,https://www.theeconomist.com/finance-and-economics/trade-tariffs,automotive industry faces headwinds from rising material costs,0,Governance,2,1,2025,-1.0
1183,1183,1183,1183,1183,2025-07-25,Mining company stock surges on commodity price boom,The Hindu Business Line,Accounting Fraud Investigation,S&P/TSX Composite,-2.07,114.86,Negative,Transportation,High,Microsoft,https://timesofindia.indiatimes.com/business/finance/banking-sector-news,mining company stock surges on commodity price boom,13,Governance,2,1,2025,-1.0
1184,1184,1184,1184,1184,2025-06-11,UK's FTSE 100 sees a boost from favorable trade data,The Economist,Water Pollution Incident,IBOVESPA,-4.99,189.42,Positive,Energy,Low,Ford Motor Company,https://www.ft.com/content/consumer-confidence-report,uk's ftse 100 sees a boost from favorable trade data,2,Environmental,0,0,2025,1.0
1185,1185,1185,1185,1185,2025-08-10,Geopolitical ceasefire prompts a broad market recovery,Economic Times,Regulatory Compliance Failure,ASX 200,2.34,135.48,Negative,Utilities,Low,Chevron Corporation,https://www.forbes.com/crypto/cryptocurrency-regulation,geopolitical ceasefire prompts a broad market recovery,4,Governance,0,0,2025,-1.0
1186,1186,1186,1186,1186,2025-03-11,Crude oil prices drop to a multi-year low,Financial Times,Product Safety Recall,S&P/TSX Composite,3.22,23.95,Negative,Agriculture,Low,Microsoft,https://economictimes.indiatimes.com/stocks/bse-sensex-plunges,crude oil prices drop to a multi year low,19,Social,0,0,2025,-1.0
1187,1187,1187,1187,1187,2025-06-13,New regulations on cryptocurrencies cause a market dip,Times of India,Accounting Fraud Investigation,Shanghai Composite,-4.24,376.51,Neutral,Consumer Goods,Low,Ford Motor Company,https://www.investopedia.com/articles/supply-chain-disruption,new regulations on cryptocurrencies cause a market dip,15,Governance,0,0,2025,0.0
1188,1188,1188,1188,1188,2025-08-01,E-commerce earnings report beats all analyst expectations,Reuters,Executive Misconduct,TSX,2.05,305.46,Negative,Pharmaceuticals,High,JPMorgan Chase,https://www.cnbc.com/2025/11/major-merger-deal-approved,e commerce earnings report beats all analyst expectations,10,Governance,2,1,2025,-1.0
1189,1189,1189,1189,1189,2025-05-06,A massive data breach sends a tech company's stock tumbling,Bloomberg,Regulatory Compliance Failure,Dow Jones,4.5,484.65,Positive,Consumer Goods,Medium,JPMorgan Chase,,a massive data breach sends a tech company's stock tumbling,6,Governance,1,1,2025,1.0
1190,1190,1190,1190,1190,2025-03-06,ASX 200 gains on strong export performance,Investopedia,Executive Misconduct,S&P/TSX Composite,4.81,470.72,Negative,Aerospace & Defense,Medium,JPMorgan Chase,https://www.marketwatch.com/story/consumer-goods-report,asx 200 gains on strong export performance,1,Governance,1,1,2025,-1.0
1191,1191,1191,1191,1191,2025-06-01,Tech Giant's New Product Launch Sparks Sector-Wide Gains,Investopedia,Climate Regulation Breach,Nasdaq Composite,-3.52,359.1,Neutral,Media & Entertainment,Low,JPMorgan Chase,https://www.moneycontrol.com/us-markets/dow-jones-industrial,tech giant's new product launch sparks sector wide gains,2,Environmental,0,0,2025,0.0
1192,1192,1192,1192,1192,2025-03-28,New IPO for a popular software firm is oversubscribed,Financial Times,Antitrust Investigation,CAC 40,-3.79,417.49,Positive,Retail,Low,Exxon Mobil,https://www.bloomberg.com/australia/asx-200-performance,new ipo for a popular software firm is oversubscribed,14,Governance,0,0,2025,1.0
1193,1193,1193,1193,1193,2025-04-06,"Global trade talks collapse, causing market turmoil",CNBC,Worker Strike,S&P/TSX Composite,-1.52,11.41,Negative,Construction,High,Apple Inc.,https://www.bloomberg.com/australia/asx-200-performance,"global trade talks collapse, causing market turmoil",17,Social,2,1,2025,-1.0
1194,1194,1194,1194,1194,2025-05-23,,Reuters,Executive Misconduct,FTSE 100,1.48,111.16,Neutral,Materials,Medium,Intel,https://www.bloomberg.com/middle-east/news/bond-market-fluctuation,,0,Governance,1,1,2025,0.0
1195,1195,1195,1195,1195,2025-06-26,,CNBC,Water Pollution Incident,S&P 500,0.9,28.44,Neutral,Industrials,Low,Apple Inc.,https://www.cnbc.com/2025/09/automotive-industry-trends,,2,Environmental,0,0,2025,0.0
1196,1196,1196,1196,1196,2025-02-25,Merger talks between two banks fall through,Business Standard,Accounting Fraud Investigation,Russell 2000,3.28,189.24,Negative,Finance,Low,Exxon Mobil,https://www.theeconomist.com/finance-and-economics/trade-tariffs,merger talks between two banks fall through,15,Governance,0,0,2025,-1.0
1197,1197,1197,1197,1197,2025-07-05,,Financial Times,Executive Misconduct,Hang Seng,-3.36,178.76,Negative,Transportation,High,Intel,https://www.marketwatch.com/story/consumer-goods-report,,14,Governance,2,1,2025,-1.0
1198,1198,1198,1198,1198,2025-05-01,Government policy shift boosts renewable energy sector,Forbes,Antitrust Investigation,DAX,-3.03,452.82,Negative,Pharmaceuticals,Medium,JPMorgan Chase,https://economictimes.indiatimes.com/news/transportation,government policy shift boosts renewable energy sector,6,Governance,1,1,2025,-1.0
1199,1199,1199,1199,1199,2025-04-12,Market braces for a major policy announcement from the EU,Bloomberg,Accounting Fraud Investigation,Nikkei 225,0.41,452.95,Neutral,Pharmaceuticals,Medium,Intel,https://www.wsj.com/japan/economic-data-release,market braces for a major policy announcement from the eu,11,Governance,1,1,2025,0.0
1200,1200,1200,1200,1200,2025-06-19,Utilities sector remains stable during market fluctuations,Forbes,Carbon Emissions Violation,S&P/TSX Composite,0.74,390.61,Neutral,Technology,Low,Intel,https://www.moneycontrol.com/india/ipo-news/new-firm-launches,utilities sector remains stable during market fluctuations,2,Environmental,0,0,2025,0.0
1201,1201,1201,1201,1201,2025-03-05,,Reuters,Regulatory Compliance Failure,Dow Jones,4.04,49.28,Positive,Consumer Goods,Medium,JPMorgan Chase,https://timesofindia.indiatimes.com/business/markets/stock-market-crash,,14,Governance,1,1,2025,1.0
1202,1202,1202,1202,1202,2025-06-20,Quarterly report shows surprising losses for retail giants,Financial Times,Environmental Spill,NSE Nifty,,169.45,,Automotive,Medium,Bank of America,https://www.theeconomist.com/finance-and-economics/trade-tariffs,quarterly report shows surprising losses for retail giants,2,Environmental,1,1,2025,
1203,1203,1203,1203,1203,2025-08-10,Government policy shift boosts renewable energy sector,CNBC,Regulatory Compliance Failure,Shanghai Composite,2.82,247.95,Positive,Telecommunications,Medium,Exxon Mobil,https://www.moneycontrol.com/us-markets/nasdaq-composite,government policy shift boosts renewable energy sector,4,Governance,1,1,2025,1.0
1204,1204,1204,1204,1204,2025-06-26,Financial sector bracing for new capital requirements,Yahoo Finance,Regulatory Compliance Failure,S&P 500,-0.78,379.27,Negative,Retail,Medium,Intel,https://www.forbes.com/finance/geopolitical-event-impact,financial sector bracing for new capital requirements,15,Governance,1,1,2025,-1.0
1205,1205,1205,1205,1205,2025-02-08,China's Shanghai Composite falls after new trade restrictions,Times of India,Antitrust Investigation,FTSE 100,,300.34,Neutral,Pharmaceuticals,Medium,Intel,,china's shanghai composite falls after new trade restrictions,11,Governance,1,1,2025,0.0
1206,1206,1206,1206,1206,2025-07-04,Automotive industry faces headwinds from rising material costs,Mint,Executive Misconduct,S&P 500,-1.66,373.14,Negative,Consumer Goods,High,Microsoft,https://www.wsj.com/japan/economic-data-release,automotive industry faces headwinds from rising material costs,0,Governance,2,1,2025,-1.0
1207,1207,1207,1207,1207,2025-07-27,Market sentiment turns positive on vaccine trial results,Wall Street Journal,Antitrust Investigation,TSX,0.06,305.74,Neutral,Technology,Low,Exxon Mobil,,market sentiment turns positive on vaccine trial results,7,Governance,0,0,2025,0.0
1208,1208,1208,1208,1208,2025-05-28,,Mint,Accounting Fraud Investigation,Nikkei 225,2.16,68.28,Negative,Transportation,High,Microsoft,https://www.forbes.com/crypto/cryptocurrency-regulation,,0,Governance,2,1,2025,-1.0
1209,1209,1209,1209,1209,2025-04-01,Real Estate sector shows signs of overheating as interest rates fall,The Motley Fool,Executive Misconduct,Euro Stoxx 50,2.56,32.32,Negative,Technology,High,Exxon Mobil,https://timesofindia.indiatimes.com/business/agriculture-sector,real estate sector shows signs of overheating as interest rates fall,7,Governance,2,1,2025,-1.0
1210,1210,1210,1210,1210,2025-03-09,Retail sales report surpasses all forecasts,Barron's,Executive Misconduct,S&P 500,-0.25,278.28,Positive,Retail,Low,Exxon Mobil,https://www.marketwatch.com/story/commodities-price-shock,retail sales report surpasses all forecasts,1,Governance,0,0,2025,1.0
1211,1211,1211,1211,1211,2025-02-17,Gold prices surge as investors flee riskier assets,Barron's,Executive Misconduct,IBOVESPA,2.24,369.48,Negative,Construction,High,Microsoft,https://www.ft.com/content/consumer-confidence-report,gold prices surge as investors flee riskier assets,15,Governance,2,1,2025,-1.0
1212,1212,1212,1212,1212,2025-03-31,Government subsidy program gives a lift to the agriculture sector,Reuters,Regulatory Compliance Failure,S&P/TSX Composite,4.47,258.63,Negative,Consumer Goods,High,Intel,https://www.ft.com/content/currency-devaluation,government subsidy program gives a lift to the agriculture sector,4,Governance,2,1,2025,-1.0
1213,1213,1213,1213,1213,2025-03-11,China's Shanghai Composite falls after new trade restrictions,Economic Times,Regulatory Compliance Failure,Russell 2000,-3.89,60.95,Negative,Real Estate,Medium,Intel,https://www.business-standard.com/international-business/trade-policy,china's shanghai composite falls after new trade restrictions,15,Governance,1,1,2025,-1.0
1214,1214,1214,1214,1214,2025-03-15,Unexpected rise in unemployment fuels market pessimism,Seeking Alpha,Regulatory Compliance Failure,Dow Jones,-2.09,265.8,Positive,Construction,Medium,Exxon Mobil,https://www.business-standard.com/economy/economic-stimulus,unexpected rise in unemployment fuels market pessimism,12,Governance,1,1,2025,1.0
1215,1215,1215,1215,1215,2025-05-17,Federal Reserve Chairman's speech causes market volatility,Seeking Alpha,Accounting Fraud Investigation,Hang Seng,-4.92,223.28,Negative,Utilities,High,Ford Motor Company,,federal reserve chairman's speech causes market volatility,15,Governance,2,1,2025,-1.0
1216,1216,1216,1216,1216,2025-04-13,A massive data breach sends a tech company's stock tumbling,Investopedia,Antitrust Investigation,S&P/TSX Composite,-1.65,109.53,Positive,Healthcare,Low,JPMorgan Chase,https://www.cnbc.com/2025/08/russia-ukraine-war-economic-impact,a massive data breach sends a tech company's stock tumbling,7,Governance,0,0,2025,1.0
1217,1217,1217,1217,1217,2025-03-06,UK's FTSE 100 sees a boost from favorable trade data,Business Standard,Accounting Fraud Investigation,FTSE 100,4.05,345.86,Neutral,Finance,Low,Exxon Mobil,https://economictimes.indiatimes.com/news/economy/unemployment-rate,uk's ftse 100 sees a boost from favorable trade data,16,Governance,0,0,2025,0.0
1218,1218,1218,1218,1218,2025-06-18,New regulations on cryptocurrencies cause a market dip,Wall Street Journal,Worker Strike,DAX,0.4,294.48,Negative,Aerospace & Defense,High,Microsoft,https://www.wsj.com/china/market-rally,new regulations on cryptocurrencies cause a market dip,3,Social,2,1,2025,-1.0
1219,1219,1219,1219,1219,2025-05-16,Real Estate sector shows signs of overheating as interest rates fall,Economic Times,Human Rights Allegation,DAX,1.04,432.73,Positive,Healthcare,Medium,Microsoft,https://timesofindia.indiatimes.com/business/finance/banking-sector-news,real estate sector shows signs of overheating as interest rates fall,19,Social,1,1,2025,1.0
1220,1220,1220,1220,1220,2025-06-19,Banking stocks dip after a major scandal is revealed,Forbes,Labor Rights Violation,Nasdaq Composite,3.9,421.0,Negative,Pharmaceuticals,High,Intel,https://www.ft.com/content/media-entertainment-merger,banking stocks dip after a major scandal is revealed,19,Social,2,1,2025,-1.0
1221,1221,1221,1221,1221,2025-05-23,Unexpected rise in unemployment fuels market pessimism,Forbes,Antitrust Investigation,S&P/TSX Composite,-0.67,86.61,Neutral,Construction,Low,General Motors,https://www.cnbc.com/2025/10/real-estate-market-analysis,unexpected rise in unemployment fuels market pessimism,1,Governance,0,0,2025,0.0
1222,1222,1222,1222,1222,2025-05-04,Supply chain issues impact manufacturing sector earnings,Times of India,Accounting Fraud Investigation,CAC 40,-0.85,358.72,Positive,Industrials,Medium,JPMorgan Chase,https://www.wsj.com/china/market-rally,supply chain issues impact manufacturing sector earnings,9,Governance,1,1,2025,1.0
1223,1223,1223,1223,1223,2025-02-11,New housing data release shows a slowdown in market activity,The Hindu Business Line,Antitrust Investigation,KOSPI,1.16,150.6,,Real Estate,Low,Exxon Mobil,https://www.business-standard.com/economy/economic-stimulus,new housing data release shows a slowdown in market activity,12,Governance,0,0,2025,
1224,1224,1224,1224,1224,2025-05-07,ASX 200 gains on strong export performance,The Economist,Accounting Fraud Investigation,ASX 200,-4.96,229.53,Neutral,Aerospace & Defense,Low,Intel,https://www.ft.com/content/tech-sector-innovation,asx 200 gains on strong export performance,16,Governance,0,0,2025,0.0
1225,1225,1225,1225,1225,2025-07-24,Financial services stocks rally on strong profit margins,Barron's,Regulatory Compliance Failure,Hang Seng,2.07,296.72,Negative,Energy,High,Exxon Mobil,https://www.ft.com/content/geopolitical-summit,financial services stocks rally on strong profit margins,5,Governance,2,1,2025,-1.0
1226,1226,1226,1226,1226,2025-05-31,Pharmaceutical company's drug approval drives stock upward,CNBC,Accounting Fraud Investigation,Dow Jones,1.41,40.88,Negative,Finance,High,Bank of America,https://www.wsj.com/china/market-regulation,pharmaceutical company's drug approval drives stock upward,13,Governance,2,1,2025,-1.0
1227,1227,1227,1227,1227,2025-03-26,,Yahoo Finance,Executive Misconduct,S&P/TSX Composite,-3.38,305.8,Negative,Utilities,High,Intel,https://www.moneycontrol.com/us-markets/nasdaq-composite,,15,Governance,2,1,2025,-1.0
1228,1228,1228,1228,1228,2025-05-31,Utilities sector remains stable during market fluctuations,Yahoo Finance,Accounting Fraud Investigation,Nikkei 225,-1.7,138.64,Negative,Materials,High,Apple Inc.,https://www.ft.com/content/consumer-confidence-report,utilities sector remains stable during market fluctuations,5,Governance,2,1,2025,-1.0
1229,1229,1229,1229,1229,2025-07-13,Central bank maintains status quo on interest rates,The Motley Fool,Antitrust Investigation,Dow Jones,-3.73,293.92,Positive,Transportation,Medium,Exxon Mobil,https://www.marketwatch.com/story/consumer-goods-report,central bank maintains status quo on interest rates,16,Governance,1,1,2025,1.0
1230,1230,1230,1230,1230,2025-04-13,,The Hindu Business Line,Water Pollution Incident,Shanghai Composite,3.42,255.27,Neutral,Technology,Low,Microsoft,https://www.cnbc.com/2025/09/automotive-industry-trends,,2,Environmental,0,0,2025,0.0
1231,1231,1231,1231,1231,2025-08-03,Media and Entertainment companies report a surge in streaming revenue,MarketWatch,Climate Regulation Breach,BSE Sensex,-4.81,171.27,Negative,Real Estate,Low,Intel,https://www.forbes.com/crypto/cryptocurrency-regulation,media and entertainment companies report a surge in streaming revenue,2,Environmental,0,0,2025,-1.0
1232,1232,1232,1232,1232,2025-06-10,Government policy shift boosts renewable energy sector,Barron's,Accounting Fraud Investigation,NSE Nifty,-1.91,150.1,Negative,Retail,Medium,Bank of America,https://economictimes.indiatimes.com/news/economy/unemployment-rate,government policy shift boosts renewable energy sector,13,Governance,1,1,2025,-1.0
1233,1233,1233,1233,1233,2025-07-06,Major oil spill sends energy stocks plummeting,Forbes,Executive Misconduct,NSE Nifty,-0.27,51.75,,Industrials,Medium,General Motors,https://www.marketwatch.com/story/commodities-price-shock,major oil spill sends energy stocks plummeting,4,Governance,1,1,2025,
1234,1234,1234,1234,1234,2025-06-07,Semiconductor shortages weigh heavily on tech sector profits,The Hindu Business Line,Regulatory Compliance Failure,Russell 2000,-2.19,240.62,Negative,Media & Entertainment,High,Microsoft,https://www.marketwatch.com/story/commodities-price-shock,semiconductor shortages weigh heavily on tech sector profits,0,Governance,2,1,2025,-1.0
1235,1235,1235,1235,1235,2025-04-29,Energy company's dividend hike excites shareholders,Investopedia,Accounting Fraud Investigation,Euro Stoxx 50,-2.38,159.1,Negative,Consumer Goods,High,Ford Motor Company,https://www.business-standard.com/international-business/trade-policy,energy company's dividend hike excites shareholders,16,Governance,2,1,2025,-1.0
1236,1236,1236,1236,1236,2025-06-26,China's Shanghai Composite falls after new trade restrictions,Yahoo Finance,Product Safety Recall,Russell 2000,-4.16,94.97,Negative,Retail,High,Lockheed Martin,https://www.wsj.com/japan/economic-data-release,china's shanghai composite falls after new trade restrictions,17,Social,2,1,2025,-1.0
1237,1237,1237,1237,1237,2025-05-17,Gold prices surge as investors flee riskier assets,The Motley Fool,Accounting Fraud Investigation,KOSPI,-1.45,217.08,Neutral,Aerospace & Defense,Medium,Bank of America,https://www.bloomberg.com/australia/asx-200-performance,gold prices surge as investors flee riskier assets,11,Governance,1,1,2025,0.0
1238,1238,1238,1238,1238,2025-04-03,Federal Reserve Chairman's speech causes market volatility,Economic Times,Accounting Fraud Investigation,Shanghai Composite,2.24,339.04,Negative,Energy,Medium,JPMorgan Chase,https://www.forbes.com/crypto/cryptocurrency-regulation,federal reserve chairman's speech causes market volatility,12,Governance,1,1,2025,-1.0
1239,1239,1239,1239,1239,2025-05-07,Automotive industry faces headwinds from rising material costs,Seeking Alpha,Executive Misconduct,NSE Nifty,1.02,461.17,Negative,Aerospace & Defense,High,Exxon Mobil,https://www.reuters.com/business/retail-sector-earnings,automotive industry faces headwinds from rising material costs,14,Governance,2,1,2025,-1.0
1240,1240,1240,1240,1240,2025-06-19,Major technology firm acquires a smaller rival in a multi-billion dollar deal,Wall Street Journal,Executive Misconduct,CAC 40,,455.92,Neutral,Finance,Medium,Apple Inc.,https://www.cnbc.com/2025/12/healthcare-sector-outlook,major technology firm acquires a smaller rival in a multi billion dollar deal,13,Governance,1,1,2025,0.0
1241,1241,1241,1241,1241,2025-03-26,Semiconductor shortages weigh heavily on tech sector profits,Bloomberg,Regulatory Compliance Failure,BSE Sensex,-2.72,255.15,,Automotive,Low,Exxon Mobil,https://www.business-standard.com/economy/trade-disputes-impact,semiconductor shortages weigh heavily on tech sector profits,0,Governance,0,0,2025,
1242,1242,1242,1242,1242,2025-04-14,Healthcare stocks gain on robust demand and strong outlook,Barron's,Antitrust Investigation,NSE Nifty,-0.78,281.69,Neutral,Telecommunications,Medium,Chevron Corporation,https://www.bloomberg.com/asia/telecommunications-news,healthcare stocks gain on robust demand and strong outlook,12,Governance,1,1,2025,0.0
1243,1243,1243,1243,1243,2025-04-22,Quarterly report shows surprising losses for retail giants,Barron's,Antitrust Investigation,CAC 40,-1.02,493.12,Neutral,Energy,Low,Ford Motor Company,https://www.bloomberg.com/middle-east/news/bond-market-fluctuation,quarterly report shows surprising losses for retail giants,11,Governance,0,0,2025,0.0
1244,1244,1244,1244,1244,2025-03-31,Automotive industry faces headwinds from rising material costs,Mint,Executive Misconduct,DAX,2.21,57.88,Negative,Utilities,Low,Chevron Corporation,https://www.cnbc.com/2025/10/real-estate-market-analysis,automotive industry faces headwinds from rising material costs,4,Governance,0,0,2025,-1.0
1245,1245,1245,1245,1245,2025-04-25,,Financial Times,Executive Misconduct,S&P 500,-3.75,139.05,Neutral,Finance,Medium,Intel,,,6,Governance,1,1,2025,0.0
1246,1246,1246,1246,1246,2025-04-03,,Wall Street Journal,Accounting Fraud Investigation,IBOVESPA,4.52,398.78,Negative,Consumer Goods,Low,Bank of America,https://www.moneycontrol.com/us-markets/sp-500,,18,Governance,0,0,2025,-1.0
1247,1247,1247,1247,1247,2025-07-27,Major oil spill sends energy stocks plummeting,Investopedia,Climate Regulation Breach,Euro Stoxx 50,-4.73,436.03,Positive,Agriculture,Low,Chevron Corporation,https://www.reuters.com/business/energy/oil-market-update,major oil spill sends energy stocks plummeting,2,Environmental,0,0,2025,1.0
1248,1248,1248,1248,1248,2025-05-10,Media and Entertainment companies report a surge in streaming revenue,CNBC,Climate Regulation Breach,Dow Jones,0.66,284.53,Negative,Energy,Low,JPMorgan Chase,https://economictimes.indiatimes.com/stocks/bse-sensex-plunges,media and entertainment companies report a surge in streaming revenue,2,Environmental,0,0,2025,-1.0
1249,1249,1249,1249,1249,2025-04-26,Real Estate sector shows signs of overheating as interest rates fall,CNBC,Accounting Fraud Investigation,TSX,2.31,21.81,Negative,Finance,High,Ford Motor Company,https://www.forbes.com/crypto/cryptocurrency-regulation,real estate sector shows signs of overheating as interest rates fall,7,Governance,2,1,2025,-1.0
1250,1250,1250,1250,1250,2025-04-27,Government subsidy program gives a lift to the agriculture sector,The Economist,Accounting Fraud Investigation,KOSPI,-2.58,70.41,Negative,Aerospace & Defense,Low,Ford Motor Company,https://www.moneycontrol.com/us-markets/dow-jones-industrial,government subsidy program gives a lift to the agriculture sector,1,Governance,0,0,2025,-1.0
1251,1251,1251,1251,1251,2025-08-11,Manufacturing PMI data signals economic expansion,Reuters,Water Pollution Incident,Euro Stoxx 50,2.32,75.6,Neutral,Technology,Low,Chevron Corporation,https://www.business-standard.com/economy/economic-stimulus,manufacturing pmi data signals economic expansion,2,Environmental,0,0,2025,0.0
1252,1252,1252,1252,1252,2025-03-06,UK's FTSE 100 sees a boost from favorable trade data,Mint,Antitrust Investigation,S&P/TSX Composite,4.95,103.7,Negative,Aerospace & Defense,High,Chevron Corporation,https://www.bloomberg.com/asia/policy/central-bank-meeting,uk's ftse 100 sees a boost from favorable trade data,13,Governance,2,1,2025,-1.0
1253,1253,1253,1253,1253,2025-02-19,,Reuters,Antitrust Investigation,Shanghai Composite,,105.06,Positive,Materials,Medium,Intel,,,14,Governance,1,1,2025,1.0
1254,1254,1254,1254,1254,2025-07-14,Government policy shift boosts renewable energy sector,Yahoo Finance,Worker Strike,Hang Seng,-1.8,494.61,,Aerospace & Defense,Medium,Apple Inc.,https://www.ft.com/content/geopolitical-summit,government policy shift boosts renewable energy sector,8,Social,1,1,2025,
1255,1255,1255,1255,1255,2025-03-13,Mining company stock surges on commodity price boom,Forbes,Antitrust Investigation,DAX,-0.92,44.19,Negative,Retail,High,Chevron Corporation,,mining company stock surges on commodity price boom,13,Governance,2,1,2025,-1.0
1256,1256,1256,1256,1256,2025-04-16,Utilities sector remains stable during market fluctuations,Yahoo Finance,Worker Strike,IBOVESPA,4.02,58.69,Neutral,Telecommunications,Low,Lockheed Martin,https://economictimes.indiatimes.com/news/transportation,utilities sector remains stable during market fluctuations,8,Social,0,0,2025,0.0
1257,1257,1257,1257,1257,2025-02-11,Energy company's dividend hike excites shareholders,Mint,Antitrust Investigation,Shanghai Composite,-4.22,359.24,Neutral,Energy,Medium,Intel,https://www.moneycontrol.com/us-markets/dow-jones-industrial,energy company's dividend hike excites shareholders,5,Governance,1,1,2025,0.0
1258,1258,1258,1258,1258,2025-07-08,Massive stock buyback program announced by a consumer goods company,Seeking Alpha,Regulatory Compliance Failure,S&P/TSX Composite,-4.43,55.81,Neutral,Industrials,Low,Microsoft,https://www.business-standard.com/economy/inflation-data,massive stock buyback program announced by a consumer goods company,9,Governance,0,0,2025,0.0
1259,1259,1259,1259,1259,2025-07-25,Media and Entertainment companies report a surge in streaming revenue,The Economist,Accounting Fraud Investigation,ASX 200,-1.99,264.56,,Energy,Low,Apple Inc.,https://www.marketwatch.com/story/consumer-goods-report,media and entertainment companies report a surge in streaming revenue,0,Governance,0,0,2025,
1260,1260,1260,1260,1260,2025-02-22,Central Bank Governor signals potential shift in policy,The Economist,Accounting Fraud Investigation,FTSE 100,0.44,118.52,Negative,Telecommunications,Low,Chevron Corporation,https://economictimes.indiatimes.com/industry/industrials,central bank governor signals potential shift in policy,1,Governance,0,0,2025,-1.0
1261,1261,1261,1261,1261,2025-04-24,Utilities sector remains stable during market fluctuations,Investopedia,Accounting Fraud Investigation,FTSE 100,0.31,51.79,Negative,Consumer Goods,High,Lockheed Martin,https://www.wsj.com/japan/economic-data-release,utilities sector remains stable during market fluctuations,7,Governance,2,1,2025,-1.0
1262,1262,1262,1262,1262,2025-06-22,A massive data breach sends a tech company's stock tumbling,Yahoo Finance,Accounting Fraud Investigation,Nasdaq Composite,1.41,141.37,Positive,Materials,Medium,Lockheed Martin,https://economictimes.indiatimes.com/news/transportation,a massive data breach sends a tech company's stock tumbling,10,Governance,1,1,2025,1.0
1263,1263,1263,1263,1263,2025-06-01,New housing data release shows a slowdown in market activity,Yahoo Finance,Carbon Emissions Violation,Euro Stoxx 50,-1.74,310.89,Positive,Telecommunications,Medium,Ford Motor Company,https://www.moneycontrol.com/india/ipo-news/new-firm-launches,new housing data release shows a slowdown in market activity,2,Environmental,1,1,2025,1.0
1264,1264,1264,1264,1264,2025-07-20,Gold prices surge as investors flee riskier assets,Financial Times,Antitrust Investigation,S&P 500,1.21,384.75,Negative,Materials,Medium,Microsoft,https://www.forbes.com/crypto/cryptocurrency-regulation,gold prices surge as investors flee riskier assets,10,Governance,1,1,2025,-1.0
1265,1265,1265,1265,1265,2025-05-18,,Business Standard,Antitrust Investigation,Nasdaq Composite,3.15,353.79,Positive,Transportation,Medium,JPMorgan Chase,https://www.investopedia.com/articles/government-policy-announcement,,0,Governance,1,1,2025,1.0
1266,1266,1266,1266,1266,2025-07-17,Media and Entertainment companies report a surge in streaming revenue,Times of India,Executive Misconduct,NSE Nifty,-2.3,351.67,Negative,Industrials,High,Ford Motor Company,https://www.investopedia.com/articles/government-policy-announcement,media and entertainment companies report a surge in streaming revenue,1,Governance,2,1,2025,-1.0
1267,1267,1267,1267,1267,2025-07-03,Major technology firm acquires a smaller rival in a multi-billion dollar deal,Economic Times,Accounting Fraud Investigation,TSX,-1.29,166.51,Neutral,Automotive,Medium,JPMorgan Chase,https://economictimes.indiatimes.com/news/economy/unemployment-rate,major technology firm acquires a smaller rival in a multi billion dollar deal,15,Governance,1,1,2025,0.0
1268,1268,1268,1268,1268,2025-08-14,Major oil spill sends energy stocks plummeting,Seeking Alpha,Regulatory Compliance Failure,Shanghai Composite,3.43,472.48,Negative,Media & Entertainment,High,Bank of America,https://www.business-standard.com/economy/inflation-data,major oil spill sends energy stocks plummeting,15,Governance,2,1,2025,-1.0
1269,1269,1269,1269,1269,2025-04-20,UK's FTSE 100 sees a boost from favorable trade data,Forbes,Water Pollution Incident,S&P 500,4.61,88.14,Negative,Agriculture,High,Ford Motor Company,,uk's ftse 100 sees a boost from favorable trade data,2,Environmental,2,1,2025,-1.0
1270,1270,1270,1270,1270,2025-06-19,Central Bank's dovish tone hints at future rate cuts,The Hindu Business Line,Executive Misconduct,IBOVESPA,-3.01,346.08,,Retail,Medium,Ford Motor Company,https://www.reuters.com/business/retail-sector-earnings,central bank's dovish tone hints at future rate cuts,9,Governance,1,1,2025,
1271,1271,1271,1271,1271,2025-04-02,"Global trade talks collapse, causing market turmoil",Financial Times,Accounting Fraud Investigation,S&P/TSX Composite,3.02,80.15,Negative,Utilities,Low,Ford Motor Company,https://www.reuters.com/markets/stocks/tech-rally,"global trade talks collapse, causing market turmoil",4,Governance,0,0,2025,-1.0
1272,1272,1272,1272,1272,2025-04-17,Banking stocks dip after a major scandal is revealed,MarketWatch,Antitrust Investigation,ASX 200,-4.57,169.79,Negative,Media & Entertainment,High,Bank of America,,banking stocks dip after a major scandal is revealed,18,Governance,2,1,2025,-1.0
1273,1273,1273,1273,1273,2025-05-31,Manufacturing PMI data signals economic expansion,Forbes,Antitrust Investigation,IBOVESPA,-0.17,392.52,Positive,Construction,Medium,Chevron Corporation,https://www.business-standard.com/economy/trade-disputes-impact,manufacturing pmi data signals economic expansion,12,Governance,1,1,2025,1.0
1274,1274,1274,1274,1274,2025-07-11,,The Economist,Human Rights Allegation,Russell 2000,3.72,203.46,Negative,Consumer Goods,High,Apple Inc.,https://www.theeconomist.com/finance-and-economics/trade-tariffs,,8,Social,2,1,2025,-1.0
1275,1275,1275,1275,1275,2025-03-13,Government policy shift boosts renewable energy sector,Seeking Alpha,Environmental Spill,NSE Nifty,0.5,164.6,Positive,Utilities,Low,General Motors,https://www.bloomberg.com/asia/telecommunications-news,government policy shift boosts renewable energy sector,2,Environmental,0,0,2025,1.0
1276,1276,1276,1276,1276,2025-05-28,Retail sales report surpasses all forecasts,Financial Times,Human Rights Allegation,NSE Nifty,4.09,272.7,Negative,Consumer Goods,Low,General Motors,https://www.cnbc.com/2025/10/real-estate-market-analysis,retail sales report surpasses all forecasts,8,Social,0,0,2025,-1.0
1277,1277,1277,1277,1277,2025-08-13,Pharmaceutical company's drug approval drives stock upward,The Motley Fool,Antitrust Investigation,Nikkei 225,-3.77,145.61,Neutral,Telecommunications,Low,Microsoft,https://www.moneycontrol.com/india/ipo-news/new-firm-launches,pharmaceutical company's drug approval drives stock upward,5,Governance,0,0,2025,0.0
1278,1278,1278,1278,1278,2025-07-03,Market sentiment turns positive on vaccine trial results,Mint,Regulatory Compliance Failure,CAC 40,-1.34,81.39,Neutral,Real Estate,Low,Ford Motor Company,https://www.business-standard.com/international-business/trade-policy,market sentiment turns positive on vaccine trial results,12,Governance,0,0,2025,0.0
1279,1279,1279,1279,1279,2025-07-07,Government policy shift boosts renewable energy sector,Forbes,Regulatory Compliance Failure,IBOVESPA,3.76,241.26,Negative,Automotive,Low,Apple Inc.,https://www.cnbc.com/2025/10/real-estate-market-analysis,government policy shift boosts renewable energy sector,9,Governance,0,0,2025,-1.0
1280,1280,1280,1280,1280,2025-04-16,Bond yields tumble as investors seek safe havens,The Hindu Business Line,Accounting Fraud Investigation,S&P 500,0.03,156.2,Negative,Telecommunications,High,General Motors,https://www.cnbc.com/2025/11/major-merger-deal-approved,bond yields tumble as investors seek safe havens,11,Governance,2,1,2025,-1.0
1281,1281,1281,1281,1281,2025-04-03,"Global trade talks collapse, causing market turmoil",Times of India,Product Safety Recall,Euro Stoxx 50,3.86,78.26,Negative,Media & Entertainment,High,Ford Motor Company,https://www.ft.com/content/geopolitical-summit,"global trade talks collapse, causing market turmoil",3,Social,2,1,2025,-1.0
1282,1282,1282,1282,1282,2025-08-04,Tech Giant's New Product Launch Sparks Sector-Wide Gains,The Economist,Regulatory Compliance Failure,Hang Seng,3.47,333.34,Positive,Agriculture,Low,JPMorgan Chase,https://economictimes.indiatimes.com/industry/industrials,tech giant's new product launch sparks sector wide gains,9,Governance,0,0,2025,1.0
1283,1283,1283,1283,1283,2025-04-12,Unexpected rise in unemployment fuels market pessimism,MarketWatch,Regulatory Compliance Failure,NSE Nifty,-0.64,121.63,Negative,Technology,High,Intel,https://www.bloomberg.com/asia/policy/central-bank-meeting,unexpected rise in unemployment fuels market pessimism,1,Governance,2,1,2025,-1.0
1284,1284,1284,1284,1284,2025-02-12,Massive stock buyback program announced by a consumer goods company,Mint,Antitrust Investigation,DAX,1.96,57.4,Negative,Materials,High,Bank of America,https://www.moneycontrol.com/us-markets/nasdaq-composite,massive stock buyback program announced by a consumer goods company,18,Governance,2,1,2025,-1.0
1285,1285,1285,1285,1285,2025-04-13,Utilities sector remains stable during market fluctuations,Wall Street Journal,Antitrust Investigation,NSE Nifty,-3.55,387.72,Positive,Telecommunications,Low,Exxon Mobil,https://www.ft.com/content/tech-sector-innovation,utilities sector remains stable during market fluctuations,4,Governance,0,0,2025,1.0
1286,1286,1286,1286,1286,2025-02-14,Aerospace and Defense sector sees rally amid geopolitical tensions,Yahoo Finance,Environmental Spill,Euro Stoxx 50,3.75,8.51,,Utilities,Medium,Intel,https://timesofindia.indiatimes.com/business/markets/stock-market-crash,aerospace and defense sector sees rally amid geopolitical tensions,2,Environmental,1,1,2025,
1287,1287,1287,1287,1287,2025-06-01,Merger talks between two banks fall through,The Economist,Executive Misconduct,CAC 40,0.35,22.34,Neutral,Automotive,Medium,Exxon Mobil,https://www.moneycontrol.com/us-markets/nasdaq-composite,merger talks between two banks fall through,15,Governance,1,1,2025,0.0
1288,1288,1288,1288,1288,2025-08-05,Record-high inflation data rattles investors,Barron's,Carbon Emissions Violation,S&P 500,-4.09,120.15,Negative,Retail,Medium,Apple Inc.,https://www.investopedia.com/articles/supply-chain-disruption,record high inflation data rattles investors,2,Environmental,1,1,2025,-1.0
1289,1289,1289,1289,1289,2025-07-04,ASX 200 gains on strong export performance,The Economist,Regulatory Compliance Failure,Euro Stoxx 50,2.17,197.57,Neutral,Materials,Low,Chevron Corporation,,asx 200 gains on strong export performance,14,Governance,0,0,2025,0.0
1290,1290,1290,1290,1290,2025-08-06,Consumer confidence index reaches a decade high,MarketWatch,Executive Misconduct,CAC 40,2.46,358.46,Negative,Media & Entertainment,High,Chevron Corporation,https://www.moneycontrol.com/us-markets/nasdaq-composite,consumer confidence index reaches a decade high,7,Governance,2,1,2025,-1.0
1291,1291,1291,1291,1291,2025-07-27,Government subsidy program gives a lift to the agriculture sector,Economic Times,Product Safety Recall,Shanghai Composite,0.14,148.38,Positive,Technology,Low,JPMorgan Chase,https://www.reuters.com/markets/stocks/tech-rally,government subsidy program gives a lift to the agriculture sector,19,Social,0,0,2025,1.0
1292,1292,1292,1292,1292,2025-04-04,Consumer confidence index reaches a decade high,Mint,Antitrust Investigation,Nikkei 225,-3.71,45.77,Positive,Finance,Low,General Motors,,consumer confidence index reaches a decade high,1,Governance,0,0,2025,1.0
1293,1293,1293,1293,1293,2025-03-14,Bond yields tumble as investors seek safe havens,Mint,Accounting Fraud Investigation,FTSE 100,2.31,157.74,Positive,Real Estate,Medium,Intel,https://www.moneycontrol.com/us-markets/nasdaq-composite,bond yields tumble as investors seek safe havens,14,Governance,1,1,2025,1.0
1294,1294,1294,1294,1294,2025-07-06,Record-high inflation data rattles investors,Times of India,Product Safety Recall,Nasdaq Composite,3.79,453.82,Negative,Technology,High,Intel,https://www.ft.com/content/tech-sector-innovation,record high inflation data rattles investors,17,Social,2,1,2025,-1.0
1295,1295,1295,1295,1295,2025-05-30,Media and Entertainment companies report a surge in streaming revenue,Bloomberg,Environmental Spill,IBOVESPA,-0.84,353.22,Negative,Transportation,Medium,Microsoft,https://www.wsj.com/europe/dax-performance,media and entertainment companies report a surge in streaming revenue,2,Environmental,1,1,2025,-1.0
1296,1296,1296,1296,1296,2025-06-14,Government policy shift boosts renewable energy sector,Times of India,Executive Misconduct,Russell 2000,-4.19,411.02,Negative,Utilities,Low,Microsoft,https://timesofindia.indiatimes.com/business/markets/stock-market-crash,government policy shift boosts renewable energy sector,14,Governance,0,0,2025,-1.0
1297,1297,1297,1297,1297,2025-04-12,Utilities sector remains stable during market fluctuations,Business Standard,Climate Regulation Breach,Nikkei 225,-0.95,233.42,Negative,Construction,High,Chevron Corporation,https://www.wsj.com/europe/regulatory-changes,utilities sector remains stable during market fluctuations,2,Environmental,2,1,2025,-1.0
1298,1298,1298,1298,1298,2025-07-01,Semiconductor shortages weigh heavily on tech sector profits,Bloomberg,Regulatory Compliance Failure,KOSPI,0.34,32.79,Negative,Transportation,Low,Intel,https://www.bloomberg.com/asia/policy/central-bank-meeting,semiconductor shortages weigh heavily on tech sector profits,4,Governance,0,0,2025,-1.0
1299,1299,1299,1299,1299,2025-02-07,Consumer confidence index reaches a decade high,Investopedia,Accounting Fraud Investigation,KOSPI,-2.95,326.91,Positive,Transportation,Low,Chevron Corporation,https://www.investopedia.com/articles/government-policy-announcement,consumer confidence index reaches a decade high,10,Governance,0,0,2025,1.0
1300,1300,1300,1300,1300,2025-04-06,Market sentiment turns positive on vaccine trial results,Business Standard,Antitrust Investigation,Nasdaq Composite,-3.66,443.53,Positive,Pharmaceuticals,Medium,Exxon Mobil,https://economictimes.indiatimes.com/industry/industrials,market sentiment turns positive on vaccine trial results,0,Governance,1,1,2025,1.0
1301,1301,1301,1301,1301,2025-04-27,Central bank maintains status quo on interest rates,MarketWatch,Accounting Fraud Investigation,Russell 2000,0.36,442.67,Neutral,Pharmaceuticals,Medium,Intel,https://www.wsj.com/europe/dax-performance,central bank maintains status quo on interest rates,12,Governance,1,1,2025,0.0
1302,1302,1302,1302,1302,2025-08-12,Government spending bill is expected to stimulate the economy,CNBC,Antitrust Investigation,Shanghai Composite,4.59,124.74,,Technology,Medium,Apple Inc.,https://www.investopedia.com/articles/supply-chain-disruption,government spending bill is expected to stimulate the economy,16,Governance,1,1,2025,
1303,1303,1303,1303,1303,2025-06-21,E-commerce earnings report beats all analyst expectations,Financial Times,Regulatory Compliance Failure,BSE Sensex,3.27,190.83,Negative,Retail,High,Intel,https://www.wsj.com/japan/economic-data-release,e commerce earnings report beats all analyst expectations,6,Governance,2,1,2025,-1.0
1304,1304,1304,1304,1304,2025-04-27,Bond yields tumble as investors seek safe havens,Seeking Alpha,Regulatory Compliance Failure,Euro Stoxx 50,2.7,452.85,Negative,Energy,Low,Chevron Corporation,https://www.bloomberg.com/asia/telecommunications-news,bond yields tumble as investors seek safe havens,5,Governance,0,0,2025,-1.0
1305,1305,1305,1305,1305,2025-03-02,Retail sales report surpasses all forecasts,Economic Times,Accounting Fraud Investigation,DAX,-4.65,231.61,Neutral,Transportation,Medium,Microsoft,https://www.reuters.com/markets/indices/ftse-100,retail sales report surpasses all forecasts,18,Governance,1,1,2025,0.0
1306,1306,1306,1306,1306,2025-04-26,Central Bank's dovish tone hints at future rate cuts,Mint,Worker Strike,Euro Stoxx 50,-1.68,108.66,Negative,Retail,Medium,Lockheed Martin,https://www.investopedia.com/articles/government-policy-announcement,central bank's dovish tone hints at future rate cuts,17,Social,1,1,2025,-1.0
1307,1307,1307,1307,1307,2025-04-26,Banking stocks dip after a major scandal is revealed,Financial Times,Accounting Fraud Investigation,Euro Stoxx 50,,312.83,Neutral,Transportation,Low,Microsoft,https://www.bloomberg.com/australia/asx-200-performance,banking stocks dip after a major scandal is revealed,9,Governance,0,0,2025,0.0
1308,1308,1308,1308,1308,2025-04-14,Market braces for a major policy announcement from the EU,Business Standard,Antitrust Investigation,Dow Jones,4.29,33.76,Negative,Technology,High,Microsoft,https://www.cnbc.com/2025/08/russia-ukraine-war-economic-impact,market braces for a major policy announcement from the eu,10,Governance,2,1,2025,-1.0
1309,1309,1309,1309,1309,2025-05-30,Crude oil prices drop to a multi-year low,Bloomberg,Product Safety Recall,DAX,-3.7,443.42,Negative,Healthcare,Medium,General Motors,https://www.moneycontrol.com/india/ipo-news/new-firm-launches,crude oil prices drop to a multi year low,3,Social,1,1,2025,-1.0
1310,1310,1310,1310,1310,2025-04-20,Merger talks between two banks fall through,Bloomberg,Executive Misconduct,FTSE 100,,282.68,Negative,Automotive,Medium,General Motors,https://www.reuters.com/business/retail-sector-earnings,merger talks between two banks fall through,9,Governance,1,1,2025,-1.0
1311,1311,1311,1311,1311,2025-08-14,ASX 200 gains on strong export performance,Yahoo Finance,Executive Misconduct,Euro Stoxx 50,4.14,3.16,Negative,Telecommunications,High,Exxon Mobil,https://www.investopedia.com/articles/supply-chain-disruption,asx 200 gains on strong export performance,1,Governance,2,1,2025,-1.0
1312,1312,1312,1312,1312,2025-04-30,Financial sector bracing for new capital requirements,The Motley Fool,Antitrust Investigation,IBOVESPA,0.34,141.54,Neutral,Consumer Goods,Low,Intel,https://www.bloomberg.com/australia/asx-200-performance,financial sector bracing for new capital requirements,10,Governance,0,0,2025,0.0
1313,1313,1313,1313,1313,2025-04-03,Government subsidy program gives a lift to the agriculture sector,Seeking Alpha,Human Rights Allegation,Nikkei 225,0.33,197.46,Positive,Technology,Low,JPMorgan Chase,https://www.marketwatch.com/story/commodities-price-shock,government subsidy program gives a lift to the agriculture sector,3,Social,0,0,2025,1.0
1314,1314,1314,1314,1314,2025-07-13,Government policy shift boosts renewable energy sector,Times of India,Labor Rights Violation,S&P/TSX Composite,,140.23,Neutral,Healthcare,Medium,Ford Motor Company,,government policy shift boosts renewable energy sector,8,Social,1,1,2025,0.0
1315,1315,1315,1315,1315,2025-03-12,Real Estate sector shows signs of overheating as interest rates fall,Barron's,Regulatory Compliance Failure,Euro Stoxx 50,-1.01,224.14,Negative,Finance,Low,Ford Motor Company,https://www.theeconomist.com/world/government-policy-announcement,real estate sector shows signs of overheating as interest rates fall,18,Governance,0,0,2025,-1.0
1316,1316,1316,1316,1316,2025-07-20,Consumer Discretionary stocks outperform as spending increases,Bloomberg,Regulatory Compliance Failure,Nikkei 225,2.56,418.04,Negative,Retail,High,Chevron Corporation,https://www.bloomberg.com/canada/tsunami-warnings,consumer discretionary stocks outperform as spending increases,14,Governance,2,1,2025,-1.0
1317,1317,1317,1317,1317,2025-05-20,New housing data release shows a slowdown in market activity,Investopedia,Accounting Fraud Investigation,BSE Sensex,0.99,90.21,Negative,Finance,High,Ford Motor Company,https://www.bloomberg.com/canada/tsunami-warnings,new housing data release shows a slowdown in market activity,12,Governance,2,1,2025,-1.0
1318,1318,1318,1318,1318,2025-04-08,Healthcare stocks gain on robust demand and strong outlook,Economic Times,Regulatory Compliance Failure,Euro Stoxx 50,2.35,364.51,Negative,Retail,High,Bank of America,https://www.ft.com/content/geopolitical-summit,healthcare stocks gain on robust demand and strong outlook,5,Governance,2,1,2025,-1.0
1319,1319,1319,1319,1319,2025-02-07,Semiconductor shortages weigh heavily on tech sector profits,Financial Times,Regulatory Compliance Failure,S&P 500,2.66,46.12,Negative,Retail,Medium,General Motors,https://www.bloomberg.com/canada/tsunami-warnings,semiconductor shortages weigh heavily on tech sector profits,16,Governance,1,1,2025,-1.0
1320,1320,1320,1320,1320,2025-07-14,,Seeking Alpha,Antitrust Investigation,Nasdaq Composite,2.19,11.61,Positive,Energy,Medium,Ford Motor Company,https://www.cnbc.com/2025/12/healthcare-sector-outlook,,15,Governance,1,1,2025,1.0
1321,1321,1321,1321,1321,2025-02-01,Retail sales report surpasses all forecasts,Wall Street Journal,Executive Misconduct,DAX,0.19,364.36,Neutral,Media & Entertainment,Low,Ford Motor Company,https://www.wsj.com/china/market-rally,retail sales report surpasses all forecasts,16,Governance,0,0,2025,0.0
1322,1322,1322,1322,1322,2025-02-10,Major oil spill sends energy stocks plummeting,Economic Times,Regulatory Compliance Failure,KOSPI,-2.7,136.26,Positive,Agriculture,Medium,JPMorgan Chase,https://economictimes.indiatimes.com/news/economy/unemployment-rate,major oil spill sends energy stocks plummeting,14,Governance,1,1,2025,1.0
1323,1323,1323,1323,1323,2025-03-15,Record-high inflation data rattles investors,Times of India,Executive Misconduct,Shanghai Composite,-1.58,11.25,Negative,Retail,Medium,Lockheed Martin,,record high inflation data rattles investors,15,Governance,1,1,2025,-1.0
1324,1324,1324,1324,1324,2025-05-05,Geopolitical ceasefire prompts a broad market recovery,Investopedia,Antitrust Investigation,KOSPI,2.52,259.1,Negative,Aerospace & Defense,High,Bank of America,https://www.ft.com/content/tech-sector-innovation,geopolitical ceasefire prompts a broad market recovery,9,Governance,2,1,2025,-1.0
1325,1325,1325,1325,1325,2025-07-23,Central Bank's dovish tone hints at future rate cuts,Seeking Alpha,Regulatory Compliance Failure,Nasdaq Composite,-3.37,259.98,Negative,Media & Entertainment,Low,Ford Motor Company,https://www.reuters.com/markets/stocks/tech-rally,central bank's dovish tone hints at future rate cuts,4,Governance,0,0,2025,-1.0
1326,1326,1326,1326,1326,2025-05-14,China's Shanghai Composite falls after new trade restrictions,Barron's,Antitrust Investigation,Nikkei 225,-1.75,452.77,Negative,Telecommunications,High,Lockheed Martin,https://www.marketwatch.com/story/commodities-price-shock,china's shanghai composite falls after new trade restrictions,12,Governance,2,1,2025,-1.0
1327,1327,1327,1327,1327,2025-06-25,Record-high inflation data rattles investors,CNBC,Antitrust Investigation,CAC 40,4.52,74.82,Positive,Pharmaceuticals,Medium,Apple Inc.,https://www.business-standard.com/finance/corporate-earnings,record high inflation data rattles investors,6,Governance,1,1,2025,1.0
1328,1328,1328,1328,1328,2025-03-14,Unexpected rise in unemployment fuels market pessimism,Yahoo Finance,Accounting Fraud Investigation,S&P/TSX Composite,1.78,182.32,Positive,Construction,Low,Microsoft,https://www.reuters.com/markets/stocks/tech-rally,unexpected rise in unemployment fuels market pessimism,5,Governance,0,0,2025,1.0
1329,1329,1329,1329,1329,2025-02-13,Massive stock buyback program announced by a consumer goods company,Seeking Alpha,Accounting Fraud Investigation,NSE Nifty,,118.22,Negative,Transportation,High,Bank of America,https://www.investopedia.com/articles/government-policy-announcement,massive stock buyback program announced by a consumer goods company,5,Governance,2,1,2025,-1.0
1330,1330,1330,1330,1330,2025-06-12,Major technology firm acquires a smaller rival in a multi-billion dollar deal,The Motley Fool,Labor Rights Violation,DAX,4.12,80.18,Positive,Technology,Medium,Lockheed Martin,https://www.marketwatch.com/story/commodities-price-shock,major technology firm acquires a smaller rival in a multi billion dollar deal,17,Social,1,1,2025,1.0
1331,1331,1331,1331,1331,2025-03-17,Central Bank's dovish tone hints at future rate cuts,Business Standard,Antitrust Investigation,BSE Sensex,4.41,425.02,Negative,Transportation,High,Bank of America,https://www.business-standard.com/economy/trade-disputes-impact,central bank's dovish tone hints at future rate cuts,13,Governance,2,1,2025,-1.0
1332,1332,1332,1332,1332,2025-04-28,Government spending bill is expected to stimulate the economy,Bloomberg,Carbon Emissions Violation,NSE Nifty,3.98,144.49,Negative,Agriculture,High,Chevron Corporation,https://www.cnbc.com/2025/09/automotive-industry-trends,government spending bill is expected to stimulate the economy,2,Environmental,2,1,2025,-1.0
1333,1333,1333,1333,1333,2025-05-16,Bond yields tumble as investors seek safe havens,Investopedia,Accounting Fraud Investigation,ASX 200,-2.78,148.85,Positive,Energy,Medium,Ford Motor Company,https://www.reuters.com/markets/indices/nikkei-225,bond yields tumble as investors seek safe havens,13,Governance,1,1,2025,1.0
1334,1334,1334,1334,1334,2025-04-21,,Seeking Alpha,Antitrust Investigation,Hang Seng,3.26,404.48,Negative,Technology,Medium,JPMorgan Chase,,,16,Governance,1,1,2025,-1.0
1335,1335,1335,1335,1335,2025-07-15,ASX 200 gains on strong export performance,Forbes,Worker Strike,NSE Nifty,2.0,272.63,Negative,Aerospace & Defense,Low,Exxon Mobil,https://www.ft.com/content/media-entertainment-merger,asx 200 gains on strong export performance,8,Social,0,0,2025,-1.0
1336,1336,1336,1336,1336,2025-02-11,Government spending bill is expected to stimulate the economy,Business Standard,Antitrust Investigation,FTSE 100,2.19,12.14,Negative,Pharmaceuticals,Medium,JPMorgan Chase,https://timesofindia.indiatimes.com/business/agriculture-sector,government spending bill is expected to stimulate the economy,18,Governance,1,1,2025,-1.0
1337,1337,1337,1337,1337,2025-03-19,New regulations on cryptocurrencies cause a market dip,Barron's,Human Rights Allegation,Shanghai Composite,1.81,393.65,Positive,Agriculture,Low,Exxon Mobil,https://www.wsj.com/china/market-regulation,new regulations on cryptocurrencies cause a market dip,3,Social,0,0,2025,1.0
1338,1338,1338,1338,1338,2025-03-04,Quarterly report shows surprising losses for retail giants,Financial Times,Labor Rights Violation,KOSPI,-4.33,254.37,Negative,Industrials,Low,Bank of America,https://www.ft.com/content/currency-devaluation,quarterly report shows surprising losses for retail giants,19,Social,0,0,2025,-1.0
1339,1339,1339,1339,1339,2025-03-08,Manufacturing PMI data signals economic expansion,Times of India,Regulatory Compliance Failure,Shanghai Composite,-0.2,220.75,Negative,Technology,Low,Ford Motor Company,https://www.theeconomist.com/finance-and-economics/trade-tariffs,manufacturing pmi data signals economic expansion,18,Governance,0,0,2025,-1.0
1340,1340,1340,1340,1340,2025-08-10,Government subsidy program gives a lift to the agriculture sector,Forbes,Regulatory Compliance Failure,TSX,-1.98,413.03,Neutral,Agriculture,Medium,Microsoft,https://www.ft.com/content/geopolitical-summit,government subsidy program gives a lift to the agriculture sector,13,Governance,1,1,2025,0.0
1341,1341,1341,1341,1341,2025-04-13,Quarterly report shows surprising losses for retail giants,Barron's,Regulatory Compliance Failure,Nasdaq Composite,-2.31,62.42,Negative,Retail,High,Ford Motor Company,https://www.theeconomist.com/world/government-policy-announcement,quarterly report shows surprising losses for retail giants,1,Governance,2,1,2025,-1.0
1342,1342,1342,1342,1342,2025-07-11,Consumer Discretionary stocks outperform as spending increases,Yahoo Finance,Accounting Fraud Investigation,Hang Seng,0.7,339.83,Negative,Transportation,Medium,Bank of America,https://www.reuters.com/markets/indices/ftse-100,consumer discretionary stocks outperform as spending increases,12,Governance,1,1,2025,-1.0
1343,1343,1343,1343,1343,2025-05-29,Central bank maintains status quo on interest rates,Wall Street Journal,Antitrust Investigation,DAX,0.2,395.39,Negative,Consumer Goods,High,General Motors,https://www.marketwatch.com/story/commodities-price-shock,central bank maintains status quo on interest rates,12,Governance,2,1,2025,-1.0
1344,1344,1344,1344,1344,2025-05-07,China's Shanghai Composite falls after new trade restrictions,Financial Times,Regulatory Compliance Failure,TSX,4.46,2.1,Neutral,Energy,Low,Exxon Mobil,https://www.business-standard.com/economy/inflation-data,china's shanghai composite falls after new trade restrictions,0,Governance,0,0,2025,0.0
1345,1345,1345,1345,1345,2025-03-28,Merger talks between two banks fall through,The Motley Fool,Executive Misconduct,S&P/TSX Composite,,269.84,Neutral,Healthcare,Medium,Bank of America,https://economictimes.indiatimes.com/industry/industrials,merger talks between two banks fall through,4,Governance,1,1,2025,0.0
1346,1346,1346,1346,1346,2025-05-06,Dow Jones plunges as market fears recession,Economic Times,Regulatory Compliance Failure,Nasdaq Composite,-0.26,290.55,,Automotive,Medium,Microsoft,https://www.business-standard.com/international-business/trade-policy,dow jones plunges as market fears recession,11,Governance,1,1,2025,
1347,1347,1347,1347,1347,2025-02-20,Government subsidy program gives a lift to the agriculture sector,Bloomberg,Executive Misconduct,CAC 40,0.27,170.01,Negative,Healthcare,High,JPMorgan Chase,https://timesofindia.indiatimes.com/business/finance/banking-sector-news,government subsidy program gives a lift to the agriculture sector,0,Governance,2,1,2025,-1.0
1348,1348,1348,1348,1348,2025-04-27,Pharmaceutical company's drug approval drives stock upward,Seeking Alpha,Accounting Fraud Investigation,BSE Sensex,2.77,226.65,Negative,Media & Entertainment,Low,JPMorgan Chase,https://www.bloomberg.com/canada/tsunami-warnings,pharmaceutical company's drug approval drives stock upward,0,Governance,0,0,2025,-1.0
1349,1349,1349,1349,1349,2025-04-04,Central Bank's dovish tone hints at future rate cuts,Business Standard,Labor Rights Violation,FTSE 100,1.19,354.11,Negative,Technology,Low,Exxon Mobil,https://www.reuters.com/business/retail-sector-earnings,central bank's dovish tone hints at future rate cuts,19,Social,0,0,2025,-1.0
1350,1350,1350,1350,1350,2025-03-07,Utilities sector remains stable during market fluctuations,Investopedia,Accounting Fraud Investigation,Hang Seng,1.22,354.14,Neutral,Retail,Low,Microsoft,https://www.reuters.com/markets/indices/ftse-100,utilities sector remains stable during market fluctuations,4,Governance,0,0,2025,0.0
1351,1351,1351,1351,1351,2025-03-28,Tech Giant's New Product Launch Sparks Sector-Wide Gains,Investopedia,Human Rights Allegation,Nasdaq Composite,0.87,15.22,Neutral,Telecommunications,Low,Apple Inc.,https://www.business-standard.com/economy/trade-disputes-impact,tech giant's new product launch sparks sector wide gains,3,Social,0,0,2025,0.0
1352,1352,1352,1352,1352,2025-03-26,,Financial Times,Accounting Fraud Investigation,Euro Stoxx 50,-1.23,153.22,Negative,Materials,High,General Motors,https://www.bloomberg.com/asia/telecommunications-news,,15,Governance,2,1,2025,-1.0
1353,1353,1353,1353,1353,2025-02-07,Media and Entertainment companies report a surge in streaming revenue,The Motley Fool,Worker Strike,KOSPI,0.96,193.15,Negative,Aerospace & Defense,High,Exxon Mobil,https://www.bloomberg.com/asia/telecommunications-news,media and entertainment companies report a surge in streaming revenue,3,Social,2,1,2025,-1.0
1354,1354,1354,1354,1354,2025-06-12,Supply chain issues impact manufacturing sector earnings,Times of India,Regulatory Compliance Failure,Hang Seng,-0.5,122.67,Negative,Healthcare,High,General Motors,https://www.reuters.com/business/retail-sector-earnings,supply chain issues impact manufacturing sector earnings,0,Governance,2,1,2025,-1.0
1355,1355,1355,1355,1355,2025-03-24,Financial services stocks rally on strong profit margins,Reuters,Executive Misconduct,Russell 2000,-0.8,359.16,Positive,Telecommunications,Low,Chevron Corporation,https://www.marketwatch.com/story/commodities-price-shock,financial services stocks rally on strong profit margins,14,Governance,0,0,2025,1.0
1356,1356,1356,1356,1356,2025-02-06,Major technology firm acquires a smaller rival in a multi-billion dollar deal,CNBC,Regulatory Compliance Failure,TSX,-3.08,50.71,Neutral,Consumer Goods,Low,Chevron Corporation,https://www.bloomberg.com/asia/policy/central-bank-meeting,major technology firm acquires a smaller rival in a multi billion dollar deal,12,Governance,0,0,2025,0.0
1357,1357,1357,1357,1357,2025-03-23,Market sentiment turns positive on vaccine trial results,The Motley Fool,Accounting Fraud Investigation,ASX 200,4.49,60.54,Negative,Technology,High,General Motors,https://www.wsj.com/japan/economic-data-release,market sentiment turns positive on vaccine trial results,1,Governance,2,1,2025,-1.0
1358,1358,1358,1358,1358,2025-07-22,Bond yields tumble as investors seek safe havens,Barron's,Accounting Fraud Investigation,Nasdaq Composite,-3.46,30.82,Negative,Healthcare,Medium,Microsoft,https://www.reuters.com/markets/indices/nikkei-225,bond yields tumble as investors seek safe havens,16,Governance,1,1,2025,-1.0
1359,1359,1359,1359,1359,2025-04-17,China's Shanghai Composite falls after new trade restrictions,Mint,Product Safety Recall,Nasdaq Composite,-2.28,444.87,Negative,Automotive,High,Ford Motor Company,https://www.ft.com/content/tech-sector-innovation,china's shanghai composite falls after new trade restrictions,17,Social,2,1,2025,-1.0
1360,1360,1360,1360,1360,2025-06-14,Pharmaceutical company's drug approval drives stock upward,Barron's,Regulatory Compliance Failure,IBOVESPA,4.98,457.49,Positive,Media & Entertainment,Medium,General Motors,https://www.ft.com/content/tech-sector-innovation,pharmaceutical company's drug approval drives stock upward,12,Governance,1,1,2025,1.0
1361,1361,1361,1361,1361,2025-03-30,Market braces for a major policy announcement from the EU,Forbes,Regulatory Compliance Failure,S&P/TSX Composite,-0.58,301.43,Negative,Energy,High,Exxon Mobil,,market braces for a major policy announcement from the eu,16,Governance,2,1,2025,-1.0
1362,1362,1362,1362,1362,2025-04-22,Mining company stock surges on commodity price boom,Seeking Alpha,Executive Misconduct,Russell 2000,3.86,112.56,Neutral,Automotive,Medium,Exxon Mobil,https://www.business-standard.com/economy/trade-disputes-impact,mining company stock surges on commodity price boom,16,Governance,1,1,2025,0.0
1363,1363,1363,1363,1363,2025-03-19,Government policy shift boosts renewable energy sector,The Hindu Business Line,Executive Misconduct,Nikkei 225,4.53,219.87,Negative,Retail,High,Microsoft,https://www.bloomberg.com/canada/tsunami-warnings,government policy shift boosts renewable energy sector,12,Governance,2,1,2025,-1.0
1364,1364,1364,1364,1364,2025-05-29,Supply chain issues impact manufacturing sector earnings,Times of India,Product Safety Recall,Russell 2000,3.67,315.54,Neutral,Technology,Low,Exxon Mobil,https://www.forbes.com/finance/geopolitical-event-impact,supply chain issues impact manufacturing sector earnings,3,Social,0,0,2025,0.0
1365,1365,1365,1365,1365,2025-04-10,China's Shanghai Composite falls after new trade restrictions,Forbes,Executive Misconduct,KOSPI,,265.2,Neutral,Transportation,Medium,Apple Inc.,https://www.moneycontrol.com/us-markets/nasdaq-composite,china's shanghai composite falls after new trade restrictions,16,Governance,1,1,2025,0.0
1366,1366,1366,1366,1366,2025-02-17,New regulations on cryptocurrencies cause a market dip,Seeking Alpha,Antitrust Investigation,FTSE 100,-2.49,217.32,Negative,Materials,High,Exxon Mobil,https://www.business-standard.com/international-business/trade-policy,new regulations on cryptocurrencies cause a market dip,13,Governance,2,1,2025,-1.0
1367,1367,1367,1367,1367,2025-08-11,Automotive industry faces headwinds from rising material costs,MarketWatch,Accounting Fraud Investigation,CAC 40,-1.43,298.71,Negative,Agriculture,Medium,Exxon Mobil,https://www.moneycontrol.com/india/ipo-news/new-firm-launches,automotive industry faces headwinds from rising material costs,14,Governance,1,1,2025,-1.0
1368,1368,1368,1368,1368,2025-03-04,Supply chain issues impact manufacturing sector earnings,Financial Times,Human Rights Allegation,ASX 200,,7.07,Negative,Utilities,High,Apple Inc.,https://www.cnbc.com/2025/09/automotive-industry-trends,supply chain issues impact manufacturing sector earnings,17,Social,2,1,2025,-1.0
1369,1369,1369,1369,1369,2025-04-10,Aerospace and Defense sector sees rally amid geopolitical tensions,CNBC,Antitrust Investigation,DAX,-3.29,12.49,Positive,Industrials,Low,JPMorgan Chase,https://economictimes.indiatimes.com/news/economy/unemployment-rate,aerospace and defense sector sees rally amid geopolitical tensions,10,Governance,0,0,2025,1.0
1370,1370,1370,1370,1370,2025-02-20,New regulations on cryptocurrencies cause a market dip,Wall Street Journal,Worker Strike,Dow Jones,1.16,488.06,Negative,Technology,Low,JPMorgan Chase,https://www.investopedia.com/articles/supply-chain-disruption,new regulations on cryptocurrencies cause a market dip,19,Social,0,0,2025,-1.0
1371,1371,1371,1371,1371,2025-04-27,Bond yields tumble as investors seek safe havens,The Motley Fool,Accounting Fraud Investigation,Nikkei 225,-4.66,288.09,,Utilities,Medium,Bank of America,https://www.ft.com/content/geopolitical-summit,bond yields tumble as investors seek safe havens,9,Governance,1,1,2025,
1372,1372,1372,1372,1372,2025-08-12,Real Estate sector shows signs of overheating as interest rates fall,MarketWatch,Product Safety Recall,S&P/TSX Composite,-3.92,74.54,Negative,Construction,High,JPMorgan Chase,https://www.investopedia.com/articles/government-policy-announcement,real estate sector shows signs of overheating as interest rates fall,19,Social,2,1,2025,-1.0
1373,1373,1373,1373,1373,2025-06-07,E-commerce earnings report beats all analyst expectations,Barron's,Antitrust Investigation,S&P 500,4.83,390.12,Negative,Aerospace & Defense,Low,General Motors,https://www.business-standard.com/economy/economic-stimulus,e commerce earnings report beats all analyst expectations,1,Governance,0,0,2025,-1.0
1374,1374,1374,1374,1374,2025-02-27,Crude oil prices drop to a multi-year low,Wall Street Journal,Regulatory Compliance Failure,Nikkei 225,-0.16,457.28,Negative,Industrials,High,Intel,https://www.ft.com/content/tech-sector-innovation,crude oil prices drop to a multi year low,12,Governance,2,1,2025,-1.0
1375,1375,1375,1375,1375,2025-03-13,New regulations on cryptocurrencies cause a market dip,Business Standard,Regulatory Compliance Failure,Shanghai Composite,4.38,403.36,Negative,Energy,Low,Microsoft,https://www.business-standard.com/economy/inflation-data,new regulations on cryptocurrencies cause a market dip,12,Governance,0,0,2025,-1.0
1376,1376,1376,1376,1376,2025-07-19,,Financial Times,Antitrust Investigation,NSE Nifty,1.11,355.99,Positive,Finance,Medium,Intel,https://www.business-standard.com/economy/inflation-data,,4,Governance,1,1,2025,1.0
1377,1377,1377,1377,1377,2025-04-20,Semiconductor shortages weigh heavily on tech sector profits,Wall Street Journal,Labor Rights Violation,Russell 2000,3.38,143.83,Positive,Retail,Medium,Bank of America,https://www.wsj.com/europe/regulatory-changes,semiconductor shortages weigh heavily on tech sector profits,8,Social,1,1,2025,1.0
1378,1378,1378,1378,1378,2025-05-30,Media and Entertainment companies report a surge in streaming revenue,The Motley Fool,Accounting Fraud Investigation,Nasdaq Composite,-4.3,199.42,Negative,Agriculture,High,Bank of America,https://www.cnbc.com/2025/09/automotive-industry-trends,media and entertainment companies report a surge in streaming revenue,12,Governance,2,1,2025,-1.0
1379,1379,1379,1379,1379,2025-05-24,Market braces for a major policy announcement from the EU,Barron's,Regulatory Compliance Failure,BSE Sensex,,328.97,Negative,Healthcare,Low,Microsoft,https://www.theeconomist.com/finance-and-economics/trade-tariffs,market braces for a major policy announcement from the eu,14,Governance,0,0,2025,-1.0
1380,1380,1380,1380,1380,2025-03-28,Manufacturing PMI data signals economic expansion,Barron's,Accounting Fraud Investigation,NSE Nifty,-2.94,173.05,Positive,Agriculture,Medium,Chevron Corporation,https://www.business-standard.com/finance/corporate-earnings,manufacturing pmi data signals economic expansion,6,Governance,1,1,2025,1.0
1381,1381,1381,1381,1381,2025-05-11,,The Motley Fool,Water Pollution Incident,Euro Stoxx 50,1.13,474.41,Positive,Utilities,Low,Bank of America,https://www.moneycontrol.com/india/ipo-news/new-firm-launches,,2,Environmental,0,0,2025,1.0
1382,1382,1382,1382,1382,2025-03-19,Supply chain issues impact manufacturing sector earnings,Yahoo Finance,Antitrust Investigation,Nasdaq Composite,-3.68,461.81,Negative,Pharmaceuticals,Low,Lockheed Martin,https://www.moneycontrol.com/us-markets/sp-500,supply chain issues impact manufacturing sector earnings,9,Governance,0,0,2025,-1.0
1383,1383,1383,1383,1383,2025-03-28,Government subsidy program gives a lift to the agriculture sector,Seeking Alpha,Antitrust Investigation,Hang Seng,,464.15,Neutral,Agriculture,Medium,JPMorgan Chase,https://www.business-standard.com/economy/trade-disputes-impact,government subsidy program gives a lift to the agriculture sector,12,Governance,1,1,2025,0.0
1384,1384,1384,1384,1384,2025-06-11,Supply chain issues impact manufacturing sector earnings,The Economist,Labor Rights Violation,Russell 2000,3.08,105.61,,Media & Entertainment,Medium,Intel,https://www.moneycontrol.com/india/ipo-news/new-firm-launches,supply chain issues impact manufacturing sector earnings,17,Social,1,1,2025,
1385,1385,1385,1385,1385,2025-04-28,Automotive industry faces headwinds from rising material costs,Economic Times,Labor Rights Violation,Nasdaq Composite,-4.73,343.99,Positive,Media & Entertainment,Low,Bank of America,https://www.cnbc.com/2025/11/major-merger-deal-approved,automotive industry faces headwinds from rising material costs,19,Social,0,0,2025,1.0
1386,1386,1386,1386,1386,2025-04-14,Central Bank Governor signals potential shift in policy,Forbes,Accounting Fraud Investigation,DAX,3.2,378.75,Neutral,Real Estate,Low,Microsoft,https://www.forbes.com/finance/geopolitical-event-impact,central bank governor signals potential shift in policy,14,Governance,0,0,2025,0.0
1387,1387,1387,1387,1387,2025-07-18,Government policy shift boosts renewable energy sector,Barron's,Product Safety Recall,S&P/TSX Composite,-4.34,490.21,Positive,Telecommunications,Medium,Ford Motor Company,https://www.moneycontrol.com/us-markets/nasdaq-composite,government policy shift boosts renewable energy sector,3,Social,1,1,2025,1.0
1388,1388,1388,1388,1388,2025-02-03,Consumer Discretionary stocks outperform as spending increases,Times of India,Antitrust Investigation,Euro Stoxx 50,-0.24,184.97,Negative,Pharmaceuticals,High,Exxon Mobil,https://www.ft.com/content/geopolitical-summit,consumer discretionary stocks outperform as spending increases,14,Governance,2,1,2025,-1.0
1389,1389,1389,1389,1389,2025-06-11,New regulations on cryptocurrencies cause a market dip,Seeking Alpha,Accounting Fraud Investigation,DAX,,369.4,Negative,Agriculture,High,Intel,https://www.reuters.com/business/energy/oil-market-update,new regulations on cryptocurrencies cause a market dip,9,Governance,2,1,2025,-1.0
1390,1390,1390,1390,1390,2025-04-12,Real Estate sector shows signs of overheating as interest rates fall,MarketWatch,Executive Misconduct,BSE Sensex,0.1,85.69,Negative,Retail,Medium,Apple Inc.,https://www.ft.com/content/media-entertainment-merger,real estate sector shows signs of overheating as interest rates fall,13,Governance,1,1,2025,-1.0
1391,1391,1391,1391,1391,2025-06-25,Retail sales report surpasses all forecasts,The Economist,Regulatory Compliance Failure,Russell 2000,-1.68,473.22,Negative,Real Estate,High,Bank of America,https://economictimes.indiatimes.com/news/economy/unemployment-rate,retail sales report surpasses all forecasts,15,Governance,2,1,2025,-1.0
1392,1392,1392,1392,1392,2025-06-30,Financial sector bracing for new capital requirements,The Hindu Business Line,Executive Misconduct,TSX,-1.34,142.67,Negative,Real Estate,High,JPMorgan Chase,https://www.investopedia.com/articles/government-policy-announcement,financial sector bracing for new capital requirements,10,Governance,2,1,2025,-1.0
1393,1393,1393,1393,1393,2025-06-16,China's Shanghai Composite falls after new trade restrictions,Wall Street Journal,Antitrust Investigation,Hang Seng,-2.32,313.22,Negative,Agriculture,High,Chevron Corporation,https://www.wsj.com/europe/regulatory-changes,china's shanghai composite falls after new trade restrictions,0,Governance,2,1,2025,-1.0
1394,1394,1394,1394,1394,2025-04-06,Dow Jones plunges as market fears recession,Financial Times,Antitrust Investigation,Dow Jones,3.45,433.62,Positive,Materials,Medium,Chevron Corporation,https://www.ft.com/content/consumer-confidence-report,dow jones plunges as market fears recession,10,Governance,1,1,2025,1.0
1395,1395,1395,1395,1395,2025-06-11,Automotive industry faces headwinds from rising material costs,Forbes,Accounting Fraud Investigation,Dow Jones,-2.65,460.86,Negative,Telecommunications,Low,Chevron Corporation,https://www.ft.com/content/geopolitical-summit,automotive industry faces headwinds from rising material costs,13,Governance,0,0,2025,-1.0
1396,1396,1396,1396,1396,2025-03-19,Banking stocks dip after a major scandal is revealed,Barron's,Antitrust Investigation,Dow Jones,-3.75,236.98,Negative,Retail,High,Lockheed Martin,https://www.theeconomist.com/finance-and-economics/trade-tariffs,banking stocks dip after a major scandal is revealed,15,Governance,2,1,2025,-1.0
1397,1397,1397,1397,1397,2025-07-11,Major technology firm acquires a smaller rival in a multi-billion dollar deal,Bloomberg,Labor Rights Violation,NSE Nifty,4.93,494.88,Negative,Energy,Medium,Exxon Mobil,https://www.moneycontrol.com/india/ipo-news/new-firm-launches,major technology firm acquires a smaller rival in a multi billion dollar deal,3,Social,1,1,2025,-1.0
1398,1398,1398,1398,1398,2025-05-19,Bond yields tumble as investors seek safe havens,Financial Times,Executive Misconduct,IBOVESPA,-0.92,242.07,Positive,Telecommunications,Medium,Apple Inc.,https://www.moneycontrol.com/us-markets/nasdaq-composite,bond yields tumble as investors seek safe havens,15,Governance,1,1,2025,1.0
1399,1399,1399,1399,1399,2025-02-03,Semiconductor shortages weigh heavily on tech sector profits,CNBC,Accounting Fraud Investigation,CAC 40,0.21,151.51,Positive,Media & Entertainment,Medium,Lockheed Martin,https://www.reuters.com/markets/stocks/tech-rally,semiconductor shortages weigh heavily on tech sector profits,9,Governance,1,1,2025,1.0
1400,1400,1400,1400,1400,2025-08-14,Energy company's dividend hike excites shareholders,Forbes,Antitrust Investigation,DAX,-2.4,76.17,Negative,Industrials,High,JPMorgan Chase,https://www.bloomberg.com/asia/policy/central-bank-meeting,energy company's dividend hike excites shareholders,1,Governance,2,1,2025,-1.0
1401,1401,1401,1401,1401,2025-02-05,Central Bank's dovish tone hints at future rate cuts,Seeking Alpha,Executive Misconduct,IBOVESPA,3.34,242.17,Negative,Industrials,High,Apple Inc.,https://www.wsj.com/europe/dax-performance,central bank's dovish tone hints at future rate cuts,1,Governance,2,1,2025,-1.0
1402,1402,1402,1402,1402,2025-07-28,New housing data release shows a slowdown in market activity,Yahoo Finance,Accounting Fraud Investigation,CAC 40,-2.82,75.95,Negative,Consumer Goods,Low,Chevron Corporation,https://www.bloomberg.com/australia/asx-200-performance,new housing data release shows a slowdown in market activity,15,Governance,0,0,2025,-1.0
1403,1403,1403,1403,1403,2025-03-16,Government spending bill is expected to stimulate the economy,Financial Times,Regulatory Compliance Failure,ASX 200,-1.87,433.62,Positive,Real Estate,Medium,Exxon Mobil,https://www.moneycontrol.com/us-markets/sp-500,government spending bill is expected to stimulate the economy,4,Governance,1,1,2025,1.0
1404,1404,1404,1404,1404,2025-05-27,Banking stocks dip after a major scandal is revealed,Wall Street Journal,Accounting Fraud Investigation,BSE Sensex,-3.54,334.07,Negative,Automotive,High,Intel,https://www.business-standard.com/economy/economic-stimulus,banking stocks dip after a major scandal is revealed,14,Governance,2,1,2025,-1.0
1405,1405,1405,1405,1405,2025-07-19,China's Shanghai Composite falls after new trade restrictions,Economic Times,Executive Misconduct,Hang Seng,-3.19,322.12,,Consumer Goods,Medium,General Motors,https://www.moneycontrol.com/india/ipo-news/new-firm-launches,china's shanghai composite falls after new trade restrictions,0,Governance,1,1,2025,
1406,1406,1406,1406,1406,2025-02-02,Government subsidy program gives a lift to the agriculture sector,CNBC,Executive Misconduct,KOSPI,-0.59,467.06,Positive,Telecommunications,Low,Intel,https://www.wsj.com/japan/economic-data-release,government subsidy program gives a lift to the agriculture sector,9,Governance,0,0,2025,1.0
1407,1407,1407,1407,1407,2025-05-09,Central Bank Governor signals potential shift in policy,Economic Times,Water Pollution Incident,ASX 200,-0.08,240.18,Positive,Automotive,Low,Microsoft,https://www.ft.com/content/currency-devaluation,central bank governor signals potential shift in policy,2,Environmental,0,0,2025,1.0
1408,1408,1408,1408,1408,2025-04-23,Media and Entertainment companies report a surge in streaming revenue,The Hindu Business Line,Executive Misconduct,TSX,-4.83,290.86,Negative,Telecommunications,High,Intel,https://www.bloomberg.com/canada/tsunami-warnings,media and entertainment companies report a surge in streaming revenue,12,Governance,2,1,2025,-1.0
1409,1409,1409,1409,1409,2025-07-08,Automotive industry faces headwinds from rising material costs,Barron's,Antitrust Investigation,Dow Jones,-1.47,12.3,Negative,Energy,High,Lockheed Martin,https://economictimes.indiatimes.com/industry/industrials,automotive industry faces headwinds from rising material costs,5,Governance,2,1,2025,-1.0
1410,1410,1410,1410,1410,2025-03-30,Consumer Discretionary stocks outperform as spending increases,Economic Times,Antitrust Investigation,NSE Nifty,-2.18,49.51,Negative,Finance,Medium,Chevron Corporation,https://www.reuters.com/business/retail-sector-earnings,consumer discretionary stocks outperform as spending increases,16,Governance,1,1,2025,-1.0
1411,1411,1411,1411,1411,2025-07-09,Market sentiment turns positive on vaccine trial results,The Hindu Business Line,Worker Strike,IBOVESPA,-4.67,241.5,Positive,Consumer Goods,Low,Exxon Mobil,https://economictimes.indiatimes.com/news/transportation,market sentiment turns positive on vaccine trial results,8,Social,0,0,2025,1.0
1412,1412,1412,1412,1412,2025-03-14,Consumer confidence index reaches a decade high,Investopedia,Executive Misconduct,BSE Sensex,4.61,205.74,Neutral,Technology,Low,Bank of America,https://www.investopedia.com/articles/supply-chain-disruption,consumer confidence index reaches a decade high,14,Governance,0,0,2025,0.0
1413,1413,1413,1413,1413,2025-07-16,Financial services stocks rally on strong profit margins,The Motley Fool,Water Pollution Incident,KOSPI,3.21,222.28,Negative,Transportation,Medium,Lockheed Martin,https://www.business-standard.com/economy/economic-stimulus,financial services stocks rally on strong profit margins,2,Environmental,1,1,2025,-1.0
1414,1414,1414,1414,1414,2025-07-03,,Mint,Antitrust Investigation,Hang Seng,-1.32,286.64,Neutral,Materials,Low,Chevron Corporation,https://www.theeconomist.com/world/government-policy-announcement,,7,Governance,0,0,2025,0.0
1415,1415,1415,1415,1415,2025-07-09,Supply chain issues impact manufacturing sector earnings,Mint,Executive Misconduct,IBOVESPA,-2.65,42.02,Neutral,Media & Entertainment,Medium,Intel,https://economictimes.indiatimes.com/news/economy/unemployment-rate,supply chain issues impact manufacturing sector earnings,5,Governance,1,1,2025,0.0
1416,1416,1416,1416,1416,2025-05-31,New IPO for a popular software firm is oversubscribed,Investopedia,Antitrust Investigation,Hang Seng,,222.33,Negative,Materials,Low,Microsoft,https://www.bloomberg.com/middle-east/news/bond-market-fluctuation,new ipo for a popular software firm is oversubscribed,14,Governance,0,0,2025,-1.0
1417,1417,1417,1417,1417,2025-02-05,Dow Jones plunges as market fears recession,CNBC,Labor Rights Violation,Hang Seng,2.86,294.94,Negative,Transportation,High,Microsoft,https://www.wsj.com/europe/dax-performance,dow jones plunges as market fears recession,17,Social,2,1,2025,-1.0
1418,1418,1418,1418,1418,2025-07-18,Government spending bill is expected to stimulate the economy,Forbes,Executive Misconduct,S&P 500,1.22,172.11,Negative,Consumer Goods,High,General Motors,https://www.reuters.com/business/energy/oil-market-update,government spending bill is expected to stimulate the economy,4,Governance,2,1,2025,-1.0
1419,1419,1419,1419,1419,2025-03-13,Consumer confidence index reaches a decade high,The Economist,Antitrust Investigation,IBOVESPA,-2.53,192.59,Neutral,Healthcare,Medium,JPMorgan Chase,,consumer confidence index reaches a decade high,15,Governance,1,1,2025,0.0
1420,1420,1420,1420,1420,2025-08-01,New IPO for a popular software firm is oversubscribed,Investopedia,Product Safety Recall,Nikkei 225,-0.4,472.27,Neutral,Construction,Medium,Apple Inc.,https://timesofindia.indiatimes.com/business/markets/stock-market-crash,new ipo for a popular software firm is oversubscribed,17,Social,1,1,2025,0.0
1421,1421,1421,1421,1421,2025-03-03,New regulations on cryptocurrencies cause a market dip,Yahoo Finance,Product Safety Recall,NSE Nifty,4.08,306.55,Positive,Pharmaceuticals,Medium,Microsoft,https://economictimes.indiatimes.com/industry/industrials,new regulations on cryptocurrencies cause a market dip,19,Social,1,1,2025,1.0
1422,1422,1422,1422,1422,2025-07-15,New IPO for a popular software firm is oversubscribed,Business Standard,Antitrust Investigation,Russell 2000,,313.38,Negative,Telecommunications,High,Intel,,new ipo for a popular software firm is oversubscribed,0,Governance,2,1,2025,-1.0
1423,1423,1423,1423,1423,2025-06-26,Government subsidy program gives a lift to the agriculture sector,Wall Street Journal,Antitrust Investigation,Russell 2000,-4.8,40.04,Negative,Automotive,High,Exxon Mobil,https://www.forbes.com/finance/geopolitical-event-impact,government subsidy program gives a lift to the agriculture sector,5,Governance,2,1,2025,-1.0
1424,1424,1424,1424,1424,2025-03-21,Banking stocks dip after a major scandal is revealed,Business Standard,Antitrust Investigation,Shanghai Composite,4.08,159.37,Negative,Energy,High,Bank of America,https://www.cnbc.com/2025/08/russia-ukraine-war-economic-impact,banking stocks dip after a major scandal is revealed,13,Governance,2,1,2025,-1.0
1425,1425,1425,1425,1425,2025-04-23,Nikkei 225 index benefits from a weaker yen,The Hindu Business Line,Antitrust Investigation,CAC 40,1.34,293.19,,Materials,Low,Chevron Corporation,https://economictimes.indiatimes.com/stocks/bse-sensex-plunges,nikkei 225 index benefits from a weaker yen,4,Governance,0,0,2025,
1426,1426,1426,1426,1426,2025-06-28,Major oil spill sends energy stocks plummeting,The Motley Fool,Human Rights Allegation,KOSPI,2.6,313.86,Positive,Real Estate,Low,Exxon Mobil,https://www.ft.com/content/consumer-confidence-report,major oil spill sends energy stocks plummeting,17,Social,0,0,2025,1.0
1427,1427,1427,1427,1427,2025-06-11,Quarterly report shows surprising losses for retail giants,The Motley Fool,Accounting Fraud Investigation,Shanghai Composite,2.44,68.82,Negative,Real Estate,High,JPMorgan Chase,https://www.wsj.com/europe/regulatory-changes,quarterly report shows surprising losses for retail giants,11,Governance,2,1,2025,-1.0
1428,1428,1428,1428,1428,2025-07-16,,Investopedia,Antitrust Investigation,CAC 40,-0.14,22.99,Positive,Construction,Low,Microsoft,https://www.cnbc.com/2025/11/major-merger-deal-approved,,15,Governance,0,0,2025,1.0
1429,1429,1429,1429,1429,2025-07-19,Federal Reserve Chairman's speech causes market volatility,Forbes,Regulatory Compliance Failure,BSE Sensex,-2.35,267.42,Positive,Finance,Medium,Microsoft,https://www.cnbc.com/2025/11/major-merger-deal-approved,federal reserve chairman's speech causes market volatility,11,Governance,1,1,2025,1.0
1430,1430,1430,1430,1430,2025-08-09,Supply chain issues impact manufacturing sector earnings,Investopedia,Regulatory Compliance Failure,TSX,2.12,166.14,Negative,Energy,High,Ford Motor Company,https://www.bloomberg.com/canada/tsunami-warnings,supply chain issues impact manufacturing sector earnings,15,Governance,2,1,2025,-1.0
1431,1431,1431,1431,1431,2025-04-15,Geopolitical ceasefire prompts a broad market recovery,The Economist,Accounting Fraud Investigation,TSX,1.55,132.95,Positive,Retail,Low,JPMorgan Chase,https://www.ft.com/content/consumer-confidence-report,geopolitical ceasefire prompts a broad market recovery,10,Governance,0,0,2025,1.0
1432,1432,1432,1432,1432,2025-02-15,Real Estate sector shows signs of overheating as interest rates fall,The Economist,Regulatory Compliance Failure,Hang Seng,-2.03,484.58,Negative,Energy,High,Apple Inc.,https://www.investopedia.com/articles/government-policy-announcement,real estate sector shows signs of overheating as interest rates fall,9,Governance,2,1,2025,-1.0
1433,1433,1433,1433,1433,2025-08-03,Quarterly report shows surprising losses for retail giants,Forbes,Climate Regulation Breach,Euro Stoxx 50,0.57,450.66,Negative,Industrials,High,Intel,https://www.wsj.com/china/market-regulation,quarterly report shows surprising losses for retail giants,2,Environmental,2,1,2025,-1.0
1434,1434,1434,1434,1434,2025-05-26,Crude oil prices drop to a multi-year low,Forbes,Regulatory Compliance Failure,Shanghai Composite,-1.04,175.61,Negative,Construction,High,Lockheed Martin,https://www.reuters.com/business/retail-sector-earnings,crude oil prices drop to a multi year low,12,Governance,2,1,2025,-1.0
1435,1435,1435,1435,1435,2025-03-23,Utilities sector remains stable during market fluctuations,Economic Times,Antitrust Investigation,DAX,-4.28,72.15,Negative,Energy,High,Chevron Corporation,https://www.business-standard.com/economy/economic-stimulus,utilities sector remains stable during market fluctuations,4,Governance,2,1,2025,-1.0
1436,1436,1436,1436,1436,2025-04-25,Merger talks between two banks fall through,Business Standard,Executive Misconduct,CAC 40,-3.97,313.28,Negative,Transportation,Low,Lockheed Martin,https://www.moneycontrol.com/india/ipo-news/new-firm-launches,merger talks between two banks fall through,13,Governance,0,0,2025,-1.0
1437,1437,1437,1437,1437,2025-02-28,New housing data release shows a slowdown in market activity,Wall Street Journal,Regulatory Compliance Failure,KOSPI,1.98,154.54,Negative,Agriculture,Low,Apple Inc.,https://www.ft.com/content/tech-sector-innovation,new housing data release shows a slowdown in market activity,18,Governance,0,0,2025,-1.0
1438,1438,1438,1438,1438,2025-03-13,Central Bank Governor signals potential shift in policy,Financial Times,Antitrust Investigation,TSX,-2.11,454.66,Neutral,Energy,Low,Apple Inc.,https://www.bloomberg.com/middle-east/news/bond-market-fluctuation,central bank governor signals potential shift in policy,0,Governance,0,0,2025,0.0
1439,1439,1439,1439,1439,2025-05-18,Government subsidy program gives a lift to the agriculture sector,Times of India,Labor Rights Violation,S&P 500,2.83,348.89,Neutral,Materials,Low,Chevron Corporation,https://timesofindia.indiatimes.com/business/finance/banking-sector-news,government subsidy program gives a lift to the agriculture sector,17,Social,0,0,2025,0.0
1440,1440,1440,1440,1440,2025-02-08,Automotive industry faces headwinds from rising material costs,The Economist,Executive Misconduct,Hang Seng,1.51,433.87,Positive,Materials,Medium,Lockheed Martin,,automotive industry faces headwinds from rising material costs,1,Governance,1,1,2025,1.0
1441,1441,1441,1441,1441,2025-06-06,Gold prices surge as investors flee riskier assets,CNBC,Executive Misconduct,S&P/TSX Composite,-1.55,218.14,Positive,Telecommunications,Medium,General Motors,https://economictimes.indiatimes.com/industry/industrials,gold prices surge as investors flee riskier assets,10,Governance,1,1,2025,1.0
1442,1442,1442,1442,1442,2025-04-29,,The Hindu Business Line,Regulatory Compliance Failure,IBOVESPA,3.94,452.2,Negative,Media & Entertainment,High,Lockheed Martin,https://www.business-standard.com/finance/corporate-earnings,,11,Governance,2,1,2025,-1.0
1443,1443,1443,1443,1443,2025-08-12,New IPO for a popular software firm is oversubscribed,Business Standard,Regulatory Compliance Failure,NSE Nifty,4.6,439.13,Positive,Retail,Medium,Exxon Mobil,https://www.bloomberg.com/asia/policy/central-bank-meeting,new ipo for a popular software firm is oversubscribed,4,Governance,1,1,2025,1.0
1444,1444,1444,1444,1444,2025-06-05,Energy company's dividend hike excites shareholders,Investopedia,Executive Misconduct,CAC 40,2.64,390.22,Neutral,Pharmaceuticals,Medium,Bank of America,https://www.investopedia.com/articles/government-policy-announcement,energy company's dividend hike excites shareholders,11,Governance,1,1,2025,0.0
1445,1445,1445,1445,1445,2025-02-20,Automotive industry faces headwinds from rising material costs,CNBC,Regulatory Compliance Failure,Euro Stoxx 50,3.03,215.44,Negative,Industrials,High,Apple Inc.,https://www.marketwatch.com/story/commodities-price-shock,automotive industry faces headwinds from rising material costs,11,Governance,2,1,2025,-1.0
1446,1446,1446,1446,1446,2025-04-16,New housing data release shows a slowdown in market activity,Forbes,Human Rights Allegation,S&P/TSX Composite,-4.46,416.85,Neutral,Media & Entertainment,Medium,Exxon Mobil,https://www.bloomberg.com/middle-east/news/bond-market-fluctuation,new housing data release shows a slowdown in market activity,19,Social,1,1,2025,0.0
1447,1447,1447,1447,1447,2025-05-17,Major oil spill sends energy stocks plummeting,Investopedia,Worker Strike,ASX 200,4.27,189.08,Positive,Industrials,Low,Ford Motor Company,https://www.forbes.com/finance/geopolitical-event-impact,major oil spill sends energy stocks plummeting,17,Social,0,0,2025,1.0
1448,1448,1448,1448,1448,2025-04-06,Gold prices surge as investors flee riskier assets,CNBC,Antitrust Investigation,S&P 500,0.86,213.44,Negative,Technology,High,Apple Inc.,https://www.reuters.com/markets/indices/nikkei-225,gold prices surge as investors flee riskier assets,14,Governance,2,1,2025,-1.0
1449,1449,1449,1449,1449,2025-07-09,Quarterly report shows surprising losses for retail giants,Seeking Alpha,Antitrust Investigation,NSE Nifty,-1.28,159.31,Neutral,Pharmaceuticals,Medium,Apple Inc.,https://www.forbes.com/finance/geopolitical-event-impact,quarterly report shows surprising losses for retail giants,16,Governance,1,1,2025,0.0
1450,1450,1450,1450,1450,2025-03-27,Aerospace and Defense sector sees rally amid geopolitical tensions,Reuters,Regulatory Compliance Failure,Russell 2000,1.29,361.22,Neutral,Transportation,Medium,Microsoft,,aerospace and defense sector sees rally amid geopolitical tensions,10,Governance,1,1,2025,0.0
1451,1451,1451,1451,1451,2025-03-24,Aerospace and Defense sector sees rally amid geopolitical tensions,Economic Times,Regulatory Compliance Failure,DAX,-3.58,152.53,Negative,Real Estate,High,Ford Motor Company,https://www.reuters.com/business/energy/oil-market-update,aerospace and defense sector sees rally amid geopolitical tensions,12,Governance,2,1,2025,-1.0
1452,1452,1452,1452,1452,2025-05-02,Retail sales report surpasses all forecasts,Financial Times,Worker Strike,FTSE 100,4.57,269.87,Positive,Energy,Medium,Exxon Mobil,https://www.reuters.com/markets/indices/ftse-100,retail sales report surpasses all forecasts,17,Social,1,1,2025,1.0
1453,1453,1453,1453,1453,2025-05-20,Bond yields tumble as investors seek safe havens,Seeking Alpha,Executive Misconduct,IBOVESPA,3.72,386.76,Positive,Technology,Medium,Intel,https://www.moneycontrol.com/us-markets/dow-jones-industrial,bond yields tumble as investors seek safe havens,10,Governance,1,1,2025,1.0
1454,1454,1454,1454,1454,2025-04-04,Semiconductor shortages weigh heavily on tech sector profits,Wall Street Journal,Regulatory Compliance Failure,Euro Stoxx 50,-0.47,320.28,Neutral,Media & Entertainment,Low,General Motors,https://timesofindia.indiatimes.com/business/finance/banking-sector-news,semiconductor shortages weigh heavily on tech sector profits,1,Governance,0,0,2025,0.0
1455,1455,1455,1455,1455,2025-08-11,Massive stock buyback program announced by a consumer goods company,Reuters,Accounting Fraud Investigation,Euro Stoxx 50,,13.25,Neutral,Consumer Goods,Medium,General Motors,https://www.wsj.com/china/market-rally,massive stock buyback program announced by a consumer goods company,5,Governance,1,1,2025,0.0
1456,1456,1456,1456,1456,2025-07-26,Media and Entertainment companies report a surge in streaming revenue,Bloomberg,Antitrust Investigation,Nikkei 225,-2.87,333.93,Neutral,Transportation,Low,Ford Motor Company,https://www.ft.com/content/currency-devaluation,media and entertainment companies report a surge in streaming revenue,6,Governance,0,0,2025,0.0
1457,1457,1457,1457,1457,2025-07-26,Financial services stocks rally on strong profit margins,The Economist,Product Safety Recall,KOSPI,-0.96,52.28,Neutral,Transportation,Medium,Exxon Mobil,https://www.wsj.com/china/market-rally,financial services stocks rally on strong profit margins,8,Social,1,1,2025,0.0
1458,1458,1458,1458,1458,2025-02-08,Consumer Discretionary stocks outperform as spending increases,Business Standard,Antitrust Investigation,Dow Jones,4.65,69.84,Positive,Agriculture,Medium,JPMorgan Chase,https://www.cnbc.com/2025/12/healthcare-sector-outlook,consumer discretionary stocks outperform as spending increases,4,Governance,1,1,2025,1.0
1459,1459,1459,1459,1459,2025-03-04,Media and Entertainment companies report a surge in streaming revenue,Barron's,Regulatory Compliance Failure,Russell 2000,3.97,261.9,Neutral,Agriculture,Medium,Lockheed Martin,https://www.business-standard.com/economy/economic-stimulus,media and entertainment companies report a surge in streaming revenue,15,Governance,1,1,2025,0.0
1460,1460,1460,1460,1460,2025-04-14,A massive data breach sends a tech company's stock tumbling,MarketWatch,Carbon Emissions Violation,Russell 2000,1.8,39.13,Neutral,Media & Entertainment,Medium,Intel,https://www.wsj.com/japan/economic-data-release,a massive data breach sends a tech company's stock tumbling,2,Environmental,1,1,2025,0.0
1461,1461,1461,1461,1461,2025-02-24,Aerospace and Defense sector sees rally amid geopolitical tensions,Barron's,Worker Strike,KOSPI,-3.23,61.46,Negative,Finance,High,Lockheed Martin,https://www.wsj.com/japan/economic-data-release,aerospace and defense sector sees rally amid geopolitical tensions,8,Social,2,1,2025,-1.0
1462,1462,1462,1462,1462,2025-04-03,Utilities sector remains stable during market fluctuations,Mint,Executive Misconduct,FTSE 100,-0.08,202.7,Negative,Industrials,Medium,Ford Motor Company,https://www.bloomberg.com/australia/asx-200-performance,utilities sector remains stable during market fluctuations,9,Governance,1,1,2025,-1.0
1463,1463,1463,1463,1463,2025-05-25,Crude oil prices drop to a multi-year low,Financial Times,Antitrust Investigation,Dow Jones,1.12,90.64,,Industrials,Medium,Exxon Mobil,https://www.wsj.com/china/market-regulation,crude oil prices drop to a multi year low,5,Governance,1,1,2025,
1464,1464,1464,1464,1464,2025-05-27,UK's FTSE 100 sees a boost from favorable trade data,Seeking Alpha,Antitrust Investigation,S&P 500,-3.61,489.25,Neutral,Technology,Medium,Ford Motor Company,https://www.business-standard.com/economy/economic-stimulus,uk's ftse 100 sees a boost from favorable trade data,10,Governance,1,1,2025,0.0
1465,1465,1465,1465,1465,2025-03-01,,The Motley Fool,Accounting Fraud Investigation,Euro Stoxx 50,-2.78,246.94,Negative,Construction,Medium,Apple Inc.,https://www.business-standard.com/economy/economic-stimulus,,10,Governance,1,1,2025,-1.0
1466,1466,1466,1466,1466,2025-05-01,China's Shanghai Composite falls after new trade restrictions,The Hindu Business Line,Regulatory Compliance Failure,NSE Nifty,-2.73,357.8,Positive,Aerospace & Defense,Medium,Intel,https://www.ft.com/content/consumer-confidence-report,china's shanghai composite falls after new trade restrictions,1,Governance,1,1,2025,1.0
1467,1467,1467,1467,1467,2025-06-14,Pharmaceutical company's drug approval drives stock upward,Times of India,Labor Rights Violation,Dow Jones,1.13,217.73,Negative,Construction,High,Chevron Corporation,https://www.cnbc.com/2025/11/major-merger-deal-approved,pharmaceutical company's drug approval drives stock upward,3,Social,2,1,2025,-1.0
1468,1468,1468,1468,1468,2025-03-14,New regulations on cryptocurrencies cause a market dip,Barron's,Antitrust Investigation,NSE Nifty,3.3,484.19,Negative,Materials,Low,Ford Motor Company,https://www.reuters.com/business/energy/oil-market-update,new regulations on cryptocurrencies cause a market dip,13,Governance,0,0,2025,-1.0
1469,1469,1469,1469,1469,2025-05-19,Healthcare stocks gain on robust demand and strong outlook,Yahoo Finance,Regulatory Compliance Failure,Nasdaq Composite,3.71,174.03,Negative,Energy,High,Bank of America,https://www.business-standard.com/international-business/trade-policy,healthcare stocks gain on robust demand and strong outlook,18,Governance,2,1,2025,-1.0
1470,1470,1470,1470,1470,2025-02-07,Real Estate sector shows signs of overheating as interest rates fall,The Economist,Antitrust Investigation,Russell 2000,-3.57,67.76,Negative,Media & Entertainment,High,Bank of America,https://timesofindia.indiatimes.com/business/finance/banking-sector-news,real estate sector shows signs of overheating as interest rates fall,14,Governance,2,1,2025,-1.0
1471,1471,1471,1471,1471,2025-06-29,Financial sector bracing for new capital requirements,The Economist,Executive Misconduct,TSX,1.72,149.36,Neutral,Technology,Medium,Chevron Corporation,https://www.moneycontrol.com/us-markets/sp-500,financial sector bracing for new capital requirements,11,Governance,1,1,2025,0.0
1472,1472,1472,1472,1472,2025-03-25,Major technology firm acquires a smaller rival in a multi-billion dollar deal,Reuters,Accounting Fraud Investigation,S&P/TSX Composite,-2.14,1.41,Negative,Healthcare,High,Apple Inc.,https://www.ft.com/content/media-entertainment-merger,major technology firm acquires a smaller rival in a multi billion dollar deal,16,Governance,2,1,2025,-1.0
1473,1473,1473,1473,1473,2025-03-24,Dow Jones plunges as market fears recession,Forbes,Accounting Fraud Investigation,Nikkei 225,-4.36,306.92,Negative,Healthcare,High,Ford Motor Company,https://www.moneycontrol.com/us-markets/sp-500,dow jones plunges as market fears recession,6,Governance,2,1,2025,-1.0
1474,1474,1474,1474,1474,2025-02-06,Central Bank's dovish tone hints at future rate cuts,MarketWatch,Accounting Fraud Investigation,KOSPI,-1.34,229.28,Negative,Energy,High,Exxon Mobil,https://www.reuters.com/markets/indices/ftse-100,central bank's dovish tone hints at future rate cuts,16,Governance,2,1,2025,-1.0
1475,1475,1475,1475,1475,2025-05-22,Nikkei 225 index benefits from a weaker yen,Barron's,Antitrust Investigation,IBOVESPA,-4.17,217.45,Positive,Pharmaceuticals,Low,Exxon Mobil,https://www.investopedia.com/articles/supply-chain-disruption,nikkei 225 index benefits from a weaker yen,13,Governance,0,0,2025,1.0
1476,1476,1476,1476,1476,2025-06-28,Bond yields tumble as investors seek safe havens,The Economist,Human Rights Allegation,Nasdaq Composite,-1.73,124.71,Negative,Industrials,High,Apple Inc.,https://www.moneycontrol.com/us-markets/sp-500,bond yields tumble as investors seek safe havens,17,Social,2,1,2025,-1.0
1477,1477,1477,1477,1477,2025-07-15,Major oil spill sends energy stocks plummeting,MarketWatch,Accounting Fraud Investigation,TSX,-3.89,237.9,Negative,Aerospace & Defense,Medium,Ford Motor Company,https://www.forbes.com/finance/geopolitical-event-impact,major oil spill sends energy stocks plummeting,18,Governance,1,1,2025,-1.0
1478,1478,1478,1478,1478,2025-04-03,Nikkei 225 index benefits from a weaker yen,MarketWatch,Regulatory Compliance Failure,DAX,-1.67,242.03,Negative,Energy,Medium,General Motors,https://timesofindia.indiatimes.com/business/markets/stock-market-crash,nikkei 225 index benefits from a weaker yen,9,Governance,1,1,2025,-1.0
1479,1479,1479,1479,1479,2025-04-29,Consumer confidence index reaches a decade high,Yahoo Finance,Executive Misconduct,Hang Seng,-4.11,433.56,Negative,Materials,High,Exxon Mobil,https://www.forbes.com/finance/geopolitical-event-impact,consumer confidence index reaches a decade high,1,Governance,2,1,2025,-1.0
1480,1480,1480,1480,1480,2025-06-02,Merger talks between two banks fall through,Business Standard,Regulatory Compliance Failure,S&P 500,2.35,250.07,Neutral,Technology,Medium,Microsoft,https://www.forbes.com/crypto/cryptocurrency-regulation,merger talks between two banks fall through,6,Governance,1,1,2025,0.0
1481,1481,1481,1481,1481,2025-04-22,Unexpected rise in unemployment fuels market pessimism,Financial Times,Antitrust Investigation,CAC 40,2.73,403.58,Negative,Construction,High,Bank of America,https://www.bloomberg.com/australia/asx-200-performance,unexpected rise in unemployment fuels market pessimism,7,Governance,2,1,2025,-1.0
1482,1482,1482,1482,1482,2025-02-08,Massive stock buyback program announced by a consumer goods company,Mint,Human Rights Allegation,KOSPI,-0.77,99.72,Neutral,Media & Entertainment,Low,JPMorgan Chase,https://www.reuters.com/business/energy/oil-market-update,massive stock buyback program announced by a consumer goods company,3,Social,0,0,2025,0.0
1483,1483,1483,1483,1483,2025-05-26,Mining company stock surges on commodity price boom,Forbes,Executive Misconduct,TSX,1.13,486.99,Negative,Aerospace & Defense,Low,JPMorgan Chase,https://timesofindia.indiatimes.com/business/finance/banking-sector-news,mining company stock surges on commodity price boom,14,Governance,0,0,2025,-1.0
1484,1484,1484,1484,1484,2025-07-29,Central bank maintains status quo on interest rates,Wall Street Journal,Human Rights Allegation,Euro Stoxx 50,-0.23,257.56,Neutral,Retail,Medium,Ford Motor Company,https://www.bloomberg.com/canada/tsunami-warnings,central bank maintains status quo on interest rates,8,Social,1,1,2025,0.0
1485,1485,1485,1485,1485,2025-05-29,Utilities sector remains stable during market fluctuations,Seeking Alpha,Product Safety Recall,Nasdaq Composite,-1.82,423.17,Neutral,Energy,Medium,Microsoft,https://www.moneycontrol.com/us-markets/dow-jones-industrial,utilities sector remains stable during market fluctuations,3,Social,1,1,2025,0.0
1486,1486,1486,1486,1486,2025-03-31,Government spending bill is expected to stimulate the economy,Times of India,Antitrust Investigation,Euro Stoxx 50,-1.76,356.69,Positive,Industrials,Medium,Exxon Mobil,https://www.moneycontrol.com/us-markets/sp-500,government spending bill is expected to stimulate the economy,4,Governance,1,1,2025,1.0
1487,1487,1487,1487,1487,2025-04-05,Consumer confidence index reaches a decade high,Business Standard,Regulatory Compliance Failure,ASX 200,-0.28,239.26,Positive,Media & Entertainment,Low,Ford Motor Company,https://www.theeconomist.com/world/government-policy-announcement,consumer confidence index reaches a decade high,0,Governance,0,0,2025,1.0
1488,1488,1488,1488,1488,2025-06-06,Semiconductor shortages weigh heavily on tech sector profits,The Motley Fool,Product Safety Recall,CAC 40,0.49,302.16,Positive,Pharmaceuticals,Medium,Lockheed Martin,https://www.wsj.com/europe/dax-performance,semiconductor shortages weigh heavily on tech sector profits,3,Social,1,1,2025,1.0
1489,1489,1489,1489,1489,2025-06-15,Consumer Discretionary stocks outperform as spending increases,Barron's,Carbon Emissions Violation,S&P/TSX Composite,4.3,185.41,Positive,Utilities,Medium,Intel,https://www.marketwatch.com/story/commodities-price-shock,consumer discretionary stocks outperform as spending increases,2,Environmental,1,1,2025,1.0
1490,1490,1490,1490,1490,2025-06-03,Major oil spill sends energy stocks plummeting,Yahoo Finance,Human Rights Allegation,Dow Jones,2.63,122.02,,Utilities,Medium,Ford Motor Company,https://timesofindia.indiatimes.com/business/corporate-governance,major oil spill sends energy stocks plummeting,17,Social,1,1,2025,
1491,1491,1491,1491,1491,2025-07-18,Bond yields tumble as investors seek safe havens,The Economist,Antitrust Investigation,S&P 500,0.02,427.93,Negative,Transportation,High,Microsoft,https://www.cnbc.com/2025/12/healthcare-sector-outlook,bond yields tumble as investors seek safe havens,9,Governance,2,1,2025,-1.0
1492,1492,1492,1492,1492,2025-04-25,Supply chain issues impact manufacturing sector earnings,Bloomberg,Human Rights Allegation,Dow Jones,2.05,69.27,Positive,Finance,Low,JPMorgan Chase,https://www.reuters.com/markets/indices/nikkei-225,supply chain issues impact manufacturing sector earnings,17,Social,0,0,2025,1.0
1493,1493,1493,1493,1493,2025-05-12,New IPO for a popular software firm is oversubscribed,Business Standard,Executive Misconduct,BSE Sensex,3.0,274.07,Positive,Pharmaceuticals,Medium,Apple Inc.,https://www.moneycontrol.com/us-markets/sp-500,new ipo for a popular software firm is oversubscribed,15,Governance,1,1,2025,1.0
1494,1494,1494,1494,1494,2025-02-09,Supply chain issues impact manufacturing sector earnings,Times of India,Antitrust Investigation,IBOVESPA,-3.85,48.09,Positive,Transportation,Low,Exxon Mobil,https://www.bloomberg.com/canada/tsunami-warnings,supply chain issues impact manufacturing sector earnings,18,Governance,0,0,2025,1.0
1495,1495,1495,1495,1495,2025-06-03,Mining company stock surges on commodity price boom,Barron's,Accounting Fraud Investigation,Dow Jones,-1.55,300.22,Negative,Technology,High,Lockheed Martin,https://www.business-standard.com/finance/corporate-earnings,mining company stock surges on commodity price boom,13,Governance,2,1,2025,-1.0
1496,1496,1496,1496,1496,2025-07-14,Record-high inflation data rattles investors,Reuters,Executive Misconduct,S&P 500,1.28,21.67,Positive,Real Estate,Medium,General Motors,https://www.ft.com/content/geopolitical-summit,record high inflation data rattles investors,11,Governance,1,1,2025,1.0
1497,1497,1497,1497,1497,2025-04-11,Record-high inflation data rattles investors,Business Standard,Environmental Spill,IBOVESPA,-4.25,261.38,Negative,Transportation,High,Bank of America,https://www.business-standard.com/economy/trade-disputes-impact,record high inflation data rattles investors,2,Environmental,2,1,2025,-1.0
1498,1498,1498,1498,1498,2025-05-24,Supply chain issues impact manufacturing sector earnings,Mint,Antitrust Investigation,Nikkei 225,4.13,57.89,Negative,Technology,Low,Chevron Corporation,https://www.moneycontrol.com/us-markets/nasdaq-composite,supply chain issues impact manufacturing sector earnings,16,Governance,0,0,2025,-1.0
1499,1499,1499,1499,1499,2025-07-16,Semiconductor shortages weigh heavily on tech sector profits,Times of India,Executive Misconduct,TSX,-2.03,154.89,Negative,Healthcare,High,Chevron Corporation,https://www.bloomberg.com/canada/tsunami-warnings,semiconductor shortages weigh heavily on tech sector profits,10,Governance,2,1,2025,-1.0
1500,1500,1500,1500,1500,2025-03-21,Supply chain issues impact manufacturing sector earnings,Barron's,Executive Misconduct,Dow Jones,3.79,236.72,Negative,Media & Entertainment,Medium,Intel,https://www.reuters.com/markets/indices/ftse-100,supply chain issues impact manufacturing sector earnings,16,Governance,1,1,2025,-1.0
1501,1501,1501,1501,1501,2025-03-08,Aerospace and Defense sector sees rally amid geopolitical tensions,Wall Street Journal,Antitrust Investigation,DAX,4.58,40.74,Negative,Telecommunications,High,Intel,https://www.wsj.com/china/market-regulation,aerospace and defense sector sees rally amid geopolitical tensions,6,Governance,2,1,2025,-1.0
1502,1502,1502,1502,1502,2025-06-09,Nikkei 225 index benefits from a weaker yen,The Hindu Business Line,Regulatory Compliance Failure,Nasdaq Composite,-4.75,90.72,Neutral,Aerospace & Defense,Medium,JPMorgan Chase,https://www.cnbc.com/2025/08/russia-ukraine-war-economic-impact,nikkei 225 index benefits from a weaker yen,1,Governance,1,1,2025,0.0
1503,1503,1503,1503,1503,2025-06-06,Mining company stock surges on commodity price boom,Bloomberg,Executive Misconduct,S&P 500,-3.06,216.68,Negative,Telecommunications,High,Ford Motor Company,https://www.cnbc.com/2025/11/major-merger-deal-approved,mining company stock surges on commodity price boom,10,Governance,2,1,2025,-1.0
1504,1504,1504,1504,1504,2025-02-15,Central Bank's dovish tone hints at future rate cuts,The Economist,Executive Misconduct,ASX 200,3.62,100.07,Negative,Telecommunications,High,Bank of America,https://www.ft.com/content/media-entertainment-merger,central bank's dovish tone hints at future rate cuts,15,Governance,2,1,2025,-1.0
1505,1505,1505,1505,1505,2025-06-22,Utilities sector remains stable during market fluctuations,Reuters,Executive Misconduct,CAC 40,2.09,57.07,Negative,Healthcare,High,Chevron Corporation,https://www.moneycontrol.com/us-markets/dow-jones-industrial,utilities sector remains stable during market fluctuations,12,Governance,2,1,2025,-1.0
1506,1506,1506,1506,1506,2025-03-25,Consumer Discretionary stocks outperform as spending increases,Seeking Alpha,Accounting Fraud Investigation,S&P 500,-3.62,29.34,Negative,Utilities,High,Apple Inc.,https://www.reuters.com/markets/indices/ftse-100,consumer discretionary stocks outperform as spending increases,5,Governance,2,1,2025,-1.0
1507,1507,1507,1507,1507,2025-05-22,Major technology firm acquires a smaller rival in a multi-billion dollar deal,Financial Times,Product Safety Recall,CAC 40,1.34,411.79,Neutral,Media & Entertainment,Low,Ford Motor Company,https://www.investopedia.com/articles/government-policy-announcement,major technology firm acquires a smaller rival in a multi billion dollar deal,19,Social,0,0,2025,0.0
1508,1508,1508,1508,1508,2025-02-15,E-commerce earnings report beats all analyst expectations,Bloomberg,Antitrust Investigation,Russell 2000,-0.35,455.71,Negative,Pharmaceuticals,Medium,Chevron Corporation,https://www.cnbc.com/2025/09/automotive-industry-trends,e commerce earnings report beats all analyst expectations,16,Governance,1,1,2025,-1.0
1509,1509,1509,1509,1509,2025-05-23,Central bank maintains status quo on interest rates,Economic Times,Antitrust Investigation,Dow Jones,0.79,423.64,Positive,Transportation,Medium,Apple Inc.,https://www.ft.com/content/consumer-confidence-report,central bank maintains status quo on interest rates,18,Governance,1,1,2025,1.0
1510,1510,1510,1510,1510,2025-03-16,Government spending bill is expected to stimulate the economy,Financial Times,Water Pollution Incident,CAC 40,-2.74,460.8,Negative,Media & Entertainment,Medium,Ford Motor Company,https://www.reuters.com/markets/indices/nikkei-225,government spending bill is expected to stimulate the economy,2,Environmental,1,1,2025,-1.0
1511,1511,1511,1511,1511,2025-08-12,"Global trade talks collapse, causing market turmoil",Reuters,Regulatory Compliance Failure,NSE Nifty,-0.4,423.33,Negative,Energy,Medium,Bank of America,https://www.cnbc.com/2025/10/real-estate-market-analysis,"global trade talks collapse, causing market turmoil",16,Governance,1,1,2025,-1.0
1512,1512,1512,1512,1512,2025-04-04,Healthcare stocks gain on robust demand and strong outlook,MarketWatch,Antitrust Investigation,Hang Seng,2.37,106.53,Neutral,Technology,Low,Exxon Mobil,https://www.business-standard.com/economy/economic-stimulus,healthcare stocks gain on robust demand and strong outlook,1,Governance,0,0,2025,0.0
1513,1513,1513,1513,1513,2025-03-13,Automotive industry faces headwinds from rising material costs,The Economist,Regulatory Compliance Failure,Nasdaq Composite,-1.43,259.55,Positive,Agriculture,Low,General Motors,https://www.business-standard.com/finance/corporate-earnings,automotive industry faces headwinds from rising material costs,5,Governance,0,0,2025,1.0
1514,1514,1514,1514,1514,2025-04-25,Quarterly report shows surprising losses for retail giants,The Economist,Accounting Fraud Investigation,TSX,0.01,312.71,Negative,Automotive,High,General Motors,https://www.moneycontrol.com/us-markets/nasdaq-composite,quarterly report shows surprising losses for retail giants,12,Governance,2,1,2025,-1.0
1515,1515,1515,1515,1515,2025-03-21,Gold prices surge as investors flee riskier assets,Bloomberg,Carbon Emissions Violation,S&P/TSX Composite,-4.39,487.38,Neutral,Agriculture,Medium,JPMorgan Chase,https://www.cnbc.com/2025/11/major-merger-deal-approved,gold prices surge as investors flee riskier assets,2,Environmental,1,1,2025,0.0
1516,1516,1516,1516,1516,2025-04-10,Financial services stocks rally on strong profit margins,Bloomberg,Antitrust Investigation,S&P 500,2.45,434.21,Positive,Pharmaceuticals,Low,Exxon Mobil,https://timesofindia.indiatimes.com/business/agriculture-sector,financial services stocks rally on strong profit margins,1,Governance,0,0,2025,1.0
1517,1517,1517,1517,1517,2025-03-16,Manufacturing PMI data signals economic expansion,Reuters,Accounting Fraud Investigation,TSX,-0.55,58.52,Negative,Consumer Goods,Medium,Ford Motor Company,https://www.investopedia.com/articles/government-policy-announcement,manufacturing pmi data signals economic expansion,14,Governance,1,1,2025,-1.0
1518,1518,1518,1518,1518,2025-03-31,Major technology firm acquires a smaller rival in a multi-billion dollar deal,CNBC,Accounting Fraud Investigation,NSE Nifty,0.2,378.26,Negative,Construction,High,Bank of America,https://www.theeconomist.com/world/government-policy-announcement,major technology firm acquires a smaller rival in a multi billion dollar deal,4,Governance,2,1,2025,-1.0
1519,1519,1519,1519,1519,2025-04-05,Aerospace and Defense sector sees rally amid geopolitical tensions,Mint,Regulatory Compliance Failure,IBOVESPA,3.86,253.76,Negative,Aerospace & Defense,High,Ford Motor Company,https://www.marketwatch.com/story/consumer-goods-report,aerospace and defense sector sees rally amid geopolitical tensions,12,Governance,2,1,2025,-1.0
1520,1520,1520,1520,1520,2025-03-24,,Reuters,Executive Misconduct,S&P/TSX Composite,0.46,303.06,Negative,Construction,Medium,Microsoft,https://www.theeconomist.com/finance-and-economics/trade-tariffs,,14,Governance,1,1,2025,-1.0
1521,1521,1521,1521,1521,2025-03-16,ASX 200 gains on strong export performance,Bloomberg,Executive Misconduct,KOSPI,3.59,441.76,Neutral,Agriculture,Medium,Microsoft,https://www.cnbc.com/2025/09/automotive-industry-trends,asx 200 gains on strong export performance,4,Governance,1,1,2025,0.0
1522,1522,1522,1522,1522,2025-06-02,Government subsidy program gives a lift to the agriculture sector,The Motley Fool,Accounting Fraud Investigation,DAX,-0.3,481.52,Negative,Media & Entertainment,Medium,JPMorgan Chase,https://www.cnbc.com/2025/10/real-estate-market-analysis,government subsidy program gives a lift to the agriculture sector,16,Governance,1,1,2025,-1.0
1523,1523,1523,1523,1523,2025-07-09,Financial services stocks rally on strong profit margins,Reuters,Accounting Fraud Investigation,IBOVESPA,-4.38,39.7,Negative,Energy,High,Chevron Corporation,https://www.marketwatch.com/story/commodities-price-shock,financial services stocks rally on strong profit margins,6,Governance,2,1,2025,-1.0
1524,1524,1524,1524,1524,2025-04-30,Tech Giant's New Product Launch Sparks Sector-Wide Gains,Reuters,Antitrust Investigation,Dow Jones,-3.93,484.2,Neutral,Aerospace & Defense,Low,Exxon Mobil,https://www.cnbc.com/2025/10/real-estate-market-analysis,tech giant's new product launch sparks sector wide gains,1,Governance,0,0,2025,0.0
1525,1525,1525,1525,1525,2025-04-05,Gold prices surge as investors flee riskier assets,CNBC,Executive Misconduct,Nikkei 225,,114.3,Negative,Consumer Goods,Low,JPMorgan Chase,https://www.bloomberg.com/asia/policy/central-bank-meeting,gold prices surge as investors flee riskier assets,9,Governance,0,0,2025,-1.0
1526,1526,1526,1526,1526,2025-06-28,Major oil spill sends energy stocks plummeting,Business Standard,Executive Misconduct,IBOVESPA,0.6,311.53,Positive,Utilities,Medium,Chevron Corporation,https://timesofindia.indiatimes.com/business/markets/stock-market-crash,major oil spill sends energy stocks plummeting,14,Governance,1,1,2025,1.0
1527,1527,1527,1527,1527,2025-05-31,Market braces for a major policy announcement from the EU,Times of India,Antitrust Investigation,ASX 200,-4.38,71.88,Neutral,Finance,Medium,Exxon Mobil,https://www.marketwatch.com/story/consumer-goods-report,market braces for a major policy announcement from the eu,6,Governance,1,1,2025,0.0
1528,1528,1528,1528,1528,2025-03-02,Crude oil prices drop to a multi-year low,Financial Times,Antitrust Investigation,KOSPI,2.34,20.42,Neutral,Aerospace & Defense,Low,Ford Motor Company,https://www.reuters.com/business/retail-sector-earnings,crude oil prices drop to a multi year low,11,Governance,0,0,2025,0.0
1529,1529,1529,1529,1529,2025-04-16,Financial sector bracing for new capital requirements,CNBC,Accounting Fraud Investigation,Shanghai Composite,4.72,154.67,Positive,Aerospace & Defense,Medium,General Motors,,financial sector bracing for new capital requirements,14,Governance,1,1,2025,1.0
1530,1530,1530,1530,1530,2025-05-12,Banking stocks dip after a major scandal is revealed,MarketWatch,Worker Strike,FTSE 100,1.62,358.29,Neutral,Energy,Low,Exxon Mobil,https://www.wsj.com/japan/economic-data-release,banking stocks dip after a major scandal is revealed,19,Social,0,0,2025,0.0
1531,1531,1531,1531,1531,2025-03-30,Automotive industry faces headwinds from rising material costs,Bloomberg,Accounting Fraud Investigation,TSX,-1.27,426.84,Negative,Pharmaceuticals,High,Intel,https://economictimes.indiatimes.com/news/transportation,automotive industry faces headwinds from rising material costs,7,Governance,2,1,2025,-1.0
1532,1532,1532,1532,1532,2025-05-29,Healthcare stocks gain on robust demand and strong outlook,Times of India,Accounting Fraud Investigation,TSX,-1.09,498.08,Negative,Consumer Goods,Medium,General Motors,https://economictimes.indiatimes.com/news/economy/unemployment-rate,healthcare stocks gain on robust demand and strong outlook,13,Governance,1,1,2025,-1.0
1533,1533,1533,1533,1533,2025-05-24,Manufacturing PMI data signals economic expansion,Business Standard,Regulatory Compliance Failure,ASX 200,-1.65,219.14,Neutral,Pharmaceuticals,Medium,Intel,https://www.ft.com/content/media-entertainment-merger,manufacturing pmi data signals economic expansion,7,Governance,1,1,2025,0.0
1534,1534,1534,1534,1534,2025-05-14,,Seeking Alpha,Antitrust Investigation,Nikkei 225,0.51,199.67,Neutral,Retail,Low,Microsoft,https://www.ft.com/content/geopolitical-summit,,5,Governance,0,0,2025,0.0
1535,1535,1535,1535,1535,2025-05-27,Consumer confidence index reaches a decade high,Reuters,Regulatory Compliance Failure,ASX 200,,416.71,Positive,Industrials,Medium,Bank of America,https://www.bloomberg.com/asia/policy/central-bank-meeting,consumer confidence index reaches a decade high,0,Governance,1,1,2025,1.0
1536,1536,1536,1536,1536,2025-06-27,Media and Entertainment companies report a surge in streaming revenue,Forbes,Labor Rights Violation,Nikkei 225,-1.24,45.65,Negative,Construction,High,Chevron Corporation,https://economictimes.indiatimes.com/news/transportation,media and entertainment companies report a surge in streaming revenue,17,Social,2,1,2025,-1.0
1537,1537,1537,1537,1537,2025-06-22,Semiconductor shortages weigh heavily on tech sector profits,Seeking Alpha,Regulatory Compliance Failure,S&P/TSX Composite,-4.22,464.47,Negative,Construction,High,JPMorgan Chase,https://timesofindia.indiatimes.com/business/finance/banking-sector-news,semiconductor shortages weigh heavily on tech sector profits,16,Governance,2,1,2025,-1.0
1538,1538,1538,1538,1538,2025-05-17,China's Shanghai Composite falls after new trade restrictions,Financial Times,Antitrust Investigation,Nasdaq Composite,1.96,96.3,Negative,Agriculture,High,JPMorgan Chase,https://www.business-standard.com/international-business/trade-policy,china's shanghai composite falls after new trade restrictions,13,Governance,2,1,2025,-1.0
1539,1539,1539,1539,1539,2025-07-03,Unexpected rise in unemployment fuels market pessimism,CNBC,Regulatory Compliance Failure,IBOVESPA,,100.84,Negative,Aerospace & Defense,Medium,Chevron Corporation,https://www.marketwatch.com/story/commodities-price-shock,unexpected rise in unemployment fuels market pessimism,13,Governance,1,1,2025,-1.0
1540,1540,1540,1540,1540,2025-06-05,Nikkei 225 index benefits from a weaker yen,Forbes,Worker Strike,CAC 40,-1.47,454.01,Positive,Media & Entertainment,Medium,General Motors,https://economictimes.indiatimes.com/industry/industrials,nikkei 225 index benefits from a weaker yen,17,Social,1,1,2025,1.0
1541,1541,1541,1541,1541,2025-04-11,Healthcare stocks gain on robust demand and strong outlook,Financial Times,Executive Misconduct,S&P/TSX Composite,-1.1,425.07,Negative,Transportation,High,Lockheed Martin,https://economictimes.indiatimes.com/news/transportation,healthcare stocks gain on robust demand and strong outlook,11,Governance,2,1,2025,-1.0
1542,1542,1542,1542,1542,2025-05-06,New regulations on cryptocurrencies cause a market dip,CNBC,Regulatory Compliance Failure,BSE Sensex,,41.03,Positive,Healthcare,Low,Ford Motor Company,https://www.wsj.com/china/market-rally,new regulations on cryptocurrencies cause a market dip,5,Governance,0,0,2025,1.0
1543,1543,1543,1543,1543,2025-03-09,Record-high inflation data rattles investors,MarketWatch,Regulatory Compliance Failure,Russell 2000,1.5,43.94,Positive,Industrials,Low,Lockheed Martin,https://www.marketwatch.com/story/consumer-goods-report,record high inflation data rattles investors,1,Governance,0,0,2025,1.0
1544,1544,1544,1544,1544,2025-04-22,Real Estate sector shows signs of overheating as interest rates fall,Financial Times,Antitrust Investigation,BSE Sensex,-4.68,405.11,Negative,Construction,High,Lockheed Martin,https://www.ft.com/content/consumer-confidence-report,real estate sector shows signs of overheating as interest rates fall,7,Governance,2,1,2025,-1.0
1545,1545,1545,1545,1545,2025-08-06,Gold prices surge as investors flee riskier assets,Times of India,Accounting Fraud Investigation,Dow Jones,0.21,151.56,Neutral,Materials,Medium,JPMorgan Chase,https://www.marketwatch.com/story/commodities-price-shock,gold prices surge as investors flee riskier assets,16,Governance,1,1,2025,0.0
1546,1546,1546,1546,1546,2025-04-28,Central Bank Governor signals potential shift in policy,MarketWatch,Product Safety Recall,Shanghai Composite,0.96,210.56,Negative,Real Estate,Medium,Intel,https://www.wsj.com/china/market-regulation,central bank governor signals potential shift in policy,19,Social,1,1,2025,-1.0
1547,1547,1547,1547,1547,2025-03-13,China's Shanghai Composite falls after new trade restrictions,Times of India,Accounting Fraud Investigation,Shanghai Composite,-3.73,389.92,Negative,Pharmaceuticals,Low,General Motors,https://www.bloomberg.com/asia/policy/central-bank-meeting,china's shanghai composite falls after new trade restrictions,10,Governance,0,0,2025,-1.0
1548,1548,1548,1548,1548,2025-08-02,A massive data breach sends a tech company's stock tumbling,Forbes,Environmental Spill,Nikkei 225,1.02,408.58,Positive,Real Estate,Low,Apple Inc.,https://www.business-standard.com/economy/economic-stimulus,a massive data breach sends a tech company's stock tumbling,2,Environmental,0,0,2025,1.0
1549,1549,1549,1549,1549,2025-08-02,Financial services stocks rally on strong profit margins,Forbes,Accounting Fraud Investigation,KOSPI,1.03,486.58,Positive,Pharmaceuticals,Low,General Motors,https://www.wsj.com/japan/economic-data-release,financial services stocks rally on strong profit margins,11,Governance,0,0,2025,1.0
1550,1550,1550,1550,1550,2025-08-06,Government policy shift boosts renewable energy sector,Business Standard,Executive Misconduct,Shanghai Composite,-2.48,167.01,Negative,Materials,High,Ford Motor Company,https://www.wsj.com/europe/regulatory-changes,government policy shift boosts renewable energy sector,15,Governance,2,1,2025,-1.0
1551,1551,1551,1551,1551,2025-05-06,Supply chain issues impact manufacturing sector earnings,Reuters,Antitrust Investigation,Nikkei 225,-0.93,114.56,Positive,Energy,Low,Exxon Mobil,https://economictimes.indiatimes.com/news/economy/unemployment-rate,supply chain issues impact manufacturing sector earnings,9,Governance,0,0,2025,1.0
1552,1552,1552,1552,1552,2025-07-22,Real Estate sector shows signs of overheating as interest rates fall,Barron's,Human Rights Allegation,S&P 500,-0.92,315.27,Negative,Healthcare,Medium,Intel,https://www.ft.com/content/consumer-confidence-report,real estate sector shows signs of overheating as interest rates fall,3,Social,1,1,2025,-1.0
1553,1553,1553,1553,1553,2025-06-19,Geopolitical ceasefire prompts a broad market recovery,Business Standard,Antitrust Investigation,S&P/TSX Composite,3.78,309.67,Positive,Finance,Medium,Ford Motor Company,https://www.wsj.com/japan/economic-data-release,geopolitical ceasefire prompts a broad market recovery,18,Governance,1,1,2025,1.0
1554,1554,1554,1554,1554,2025-03-13,Government spending bill is expected to stimulate the economy,Reuters,Regulatory Compliance Failure,S&P/TSX Composite,-4.97,468.51,Positive,Construction,Medium,Intel,https://www.wsj.com/europe/regulatory-changes,government spending bill is expected to stimulate the economy,10,Governance,1,1,2025,1.0
1555,1555,1555,1555,1555,2025-07-07,Utilities sector remains stable during market fluctuations,The Motley Fool,Antitrust Investigation,KOSPI,-0.83,313.21,Positive,Materials,Medium,Chevron Corporation,https://www.bloomberg.com/asia/telecommunications-news,utilities sector remains stable during market fluctuations,14,Governance,1,1,2025,1.0
1556,1556,1556,1556,1556,2025-02-04,Banking stocks dip after a major scandal is revealed,Times of India,Executive Misconduct,IBOVESPA,-0.03,211.73,Negative,Retail,Low,Ford Motor Company,https://www.bloomberg.com/asia/telecommunications-news,banking stocks dip after a major scandal is revealed,1,Governance,0,0,2025,-1.0
1557,1557,1557,1557,1557,2025-06-25,,Mint,Antitrust Investigation,DAX,3.58,299.03,Neutral,Healthcare,Low,JPMorgan Chase,https://www.forbes.com/finance/geopolitical-event-impact,,6,Governance,0,0,2025,0.0
1558,1558,1558,1558,1558,2025-04-10,Retail sales report surpasses all forecasts,Business Standard,Regulatory Compliance Failure,Nasdaq Composite,2.17,152.21,Negative,Transportation,Low,JPMorgan Chase,https://www.bloomberg.com/middle-east/news/bond-market-fluctuation,retail sales report surpasses all forecasts,11,Governance,0,0,2025,-1.0
1559,1559,1559,1559,1559,2025-08-09,Federal Reserve Chairman's speech causes market volatility,Times of India,Accounting Fraud Investigation,KOSPI,3.9,293.81,Neutral,Media & Entertainment,Medium,Chevron Corporation,https://economictimes.indiatimes.com/stocks/bse-sensex-plunges,federal reserve chairman's speech causes market volatility,6,Governance,1,1,2025,0.0
1560,1560,1560,1560,1560,2025-02-10,Manufacturing PMI data signals economic expansion,Business Standard,Antitrust Investigation,TSX,,438.12,Negative,Technology,High,JPMorgan Chase,https://www.business-standard.com/economy/economic-stimulus,manufacturing pmi data signals economic expansion,15,Governance,2,1,2025,-1.0
1561,1561,1561,1561,1561,2025-05-26,Real Estate sector shows signs of overheating as interest rates fall,Times of India,Executive Misconduct,S&P 500,-1.32,468.55,Neutral,Energy,Medium,Intel,https://www.ft.com/content/geopolitical-summit,real estate sector shows signs of overheating as interest rates fall,0,Governance,1,1,2025,0.0
1562,1562,1562,1562,1562,2025-07-31,Manufacturing PMI data signals economic expansion,Financial Times,Product Safety Recall,FTSE 100,,373.98,Positive,Construction,Low,General Motors,https://timesofindia.indiatimes.com/business/corporate-governance,manufacturing pmi data signals economic expansion,3,Social,0,0,2025,1.0
1563,1563,1563,1563,1563,2025-08-04,Gold prices surge as investors flee riskier assets,Seeking Alpha,Regulatory Compliance Failure,Euro Stoxx 50,-1.05,41.5,,Industrials,Medium,Intel,https://economictimes.indiatimes.com/news/economy/unemployment-rate,gold prices surge as investors flee riskier assets,11,Governance,1,1,2025,
1564,1564,1564,1564,1564,2025-04-13,Consumer Discretionary stocks outperform as spending increases,The Economist,Accounting Fraud Investigation,Nasdaq Composite,-2.75,212.41,Negative,Healthcare,High,Chevron Corporation,https://timesofindia.indiatimes.com/business/corporate-governance,consumer discretionary stocks outperform as spending increases,4,Governance,2,1,2025,-1.0
1565,1565,1565,1565,1565,2025-04-10,New housing data release shows a slowdown in market activity,The Motley Fool,Human Rights Allegation,BSE Sensex,0.55,276.21,Positive,Agriculture,Medium,Bank of America,https://www.business-standard.com/economy/economic-stimulus,new housing data release shows a slowdown in market activity,19,Social,1,1,2025,1.0
1566,1566,1566,1566,1566,2025-05-16,New housing data release shows a slowdown in market activity,CNBC,Human Rights Allegation,ASX 200,-1.32,271.52,Positive,Telecommunications,Low,Apple Inc.,https://www.cnbc.com/2025/11/major-merger-deal-approved,new housing data release shows a slowdown in market activity,17,Social,0,0,2025,1.0
1567,1567,1567,1567,1567,2025-04-29,Government spending bill is expected to stimulate the economy,Yahoo Finance,Antitrust Investigation,TSX,-4.98,223.04,Positive,Construction,Low,General Motors,https://www.reuters.com/business/retail-sector-earnings,government spending bill is expected to stimulate the economy,6,Governance,0,0,2025,1.0
1568,1568,1568,1568,1568,2025-06-07,Unexpected rise in unemployment fuels market pessimism,Economic Times,Regulatory Compliance Failure,FTSE 100,1.03,316.72,Positive,Healthcare,Medium,Ford Motor Company,https://www.forbes.com/finance/geopolitical-event-impact,unexpected rise in unemployment fuels market pessimism,11,Governance,1,1,2025,1.0
1569,1569,1569,1569,1569,2025-07-17,Federal Reserve Chairman's speech causes market volatility,Financial Times,Antitrust Investigation,S&P 500,-2.94,459.12,Positive,Materials,Medium,Exxon Mobil,https://www.cnbc.com/2025/09/automotive-industry-trends,federal reserve chairman's speech causes market volatility,12,Governance,1,1,2025,1.0
1570,1570,1570,1570,1570,2025-03-30,Tech Giant's New Product Launch Sparks Sector-Wide Gains,Seeking Alpha,Accounting Fraud Investigation,KOSPI,-3.48,271.62,Neutral,Telecommunications,Low,Ford Motor Company,https://timesofindia.indiatimes.com/business/corporate-governance,tech giant's new product launch sparks sector wide gains,4,Governance,0,0,2025,0.0
1571,1571,1571,1571,1571,2025-05-14,Energy company's dividend hike excites shareholders,The Hindu Business Line,Worker Strike,Dow Jones,-2.64,461.4,Negative,Pharmaceuticals,High,Chevron Corporation,https://www.business-standard.com/finance/corporate-earnings,energy company's dividend hike excites shareholders,3,Social,2,1,2025,-1.0
1572,1572,1572,1572,1572,2025-02-22,Crude oil prices drop to a multi-year low,Financial Times,Antitrust Investigation,KOSPI,2.12,188.15,Neutral,Pharmaceuticals,Medium,General Motors,https://economictimes.indiatimes.com/news/transportation,crude oil prices drop to a multi year low,15,Governance,1,1,2025,0.0
1573,1573,1573,1573,1573,2025-07-19,UK's FTSE 100 sees a boost from favorable trade data,Yahoo Finance,Antitrust Investigation,CAC 40,,281.6,Neutral,Utilities,Low,Ford Motor Company,https://www.reuters.com/markets/indices/ftse-100,uk's ftse 100 sees a boost from favorable trade data,1,Governance,0,0,2025,0.0
1574,1574,1574,1574,1574,2025-02-23,Manufacturing PMI data signals economic expansion,Yahoo Finance,Antitrust Investigation,IBOVESPA,-3.95,498.21,Negative,Utilities,High,JPMorgan Chase,https://www.bloomberg.com/asia/policy/central-bank-meeting,manufacturing pmi data signals economic expansion,1,Governance,2,1,2025,-1.0
1575,1575,1575,1575,1575,2025-06-16,Major technology firm acquires a smaller rival in a multi-billion dollar deal,The Economist,Product Safety Recall,KOSPI,1.0,249.31,Negative,Real Estate,High,Intel,https://www.wsj.com/china/market-regulation,major technology firm acquires a smaller rival in a multi billion dollar deal,3,Social,2,1,2025,-1.0
1576,1576,1576,1576,1576,2025-07-20,A massive data breach sends a tech company's stock tumbling,Mint,Accounting Fraud Investigation,Nasdaq Composite,2.21,68.4,,Energy,Medium,Chevron Corporation,https://www.reuters.com/business/retail-sector-earnings,a massive data breach sends a tech company's stock tumbling,16,Governance,1,1,2025,
1577,1577,1577,1577,1577,2025-07-06,Consumer confidence index reaches a decade high,Yahoo Finance,Regulatory Compliance Failure,FTSE 100,0.38,335.2,Negative,Transportation,High,JPMorgan Chase,https://www.ft.com/content/tech-sector-innovation,consumer confidence index reaches a decade high,1,Governance,2,1,2025,-1.0
1578,1578,1578,1578,1578,2025-02-05,New housing data release shows a slowdown in market activity,The Motley Fool,Antitrust Investigation,FTSE 100,0.22,253.25,Negative,Pharmaceuticals,Medium,Bank of America,https://www.wsj.com/japan/economic-data-release,new housing data release shows a slowdown in market activity,0,Governance,1,1,2025,-1.0
1579,1579,1579,1579,1579,2025-04-09,Consumer Discretionary stocks outperform as spending increases,Seeking Alpha,Labor Rights Violation,Hang Seng,-3.53,450.1,Negative,Utilities,High,Exxon Mobil,https://www.marketwatch.com/story/commodities-price-shock,consumer discretionary stocks outperform as spending increases,17,Social,2,1,2025,-1.0
1580,1580,1580,1580,1580,2025-07-12,Record-high inflation data rattles investors,Investopedia,Product Safety Recall,BSE Sensex,3.34,406.63,Positive,Utilities,Medium,Lockheed Martin,https://www.bloomberg.com/australia/asx-200-performance,record high inflation data rattles investors,8,Social,1,1,2025,1.0
1581,1581,1581,1581,1581,2025-04-20,A massive data breach sends a tech company's stock tumbling,Times of India,Antitrust Investigation,KOSPI,4.85,36.23,Neutral,Retail,Medium,Ford Motor Company,https://www.investopedia.com/articles/supply-chain-disruption,a massive data breach sends a tech company's stock tumbling,12,Governance,1,1,2025,0.0
1582,1582,1582,1582,1582,2025-02-14,Government policy shift boosts renewable energy sector,The Motley Fool,Accounting Fraud Investigation,NSE Nifty,3.55,374.34,Neutral,Automotive,Medium,Exxon Mobil,https://www.moneycontrol.com/us-markets/dow-jones-industrial,government policy shift boosts renewable energy sector,12,Governance,1,1,2025,0.0
1583,1583,1583,1583,1583,2025-05-08,Real Estate sector shows signs of overheating as interest rates fall,Yahoo Finance,Regulatory Compliance Failure,FTSE 100,,383.78,Positive,Retail,Low,Bank of America,https://www.reuters.com/markets/indices/ftse-100,real estate sector shows signs of overheating as interest rates fall,14,Governance,0,0,2025,1.0
1584,1584,1584,1584,1584,2025-02-20,Banking stocks dip after a major scandal is revealed,Times of India,Executive Misconduct,Nikkei 225,-2.55,470.97,Negative,Technology,High,Bank of America,https://www.reuters.com/business/energy/oil-market-update,banking stocks dip after a major scandal is revealed,14,Governance,2,1,2025,-1.0
1585,1585,1585,1585,1585,2025-03-29,Merger talks between two banks fall through,The Hindu Business Line,Accounting Fraud Investigation,Shanghai Composite,2.55,430.53,Neutral,Healthcare,Medium,JPMorgan Chase,https://www.wsj.com/japan/economic-data-release,merger talks between two banks fall through,0,Governance,1,1,2025,0.0
1586,1586,1586,1586,1586,2025-08-13,New regulations on cryptocurrencies cause a market dip,Barron's,Worker Strike,Shanghai Composite,2.7,179.59,Neutral,Industrials,Low,JPMorgan Chase,https://www.reuters.com/business/retail-sector-earnings,new regulations on cryptocurrencies cause a market dip,8,Social,0,0,2025,0.0
1587,1587,1587,1587,1587,2025-05-31,Major technology firm acquires a smaller rival in a multi-billion dollar deal,CNBC,Accounting Fraud Investigation,Nikkei 225,1.94,128.69,Negative,Energy,High,Apple Inc.,https://www.theeconomist.com/world/government-policy-announcement,major technology firm acquires a smaller rival in a multi billion dollar deal,4,Governance,2,1,2025,-1.0
1588,1588,1588,1588,1588,2025-07-29,Utilities sector remains stable during market fluctuations,Bloomberg,Environmental Spill,S&P/TSX Composite,-1.01,306.89,,Aerospace & Defense,Medium,JPMorgan Chase,https://www.investopedia.com/articles/government-policy-announcement,utilities sector remains stable during market fluctuations,2,Environmental,1,1,2025,
1589,1589,1589,1589,1589,2025-04-17,Government subsidy program gives a lift to the agriculture sector,CNBC,Antitrust Investigation,IBOVESPA,-0.23,206.46,Negative,Utilities,Low,JPMorgan Chase,https://www.business-standard.com/international-business/trade-policy,government subsidy program gives a lift to the agriculture sector,11,Governance,0,0,2025,-1.0
1590,1590,1590,1590,1590,2025-06-01,Crude oil prices drop to a multi-year low,The Hindu Business Line,Product Safety Recall,IBOVESPA,-3.13,450.52,Negative,Transportation,High,Ford Motor Company,https://timesofindia.indiatimes.com/business/finance/banking-sector-news,crude oil prices drop to a multi year low,17,Social,2,1,2025,-1.0
1591,1591,1591,1591,1591,2025-04-29,Central Bank Governor signals potential shift in policy,Business Standard,Antitrust Investigation,BSE Sensex,4.6,177.54,Positive,Healthcare,Low,General Motors,https://www.cnbc.com/2025/08/russia-ukraine-war-economic-impact,central bank governor signals potential shift in policy,15,Governance,0,0,2025,1.0
1592,1592,1592,1592,1592,2025-03-03,Financial services stocks rally on strong profit margins,Investopedia,Accounting Fraud Investigation,Dow Jones,-0.26,122.7,Negative,Consumer Goods,High,Lockheed Martin,https://www.cnbc.com/2025/09/automotive-industry-trends,financial services stocks rally on strong profit margins,10,Governance,2,1,2025,-1.0
1593,1593,1593,1593,1593,2025-06-20,Government spending bill is expected to stimulate the economy,Seeking Alpha,Executive Misconduct,S&P/TSX Composite,0.5,458.52,,Media & Entertainment,Medium,Exxon Mobil,https://www.moneycontrol.com/us-markets/nasdaq-composite,government spending bill is expected to stimulate the economy,6,Governance,1,1,2025,
1594,1594,1594,1594,1594,2025-03-09,Bond yields tumble as investors seek safe havens,Times of India,Accounting Fraud Investigation,Nikkei 225,-2.14,324.18,Neutral,Materials,Medium,Bank of America,https://www.moneycontrol.com/us-markets/dow-jones-industrial,bond yields tumble as investors seek safe havens,4,Governance,1,1,2025,0.0
1595,1595,1595,1595,1595,2025-04-12,Market braces for a major policy announcement from the EU,Wall Street Journal,Accounting Fraud Investigation,FTSE 100,1.54,360.05,Neutral,Retail,Low,Microsoft,https://timesofindia.indiatimes.com/business/markets/stock-market-crash,market braces for a major policy announcement from the eu,6,Governance,0,0,2025,0.0
1596,1596,1596,1596,1596,2025-07-23,Government spending bill is expected to stimulate the economy,Forbes,Antitrust Investigation,Euro Stoxx 50,0.43,84.41,Negative,Agriculture,High,Microsoft,https://www.theeconomist.com/world/government-policy-announcement,government spending bill is expected to stimulate the economy,12,Governance,2,1,2025,-1.0
1597,1597,1597,1597,1597,2025-06-25,Retail sales report surpasses all forecasts,MarketWatch,Environmental Spill,BSE Sensex,3.05,392.94,Positive,Automotive,Low,Bank of America,https://www.reuters.com/business/energy/oil-market-update,retail sales report surpasses all forecasts,2,Environmental,0,0,2025,1.0
1598,1598,1598,1598,1598,2025-06-18,Semiconductor shortages weigh heavily on tech sector profits,Forbes,Antitrust Investigation,FTSE 100,-1.98,33.57,Positive,Agriculture,Low,JPMorgan Chase,,semiconductor shortages weigh heavily on tech sector profits,6,Governance,0,0,2025,1.0
1599,1599,1599,1599,1599,2025-07-30,Crude oil prices drop to a multi-year low,Mint,Regulatory Compliance Failure,Nasdaq Composite,4.86,294.33,Negative,Pharmaceuticals,Medium,Apple Inc.,https://economictimes.indiatimes.com/stocks/bse-sensex-plunges,crude oil prices drop to a multi year low,18,Governance,1,1,2025,-1.0
1600,1600,1600,1600,1600,2025-06-30,Energy company's dividend hike excites shareholders,The Hindu Business Line,Accounting Fraud Investigation,Shanghai Composite,,130.14,Positive,Aerospace & Defense,Low,General Motors,https://www.cnbc.com/2025/10/real-estate-market-analysis,energy company's dividend hike excites shareholders,5,Governance,0,0,2025,1.0
1601,1601,1601,1601,1601,2025-04-06,Supply chain issues impact manufacturing sector earnings,Reuters,Executive Misconduct,BSE Sensex,2.8,428.79,Neutral,Industrials,Low,Chevron Corporation,https://www.reuters.com/markets/indices/ftse-100,supply chain issues impact manufacturing sector earnings,18,Governance,0,0,2025,0.0
1602,1602,1602,1602,1602,2025-07-12,China's Shanghai Composite falls after new trade restrictions,Forbes,Antitrust Investigation,IBOVESPA,-3.24,278.08,Negative,Materials,High,Intel,https://www.wsj.com/china/market-rally,china's shanghai composite falls after new trade restrictions,15,Governance,2,1,2025,-1.0
1603,1603,1603,1603,1603,2025-04-02,Major oil spill sends energy stocks plummeting,Business Standard,Product Safety Recall,ASX 200,-2.64,262.69,,Agriculture,Low,Chevron Corporation,https://www.theeconomist.com/finance-and-economics/trade-tariffs,major oil spill sends energy stocks plummeting,17,Social,0,0,2025,
1604,1604,1604,1604,1604,2025-03-07,Semiconductor shortages weigh heavily on tech sector profits,Barron's,Accounting Fraud Investigation,NSE Nifty,4.17,395.38,Negative,Retail,Medium,JPMorgan Chase,https://www.cnbc.com/2025/09/automotive-industry-trends,semiconductor shortages weigh heavily on tech sector profits,1,Governance,1,1,2025,-1.0
1605,1605,1605,1605,1605,2025-05-19,A massive data breach sends a tech company's stock tumbling,Yahoo Finance,Regulatory Compliance Failure,CAC 40,-2.89,417.06,Neutral,Media & Entertainment,Medium,Ford Motor Company,https://timesofindia.indiatimes.com/business/markets/stock-market-crash,a massive data breach sends a tech company's stock tumbling,12,Governance,1,1,2025,0.0
1606,1606,1606,1606,1606,2025-02-13,Dow Jones plunges as market fears recession,Economic Times,Accounting Fraud Investigation,DAX,4.09,108.39,Positive,Energy,Medium,Bank of America,https://www.forbes.com/crypto/cryptocurrency-regulation,dow jones plunges as market fears recession,15,Governance,1,1,2025,1.0
1607,1607,1607,1607,1607,2025-05-27,Central bank maintains status quo on interest rates,Reuters,Antitrust Investigation,Euro Stoxx 50,,415.48,Negative,Technology,High,Apple Inc.,https://www.cnbc.com/2025/12/healthcare-sector-outlook,central bank maintains status quo on interest rates,0,Governance,2,1,2025,-1.0
1608,1608,1608,1608,1608,2025-06-16,Crude oil prices drop to a multi-year low,The Motley Fool,Executive Misconduct,Nasdaq Composite,3.32,31.1,Negative,Real Estate,High,Microsoft,https://economictimes.indiatimes.com/stocks/bse-sensex-plunges,crude oil prices drop to a multi year low,12,Governance,2,1,2025,-1.0
1609,1609,1609,1609,1609,2025-04-04,Consumer confidence index reaches a decade high,Seeking Alpha,Antitrust Investigation,Russell 2000,3.88,145.19,Neutral,Technology,Low,Ford Motor Company,https://www.ft.com/content/tech-sector-innovation,consumer confidence index reaches a decade high,15,Governance,0,0,2025,0.0
1610,1610,1610,1610,1610,2025-02-05,Quarterly report shows surprising losses for retail giants,The Hindu Business Line,Antitrust Investigation,Hang Seng,-0.9,380.66,Positive,Aerospace & Defense,Low,General Motors,https://timesofindia.indiatimes.com/business/agriculture-sector,quarterly report shows surprising losses for retail giants,10,Governance,0,0,2025,1.0
1611,1611,1611,1611,1611,2025-07-03,,Forbes,Regulatory Compliance Failure,BSE Sensex,-2.18,157.23,Positive,Technology,Low,General Motors,https://economictimes.indiatimes.com/industry/industrials,,9,Governance,0,0,2025,1.0
1612,1612,1612,1612,1612,2025-03-14,Energy company's dividend hike excites shareholders,The Economist,Regulatory Compliance Failure,S&P/TSX Composite,-4.9,9.06,Positive,Transportation,Low,Ford Motor Company,https://www.business-standard.com/economy/trade-disputes-impact,energy company's dividend hike excites shareholders,15,Governance,0,0,2025,1.0
1613,1613,1613,1613,1613,2025-07-27,Manufacturing PMI data signals economic expansion,CNBC,Regulatory Compliance Failure,TSX,1.03,113.08,Negative,Aerospace & Defense,High,Apple Inc.,https://www.business-standard.com/finance/corporate-earnings,manufacturing pmi data signals economic expansion,5,Governance,2,1,2025,-1.0
1614,1614,1614,1614,1614,2025-03-27,Automotive industry faces headwinds from rising material costs,Forbes,Regulatory Compliance Failure,BSE Sensex,4.79,130.48,Positive,Pharmaceuticals,Medium,JPMorgan Chase,https://www.ft.com/content/consumer-confidence-report,automotive industry faces headwinds from rising material costs,12,Governance,1,1,2025,1.0
1615,1615,1615,1615,1615,2025-08-10,"Global trade talks collapse, causing market turmoil",Economic Times,Antitrust Investigation,Russell 2000,-0.2,117.74,Positive,Consumer Goods,Medium,Intel,https://www.wsj.com/europe/dax-performance,"global trade talks collapse, causing market turmoil",0,Governance,1,1,2025,1.0
1616,1616,1616,1616,1616,2025-05-05,Dow Jones plunges as market fears recession,Seeking Alpha,Accounting Fraud Investigation,DAX,3.63,315.79,Negative,Aerospace & Defense,Medium,Microsoft,https://www.business-standard.com/economy/trade-disputes-impact,dow jones plunges as market fears recession,9,Governance,1,1,2025,-1.0
1617,1617,1617,1617,1617,2025-03-27,Consumer confidence index reaches a decade high,Financial Times,Antitrust Investigation,Nasdaq Composite,-3.73,365.03,Neutral,Healthcare,Low,Chevron Corporation,https://www.cnbc.com/2025/11/major-merger-deal-approved,consumer confidence index reaches a decade high,15,Governance,0,0,2025,0.0
1618,1618,1618,1618,1618,2025-07-04,Financial services stocks rally on strong profit margins,Business Standard,Accounting Fraud Investigation,CAC 40,-3.23,133.32,Negative,Transportation,High,Intel,https://economictimes.indiatimes.com/news/transportation,financial services stocks rally on strong profit margins,14,Governance,2,1,2025,-1.0
1619,1619,1619,1619,1619,2025-02-27,Automotive industry faces headwinds from rising material costs,The Hindu Business Line,Accounting Fraud Investigation,Shanghai Composite,1.84,398.67,Neutral,Automotive,Medium,Chevron Corporation,https://www.business-standard.com/international-business/trade-policy,automotive industry faces headwinds from rising material costs,18,Governance,1,1,2025,0.0
1620,1620,1620,1620,1620,2025-04-14,Tech Giant's New Product Launch Sparks Sector-Wide Gains,Reuters,Executive Misconduct,Euro Stoxx 50,-3.5,104.12,Negative,Construction,Low,Exxon Mobil,https://www.marketwatch.com/story/commodities-price-shock,tech giant's new product launch sparks sector wide gains,6,Governance,0,0,2025,-1.0
1621,1621,1621,1621,1621,2025-02-03,Bond yields tumble as investors seek safe havens,CNBC,Executive Misconduct,Nikkei 225,-2.69,16.51,,Construction,Low,Exxon Mobil,https://www.investopedia.com/articles/government-policy-announcement,bond yields tumble as investors seek safe havens,18,Governance,0,0,2025,
1622,1622,1622,1622,1622,2025-05-10,,CNBC,Executive Misconduct,TSX,2.01,335.2,Negative,Media & Entertainment,High,Lockheed Martin,https://www.ft.com/content/media-entertainment-merger,,14,Governance,2,1,2025,-1.0
1623,1623,1623,1623,1623,2025-08-05,Consumer confidence index reaches a decade high,MarketWatch,Accounting Fraud Investigation,Shanghai Composite,4.87,379.21,Negative,Agriculture,High,Lockheed Martin,https://www.wsj.com/china/market-regulation,consumer confidence index reaches a decade high,16,Governance,2,1,2025,-1.0
1624,1624,1624,1624,1624,2025-05-14,Media and Entertainment companies report a surge in streaming revenue,Seeking Alpha,Antitrust Investigation,ASX 200,3.13,229.39,Positive,Construction,Low,Exxon Mobil,https://www.business-standard.com/finance/corporate-earnings,media and entertainment companies report a surge in streaming revenue,7,Governance,0,0,2025,1.0
1625,1625,1625,1625,1625,2025-07-23,Geopolitical ceasefire prompts a broad market recovery,The Motley Fool,Product Safety Recall,ASX 200,-1.13,316.98,Negative,Media & Entertainment,High,Ford Motor Company,https://www.moneycontrol.com/india/ipo-news/new-firm-launches,geopolitical ceasefire prompts a broad market recovery,19,Social,2,1,2025,-1.0
1626,1626,1626,1626,1626,2025-03-02,"Global trade talks collapse, causing market turmoil",Times of India,Worker Strike,Dow Jones,-0.83,476.8,Negative,Utilities,High,Chevron Corporation,https://www.cnbc.com/2025/11/major-merger-deal-approved,"global trade talks collapse, causing market turmoil",8,Social,2,1,2025,-1.0
1627,1627,1627,1627,1627,2025-07-03,Financial sector bracing for new capital requirements,Bloomberg,Antitrust Investigation,Euro Stoxx 50,-1.83,487.1,Negative,Materials,Medium,Apple Inc.,https://www.forbes.com/finance/geopolitical-event-impact,financial sector bracing for new capital requirements,0,Governance,1,1,2025,-1.0
1628,1628,1628,1628,1628,2025-06-13,Semiconductor shortages weigh heavily on tech sector profits,Wall Street Journal,Accounting Fraud Investigation,TSX,0.19,489.7,Positive,Telecommunications,Medium,Intel,https://www.cnbc.com/2025/08/russia-ukraine-war-economic-impact,semiconductor shortages weigh heavily on tech sector profits,13,Governance,1,1,2025,1.0
1629,1629,1629,1629,1629,2025-06-28,Energy company's dividend hike excites shareholders,Seeking Alpha,Regulatory Compliance Failure,TSX,2.24,118.73,Positive,Aerospace & Defense,Medium,JPMorgan Chase,https://www.bloomberg.com/asia/telecommunications-news,energy company's dividend hike excites shareholders,9,Governance,1,1,2025,1.0
1630,1630,1630,1630,1630,2025-08-13,Record-high inflation data rattles investors,Bloomberg,Accounting Fraud Investigation,Nikkei 225,-3.24,223.54,Negative,Transportation,High,JPMorgan Chase,https://www.business-standard.com/economy/inflation-data,record high inflation data rattles investors,15,Governance,2,1,2025,-1.0
1631,1631,1631,1631,1631,2025-07-12,New regulations on cryptocurrencies cause a market dip,Financial Times,Accounting Fraud Investigation,NSE Nifty,-1.23,421.3,Positive,Utilities,Low,Apple Inc.,https://www.wsj.com/europe/dax-performance,new regulations on cryptocurrencies cause a market dip,10,Governance,0,0,2025,1.0
1632,1632,1632,1632,1632,2025-06-14,Consumer confidence index reaches a decade high,Wall Street Journal,Environmental Spill,TSX,-0.46,323.18,Neutral,Real Estate,Medium,Microsoft,https://www.reuters.com/markets/indices/ftse-100,consumer confidence index reaches a decade high,2,Environmental,1,1,2025,0.0
1633,1633,1633,1633,1633,2025-07-08,A massive data breach sends a tech company's stock tumbling,Seeking Alpha,Worker Strike,Dow Jones,-2.77,137.56,Positive,Utilities,Medium,Apple Inc.,https://www.wsj.com/japan/economic-data-release,a massive data breach sends a tech company's stock tumbling,3,Social,1,1,2025,1.0
1634,1634,1634,1634,1634,2025-06-26,Pharmaceutical company's drug approval drives stock upward,Bloomberg,Regulatory Compliance Failure,Shanghai Composite,1.72,342.98,Negative,Retail,Low,JPMorgan Chase,https://www.forbes.com/finance/geopolitical-event-impact,pharmaceutical company's drug approval drives stock upward,15,Governance,0,0,2025,-1.0
1635,1635,1635,1635,1635,2025-04-29,Financial sector bracing for new capital requirements,Barron's,Climate Regulation Breach,Nasdaq Composite,-0.29,3.12,Neutral,Healthcare,Low,Chevron Corporation,https://economictimes.indiatimes.com/news/economy/unemployment-rate,financial sector bracing for new capital requirements,2,Environmental,0,0,2025,0.0
1636,1636,1636,1636,1636,2025-02-08,Market sentiment turns positive on vaccine trial results,Barron's,Antitrust Investigation,Russell 2000,3.42,223.9,Neutral,Automotive,Medium,General Motors,https://www.reuters.com/markets/indices/nikkei-225,market sentiment turns positive on vaccine trial results,15,Governance,1,1,2025,0.0
1637,1637,1637,1637,1637,2025-04-08,ASX 200 gains on strong export performance,MarketWatch,Antitrust Investigation,KOSPI,-0.92,86.41,Negative,Aerospace & Defense,Medium,Chevron Corporation,https://www.moneycontrol.com/us-markets/nasdaq-composite,asx 200 gains on strong export performance,10,Governance,1,1,2025,-1.0
1638,1638,1638,1638,1638,2025-04-08,A massive data breach sends a tech company's stock tumbling,Economic Times,Labor Rights Violation,NSE Nifty,4.22,79.58,Positive,Consumer Goods,Medium,Ford Motor Company,https://www.business-standard.com/finance/corporate-earnings,a massive data breach sends a tech company's stock tumbling,17,Social,1,1,2025,1.0
1639,1639,1639,1639,1639,2025-06-21,Geopolitical ceasefire prompts a broad market recovery,Business Standard,Executive Misconduct,Shanghai Composite,1.58,174.69,Negative,Finance,Medium,Intel,https://economictimes.indiatimes.com/news/transportation,geopolitical ceasefire prompts a broad market recovery,7,Governance,1,1,2025,-1.0
1640,1640,1640,1640,1640,2025-03-21,Gold prices surge as investors flee riskier assets,MarketWatch,Regulatory Compliance Failure,NSE Nifty,4.13,183.12,Negative,Transportation,High,Chevron Corporation,https://www.business-standard.com/economy/economic-stimulus,gold prices surge as investors flee riskier assets,15,Governance,2,1,2025,-1.0
1641,1641,1641,1641,1641,2025-02-08,Unexpected rise in unemployment fuels market pessimism,The Economist,Executive Misconduct,Nasdaq Composite,3.99,157.17,Negative,Agriculture,High,Exxon Mobil,https://www.business-standard.com/economy/trade-disputes-impact,unexpected rise in unemployment fuels market pessimism,0,Governance,2,1,2025,-1.0
1642,1642,1642,1642,1642,2025-07-03,New IPO for a popular software firm is oversubscribed,Business Standard,Antitrust Investigation,Nikkei 225,-4.88,304.61,Negative,Construction,Low,Apple Inc.,https://www.business-standard.com/international-business/trade-policy,new ipo for a popular software firm is oversubscribed,16,Governance,0,0,2025,-1.0
1643,1643,1643,1643,1643,2025-02-17,Government subsidy program gives a lift to the agriculture sector,Forbes,Labor Rights Violation,Hang Seng,-0.96,303.6,Negative,Agriculture,High,Bank of America,https://economictimes.indiatimes.com/industry/industrials,government subsidy program gives a lift to the agriculture sector,8,Social,2,1,2025,-1.0
1644,1644,1644,1644,1644,2025-03-14,Unexpected rise in unemployment fuels market pessimism,Seeking Alpha,Antitrust Investigation,NSE Nifty,3.23,342.96,Negative,Materials,High,General Motors,https://www.business-standard.com/economy/trade-disputes-impact,unexpected rise in unemployment fuels market pessimism,16,Governance,2,1,2025,-1.0
1645,1645,1645,1645,1645,2025-05-06,New IPO for a popular software firm is oversubscribed,Bloomberg,Executive Misconduct,S&P/TSX Composite,0.1,118.73,Positive,Construction,Medium,JPMorgan Chase,https://www.wsj.com/japan/economic-data-release,new ipo for a popular software firm is oversubscribed,18,Governance,1,1,2025,1.0
1646,1646,1646,1646,1646,2025-03-12,Utilities sector remains stable during market fluctuations,Reuters,Accounting Fraud Investigation,TSX,2.05,41.78,Neutral,Real Estate,Medium,Exxon Mobil,https://www.cnbc.com/2025/09/automotive-industry-trends,utilities sector remains stable during market fluctuations,0,Governance,1,1,2025,0.0
1647,1647,1647,1647,1647,2025-02-17,Retail sales report surpasses all forecasts,The Motley Fool,Product Safety Recall,Hang Seng,3.22,96.18,Negative,Healthcare,High,Bank of America,,retail sales report surpasses all forecasts,8,Social,2,1,2025,-1.0
1648,1648,1648,1648,1648,2025-04-30,Unexpected rise in unemployment fuels market pessimism,Reuters,Executive Misconduct,Dow Jones,3.08,21.17,Negative,Utilities,Low,Exxon Mobil,https://www.wsj.com/china/market-regulation,unexpected rise in unemployment fuels market pessimism,13,Governance,0,0,2025,-1.0
1649,1649,1649,1649,1649,2025-07-14,Record-high inflation data rattles investors,Business Standard,Antitrust Investigation,S&P 500,4.24,374.38,Neutral,Energy,Low,Intel,https://www.business-standard.com/international-business/trade-policy,record high inflation data rattles investors,4,Governance,0,0,2025,0.0
1650,1650,1650,1650,1650,2025-05-03,Major technology firm acquires a smaller rival in a multi-billion dollar deal,Economic Times,Accounting Fraud Investigation,Dow Jones,1.97,306.39,Negative,Consumer Goods,High,Microsoft,https://timesofindia.indiatimes.com/business/markets/stock-market-crash,major technology firm acquires a smaller rival in a multi billion dollar deal,1,Governance,2,1,2025,-1.0
1651,1651,1651,1651,1651,2025-08-04,Major oil spill sends energy stocks plummeting,The Motley Fool,Executive Misconduct,Shanghai Composite,-4.16,99.6,Neutral,Consumer Goods,Low,Exxon Mobil,https://timesofindia.indiatimes.com/business/markets/stock-market-crash,major oil spill sends energy stocks plummeting,6,Governance,0,0,2025,0.0
1652,1652,1652,1652,1652,2025-05-21,Government subsidy program gives a lift to the agriculture sector,Reuters,Accounting Fraud Investigation,FTSE 100,3.33,336.14,Positive,Telecommunications,Low,Chevron Corporation,https://www.bloomberg.com/middle-east/news/bond-market-fluctuation,government subsidy program gives a lift to the agriculture sector,4,Governance,0,0,2025,1.0
1653,1653,1653,1653,1653,2025-04-22,Quarterly report shows surprising losses for retail giants,The Hindu Business Line,Regulatory Compliance Failure,DAX,2.62,383.81,Negative,Consumer Goods,High,Intel,https://www.reuters.com/business/retail-sector-earnings,quarterly report shows surprising losses for retail giants,11,Governance,2,1,2025,-1.0
1654,1654,1654,1654,1654,2025-06-01,New housing data release shows a slowdown in market activity,Wall Street Journal,Regulatory Compliance Failure,Dow Jones,0.51,226.72,Positive,Telecommunications,Medium,JPMorgan Chase,https://timesofindia.indiatimes.com/business/markets/stock-market-crash,new housing data release shows a slowdown in market activity,6,Governance,1,1,2025,1.0
1655,1655,1655,1655,1655,2025-08-05,Major technology firm acquires a smaller rival in a multi-billion dollar deal,Barron's,Executive Misconduct,DAX,3.58,469.67,Negative,Automotive,Low,Chevron Corporation,https://www.moneycontrol.com/us-markets/sp-500,major technology firm acquires a smaller rival in a multi billion dollar deal,6,Governance,0,0,2025,-1.0
1656,1656,1656,1656,1656,2025-06-23,Federal Reserve Chairman's speech causes market volatility,Yahoo Finance,Antitrust Investigation,Euro Stoxx 50,-3.92,433.52,Negative,Agriculture,Low,Apple Inc.,,federal reserve chairman's speech causes market volatility,9,Governance,0,0,2025,-1.0
1657,1657,1657,1657,1657,2025-03-23,Banking stocks dip after a major scandal is revealed,Wall Street Journal,Regulatory Compliance Failure,NSE Nifty,4.59,155.71,Positive,Aerospace & Defense,Low,Ford Motor Company,https://www.cnbc.com/2025/12/healthcare-sector-outlook,banking stocks dip after a major scandal is revealed,10,Governance,0,0,2025,1.0
1658,1658,1658,1658,1658,2025-04-08,,Economic Times,Regulatory Compliance Failure,Dow Jones,-2.69,114.65,Negative,Healthcare,High,General Motors,https://www.bloomberg.com/australia/asx-200-performance,,4,Governance,2,1,2025,-1.0
1659,1659,1659,1659,1659,2025-04-26,Manufacturing PMI data signals economic expansion,Economic Times,Accounting Fraud Investigation,Dow Jones,-3.54,178.31,Negative,Healthcare,Medium,Chevron Corporation,https://www.reuters.com/markets/indices/nikkei-225,manufacturing pmi data signals economic expansion,4,Governance,1,1,2025,-1.0
1660,1660,1660,1660,1660,2025-03-16,Crude oil prices drop to a multi-year low,Bloomberg,Accounting Fraud Investigation,Nikkei 225,-0.65,339.09,Neutral,Transportation,Low,Intel,https://www.business-standard.com/economy/economic-stimulus,crude oil prices drop to a multi year low,18,Governance,0,0,2025,0.0
1661,1661,1661,1661,1661,2025-02-05,UK's FTSE 100 sees a boost from favorable trade data,Times of India,Executive Misconduct,S&P/TSX Composite,3.55,246.84,Negative,Finance,Medium,Ford Motor Company,https://www.bloomberg.com/canada/tsunami-warnings,uk's ftse 100 sees a boost from favorable trade data,0,Governance,1,1,2025,-1.0
1662,1662,1662,1662,1662,2025-07-12,Government spending bill is expected to stimulate the economy,Times of India,Regulatory Compliance Failure,KOSPI,2.37,407.11,Positive,Healthcare,Medium,Bank of America,https://www.business-standard.com/international-business/trade-policy,government spending bill is expected to stimulate the economy,14,Governance,1,1,2025,1.0
1663,1663,1663,1663,1663,2025-02-03,Central Bank Governor signals potential shift in policy,Barron's,Regulatory Compliance Failure,BSE Sensex,4.1,47.35,Negative,Retail,Low,JPMorgan Chase,https://www.business-standard.com/international-business/trade-policy,central bank governor signals potential shift in policy,7,Governance,0,0,2025,-1.0
1664,1664,1664,1664,1664,2025-06-29,Aerospace and Defense sector sees rally amid geopolitical tensions,Business Standard,Antitrust Investigation,TSX,-0.12,280.58,Negative,Agriculture,Low,Ford Motor Company,https://www.wsj.com/europe/dax-performance,aerospace and defense sector sees rally amid geopolitical tensions,9,Governance,0,0,2025,-1.0
1665,1665,1665,1665,1665,2025-08-12,Bond yields tumble as investors seek safe havens,Mint,Regulatory Compliance Failure,FTSE 100,-4.83,299.13,Neutral,Technology,Medium,JPMorgan Chase,https://www.wsj.com/europe/regulatory-changes,bond yields tumble as investors seek safe havens,5,Governance,1,1,2025,0.0
1666,1666,1666,1666,1666,2025-07-24,Manufacturing PMI data signals economic expansion,Forbes,Executive Misconduct,Euro Stoxx 50,-3.44,103.19,Negative,Technology,High,Chevron Corporation,https://www.business-standard.com/international-business/trade-policy,manufacturing pmi data signals economic expansion,1,Governance,2,1,2025,-1.0
1667,1667,1667,1667,1667,2025-04-23,Market braces for a major policy announcement from the EU,MarketWatch,Regulatory Compliance Failure,Russell 2000,-2.01,141.94,Negative,Automotive,Medium,General Motors,https://www.reuters.com/business/energy/oil-market-update,market braces for a major policy announcement from the eu,13,Governance,1,1,2025,-1.0
1668,1668,1668,1668,1668,2025-06-01,New regulations on cryptocurrencies cause a market dip,Mint,Environmental Spill,CAC 40,4.4,261.9,Neutral,Construction,Low,JPMorgan Chase,https://www.reuters.com/business/energy/oil-market-update,new regulations on cryptocurrencies cause a market dip,2,Environmental,0,0,2025,0.0
1669,1669,1669,1669,1669,2025-05-04,ASX 200 gains on strong export performance,Forbes,Accounting Fraud Investigation,Hang Seng,-2.6,275.76,Negative,Finance,Medium,Microsoft,https://timesofindia.indiatimes.com/business/agriculture-sector,asx 200 gains on strong export performance,14,Governance,1,1,2025,-1.0
1670,1670,1670,1670,1670,2025-07-31,Semiconductor shortages weigh heavily on tech sector profits,CNBC,Antitrust Investigation,Hang Seng,,386.81,Negative,Consumer Goods,High,Lockheed Martin,https://www.moneycontrol.com/us-markets/nasdaq-composite,semiconductor shortages weigh heavily on tech sector profits,0,Governance,2,1,2025,-1.0
1671,1671,1671,1671,1671,2025-02-01,Consumer confidence index reaches a decade high,Times of India,Executive Misconduct,NSE Nifty,0.35,113.41,Negative,Retail,Medium,JPMorgan Chase,https://www.wsj.com/china/market-rally,consumer confidence index reaches a decade high,5,Governance,1,1,2025,-1.0
1672,1672,1672,1672,1672,2025-04-26,Market sentiment turns positive on vaccine trial results,Business Standard,Regulatory Compliance Failure,S&P/TSX Composite,4.68,418.84,Negative,Industrials,Low,Intel,https://www.ft.com/content/tech-sector-innovation,market sentiment turns positive on vaccine trial results,6,Governance,0,0,2025,-1.0
1673,1673,1673,1673,1673,2025-05-09,Massive stock buyback program announced by a consumer goods company,Times of India,Regulatory Compliance Failure,Nasdaq Composite,3.6,417.3,Negative,Consumer Goods,Low,Chevron Corporation,https://www.wsj.com/china/market-rally,massive stock buyback program announced by a consumer goods company,14,Governance,0,0,2025,-1.0
1674,1674,1674,1674,1674,2025-02-16,"Global trade talks collapse, causing market turmoil",Investopedia,Executive Misconduct,S&P 500,-4.06,352.54,Negative,Consumer Goods,High,Microsoft,https://economictimes.indiatimes.com/stocks/bse-sensex-plunges,"global trade talks collapse, causing market turmoil",1,Governance,2,1,2025,-1.0
1675,1675,1675,1675,1675,2025-02-28,Dow Jones plunges as market fears recession,MarketWatch,Antitrust Investigation,Nasdaq Composite,,320.13,Negative,Media & Entertainment,High,Lockheed Martin,https://www.business-standard.com/economy/inflation-data,dow jones plunges as market fears recession,7,Governance,2,1,2025,-1.0
1676,1676,1676,1676,1676,2025-06-01,,Wall Street Journal,Regulatory Compliance Failure,CAC 40,-1.96,327.81,,Industrials,Medium,Intel,https://www.reuters.com/business/retail-sector-earnings,,5,Governance,1,1,2025,
1677,1677,1677,1677,1677,2025-05-06,Dow Jones plunges as market fears recession,Barron's,Antitrust Investigation,S&P/TSX Composite,4.36,128.03,Neutral,Healthcare,Low,Apple Inc.,https://www.bloomberg.com/canada/tsunami-warnings,dow jones plunges as market fears recession,1,Governance,0,0,2025,0.0
1678,1678,1678,1678,1678,2025-04-07,Real Estate sector shows signs of overheating as interest rates fall,Seeking Alpha,Antitrust Investigation,TSX,-1.0,160.93,Neutral,Healthcare,Medium,Ford Motor Company,https://www.moneycontrol.com/us-markets/dow-jones-industrial,real estate sector shows signs of overheating as interest rates fall,5,Governance,1,1,2025,0.0
1679,1679,1679,1679,1679,2025-08-06,Unexpected rise in unemployment fuels market pessimism,The Economist,Environmental Spill,Nikkei 225,1.42,176.99,Positive,Real Estate,Medium,Exxon Mobil,https://www.moneycontrol.com/us-markets/dow-jones-industrial,unexpected rise in unemployment fuels market pessimism,2,Environmental,1,1,2025,1.0
1680,1680,1680,1680,1680,2025-04-09,Market braces for a major policy announcement from the EU,Bloomberg,Antitrust Investigation,DAX,3.24,12.2,Negative,Utilities,Medium,Apple Inc.,https://www.reuters.com/business/retail-sector-earnings,market braces for a major policy announcement from the eu,7,Governance,1,1,2025,-1.0
1681,1681,1681,1681,1681,2025-06-16,Market braces for a major policy announcement from the EU,Economic Times,Regulatory Compliance Failure,CAC 40,-3.2,19.84,Neutral,Real Estate,Low,Microsoft,https://economictimes.indiatimes.com/news/transportation,market braces for a major policy announcement from the eu,15,Governance,0,0,2025,0.0
1682,1682,1682,1682,1682,2025-04-28,A massive data breach sends a tech company's stock tumbling,Mint,Executive Misconduct,S&P/TSX Composite,-4.65,158.67,Neutral,Materials,Medium,Bank of America,https://www.bloomberg.com/australia/asx-200-performance,a massive data breach sends a tech company's stock tumbling,13,Governance,1,1,2025,0.0
1683,1683,1683,1683,1683,2025-07-22,China's Shanghai Composite falls after new trade restrictions,Financial Times,Antitrust Investigation,CAC 40,-2.23,120.02,Negative,Materials,High,General Motors,https://www.investopedia.com/articles/supply-chain-disruption,china's shanghai composite falls after new trade restrictions,11,Governance,2,1,2025,-1.0
1684,1684,1684,1684,1684,2025-02-16,Government spending bill is expected to stimulate the economy,Reuters,Accounting Fraud Investigation,Dow Jones,3.69,422.06,Positive,Real Estate,Low,Chevron Corporation,https://www.moneycontrol.com/us-markets/dow-jones-industrial,government spending bill is expected to stimulate the economy,18,Governance,0,0,2025,1.0
1685,1685,1685,1685,1685,2025-02-04,UK's FTSE 100 sees a boost from favorable trade data,MarketWatch,Executive Misconduct,IBOVESPA,-1.21,114.21,Neutral,Utilities,Medium,Intel,https://www.reuters.com/markets/stocks/tech-rally,uk's ftse 100 sees a boost from favorable trade data,4,Governance,1,1,2025,0.0
1686,1686,1686,1686,1686,2025-04-16,Government spending bill is expected to stimulate the economy,Financial Times,Executive Misconduct,Shanghai Composite,-1.17,165.1,Negative,Consumer Goods,Low,Chevron Corporation,https://www.reuters.com/business/energy/oil-market-update,government spending bill is expected to stimulate the economy,7,Governance,0,0,2025,-1.0
1687,1687,1687,1687,1687,2025-03-22,New IPO for a popular software firm is oversubscribed,Financial Times,Climate Regulation Breach,Dow Jones,,455.86,Positive,Materials,Medium,Chevron Corporation,https://www.moneycontrol.com/india/ipo-news/new-firm-launches,new ipo for a popular software firm is oversubscribed,2,Environmental,1,1,2025,1.0
1688,1688,1688,1688,1688,2025-05-31,Central bank maintains status quo on interest rates,Forbes,Executive Misconduct,NSE Nifty,,421.17,Positive,Aerospace & Defense,Medium,Ford Motor Company,https://www.bloomberg.com/canada/tsunami-warnings,central bank maintains status quo on interest rates,13,Governance,1,1,2025,1.0
1689,1689,1689,1689,1689,2025-06-24,Market braces for a major policy announcement from the EU,The Motley Fool,Accounting Fraud Investigation,TSX,-3.56,263.47,Negative,Transportation,High,Intel,https://www.ft.com/content/consumer-confidence-report,market braces for a major policy announcement from the eu,6,Governance,2,1,2025,-1.0
1690,1690,1690,1690,1690,2025-02-19,Major oil spill sends energy stocks plummeting,CNBC,Labor Rights Violation,Dow Jones,-2.04,384.22,Negative,Consumer Goods,Medium,Exxon Mobil,https://www.marketwatch.com/story/commodities-price-shock,major oil spill sends energy stocks plummeting,3,Social,1,1,2025,-1.0
1691,1691,1691,1691,1691,2025-07-19,Retail sales report surpasses all forecasts,Barron's,Antitrust Investigation,Dow Jones,-1.6,195.39,Negative,Transportation,Low,Intel,https://www.bloomberg.com/australia/asx-200-performance,retail sales report surpasses all forecasts,10,Governance,0,0,2025,-1.0
1692,1692,1692,1692,1692,2025-05-14,Quarterly report shows surprising losses for retail giants,Wall Street Journal,Accounting Fraud Investigation,Euro Stoxx 50,4.88,187.21,Negative,Real Estate,Medium,Exxon Mobil,https://www.business-standard.com/economy/trade-disputes-impact,quarterly report shows surprising losses for retail giants,7,Governance,1,1,2025,-1.0
1693,1693,1693,1693,1693,2025-07-01,Federal Reserve Chairman's speech causes market volatility,Investopedia,Labor Rights Violation,ASX 200,4.37,357.88,Neutral,Pharmaceuticals,Low,Intel,https://www.cnbc.com/2025/09/automotive-industry-trends,federal reserve chairman's speech causes market volatility,19,Social,0,0,2025,0.0
1694,1694,1694,1694,1694,2025-06-21,Supply chain issues impact manufacturing sector earnings,Barron's,Accounting Fraud Investigation,S&P/TSX Composite,,164.67,Neutral,Retail,Medium,Intel,https://www.marketwatch.com/story/consumer-goods-report,supply chain issues impact manufacturing sector earnings,0,Governance,1,1,2025,0.0
1695,1695,1695,1695,1695,2025-04-09,Healthcare stocks gain on robust demand and strong outlook,Bloomberg,Regulatory Compliance Failure,FTSE 100,2.88,331.13,Negative,Consumer Goods,Medium,Chevron Corporation,https://economictimes.indiatimes.com/industry/industrials,healthcare stocks gain on robust demand and strong outlook,9,Governance,1,1,2025,-1.0
1696,1696,1696,1696,1696,2025-05-01,"Global trade talks collapse, causing market turmoil",Investopedia,Executive Misconduct,KOSPI,-2.68,156.67,Positive,Transportation,Low,Apple Inc.,https://www.business-standard.com/economy/trade-disputes-impact,"global trade talks collapse, causing market turmoil",10,Governance,0,0,2025,1.0
1697,1697,1697,1697,1697,2025-03-17,Manufacturing PMI data signals economic expansion,CNBC,Antitrust Investigation,Euro Stoxx 50,-0.21,257.57,Negative,Transportation,High,Ford Motor Company,https://economictimes.indiatimes.com/news/transportation,manufacturing pmi data signals economic expansion,7,Governance,2,1,2025,-1.0
1698,1698,1698,1698,1698,2025-03-03,Quarterly report shows surprising losses for retail giants,The Economist,Executive Misconduct,S&P 500,1.59,107.02,Neutral,Finance,Low,Lockheed Martin,https://www.investopedia.com/articles/supply-chain-disruption,quarterly report shows surprising losses for retail giants,10,Governance,0,0,2025,0.0
1699,1699,1699,1699,1699,2025-08-08,Financial sector bracing for new capital requirements,MarketWatch,Environmental Spill,IBOVESPA,1.15,257.23,Negative,Materials,Low,Ford Motor Company,https://www.ft.com/content/currency-devaluation,financial sector bracing for new capital requirements,2,Environmental,0,0,2025,-1.0
1700,1700,1700,1700,1700,2025-08-09,UK's FTSE 100 sees a boost from favorable trade data,Seeking Alpha,Regulatory Compliance Failure,CAC 40,0.25,386.96,Negative,Retail,Low,Chevron Corporation,https://www.ft.com/content/media-entertainment-merger,uk's ftse 100 sees a boost from favorable trade data,10,Governance,0,0,2025,-1.0
1701,1701,1701,1701,1701,2025-03-08,,Mint,Accounting Fraud Investigation,Shanghai Composite,2.78,316.33,Negative,Healthcare,High,Ford Motor Company,https://www.cnbc.com/2025/10/real-estate-market-analysis,,14,Governance,2,1,2025,-1.0
1702,1702,1702,1702,1702,2025-04-07,Retail sales report surpasses all forecasts,Reuters,Accounting Fraud Investigation,NSE Nifty,3.42,48.36,Positive,Automotive,Low,Chevron Corporation,https://www.ft.com/content/consumer-confidence-report,retail sales report surpasses all forecasts,11,Governance,0,0,2025,1.0
1703,1703,1703,1703,1703,2025-05-14,Aerospace and Defense sector sees rally amid geopolitical tensions,Forbes,Regulatory Compliance Failure,FTSE 100,-3.82,64.13,Negative,Materials,High,Lockheed Martin,https://www.bloomberg.com/middle-east/news/bond-market-fluctuation,aerospace and defense sector sees rally amid geopolitical tensions,4,Governance,2,1,2025,-1.0
1704,1704,1704,1704,1704,2025-08-05,Real Estate sector shows signs of overheating as interest rates fall,The Economist,Regulatory Compliance Failure,Nasdaq Composite,-3.8,49.87,Negative,Aerospace & Defense,High,Bank of America,https://www.ft.com/content/consumer-confidence-report,real estate sector shows signs of overheating as interest rates fall,13,Governance,2,1,2025,-1.0
1705,1705,1705,1705,1705,2025-03-19,Central Bank's dovish tone hints at future rate cuts,Bloomberg,Regulatory Compliance Failure,Russell 2000,-1.16,354.83,Positive,Retail,Medium,Bank of America,https://www.cnbc.com/2025/09/automotive-industry-trends,central bank's dovish tone hints at future rate cuts,5,Governance,1,1,2025,1.0
1706,1706,1706,1706,1706,2025-05-08,Utilities sector remains stable during market fluctuations,Financial Times,Accounting Fraud Investigation,S&P 500,0.17,410.39,Negative,Pharmaceuticals,High,JPMorgan Chase,https://www.wsj.com/europe/regulatory-changes,utilities sector remains stable during market fluctuations,14,Governance,2,1,2025,-1.0
1707,1707,1707,1707,1707,2025-06-28,Market sentiment turns positive on vaccine trial results,Financial Times,Executive Misconduct,BSE Sensex,-2.78,36.2,Positive,Healthcare,Medium,Lockheed Martin,https://www.investopedia.com/articles/supply-chain-disruption,market sentiment turns positive on vaccine trial results,6,Governance,1,1,2025,1.0
1708,1708,1708,1708,1708,2025-06-27,ASX 200 gains on strong export performance,Economic Times,Antitrust Investigation,BSE Sensex,-2.14,273.97,Negative,Transportation,High,Ford Motor Company,https://www.business-standard.com/economy/economic-stimulus,asx 200 gains on strong export performance,14,Governance,2,1,2025,-1.0
1709,1709,1709,1709,1709,2025-05-02,A massive data breach sends a tech company's stock tumbling,Forbes,Executive Misconduct,TSX,-2.28,64.55,Negative,Healthcare,High,Microsoft,https://www.marketwatch.com/story/commodities-price-shock,a massive data breach sends a tech company's stock tumbling,14,Governance,2,1,2025,-1.0
1710,1710,1710,1710,1710,2025-02-03,Nikkei 225 index benefits from a weaker yen,The Economist,Antitrust Investigation,Dow Jones,3.79,69.96,Negative,Automotive,High,Lockheed Martin,https://www.moneycontrol.com/us-markets/dow-jones-industrial,nikkei 225 index benefits from a weaker yen,15,Governance,2,1,2025,-1.0
1711,1711,1711,1711,1711,2025-05-18,Market braces for a major policy announcement from the EU,Yahoo Finance,Accounting Fraud Investigation,TSX,-0.73,370.3,Negative,Automotive,Low,Lockheed Martin,,market braces for a major policy announcement from the eu,16,Governance,0,0,2025,-1.0
1712,1712,1712,1712,1712,2025-06-20,Consumer Discretionary stocks outperform as spending increases,Reuters,Regulatory Compliance Failure,KOSPI,-1.0,123.26,Negative,Technology,Low,JPMorgan Chase,https://www.wsj.com/japan/economic-data-release,consumer discretionary stocks outperform as spending increases,14,Governance,0,0,2025,-1.0
1713,1713,1713,1713,1713,2025-08-06,Market sentiment turns positive on vaccine trial results,The Hindu Business Line,Carbon Emissions Violation,Nikkei 225,1.99,449.25,Negative,Finance,Medium,Ford Motor Company,https://timesofindia.indiatimes.com/business/finance/banking-sector-news,market sentiment turns positive on vaccine trial results,2,Environmental,1,1,2025,-1.0
1714,1714,1714,1714,1714,2025-07-23,Central bank maintains status quo on interest rates,CNBC,Antitrust Investigation,Euro Stoxx 50,4.35,274.79,Positive,Energy,Medium,Apple Inc.,https://economictimes.indiatimes.com/stocks/bse-sensex-plunges,central bank maintains status quo on interest rates,14,Governance,1,1,2025,1.0
1715,1715,1715,1715,1715,2025-06-22,Major technology firm acquires a smaller rival in a multi-billion dollar deal,Wall Street Journal,Water Pollution Incident,ASX 200,-4.09,130.9,Negative,Agriculture,High,Exxon Mobil,https://www.investopedia.com/articles/supply-chain-disruption,major technology firm acquires a smaller rival in a multi billion dollar deal,2,Environmental,2,1,2025,-1.0
1716,1716,1716,1716,1716,2025-07-19,Consumer Discretionary stocks outperform as spending increases,Seeking Alpha,Executive Misconduct,CAC 40,-1.74,483.82,Neutral,Industrials,Medium,Intel,https://www.ft.com/content/consumer-confidence-report,consumer discretionary stocks outperform as spending increases,10,Governance,1,1,2025,0.0
1717,1717,1717,1717,1717,2025-06-21,Consumer confidence index reaches a decade high,Business Standard,Regulatory Compliance Failure,Dow Jones,0.09,414.09,Negative,Materials,Medium,Microsoft,https://www.cnbc.com/2025/09/automotive-industry-trends,consumer confidence index reaches a decade high,7,Governance,1,1,2025,-1.0
1718,1718,1718,1718,1718,2025-05-31,Pharmaceutical company's drug approval drives stock upward,The Hindu Business Line,Executive Misconduct,Nasdaq Composite,4.79,198.4,Neutral,Healthcare,Medium,JPMorgan Chase,https://www.reuters.com/markets/stocks/tech-rally,pharmaceutical company's drug approval drives stock upward,10,Governance,1,1,2025,0.0
1719,1719,1719,1719,1719,2025-08-06,Nikkei 225 index benefits from a weaker yen,Economic Times,Executive Misconduct,Nasdaq Composite,-2.19,103.48,Negative,Real Estate,Low,Exxon Mobil,https://www.wsj.com/china/market-regulation,nikkei 225 index benefits from a weaker yen,16,Governance,0,0,2025,-1.0
1720,1720,1720,1720,1720,2025-02-06,Energy company's dividend hike excites shareholders,Bloomberg,Regulatory Compliance Failure,FTSE 100,3.73,462.0,,Agriculture,Low,Bank of America,https://timesofindia.indiatimes.com/business/finance/banking-sector-news,energy company's dividend hike excites shareholders,5,Governance,0,0,2025,
1721,1721,1721,1721,1721,2025-07-28,Merger talks between two banks fall through,Yahoo Finance,Antitrust Investigation,IBOVESPA,3.79,122.33,Neutral,Materials,Low,Apple Inc.,https://www.ft.com/content/currency-devaluation,merger talks between two banks fall through,11,Governance,0,0,2025,0.0
1722,1722,1722,1722,1722,2025-04-17,A massive data breach sends a tech company's stock tumbling,Yahoo Finance,Accounting Fraud Investigation,KOSPI,-4.82,337.27,Neutral,Media & Entertainment,Low,Apple Inc.,https://www.wsj.com/europe/regulatory-changes,a massive data breach sends a tech company's stock tumbling,14,Governance,0,0,2025,0.0
1723,1723,1723,1723,1723,2025-02-03,Utilities sector remains stable during market fluctuations,Forbes,Antitrust Investigation,CAC 40,-4.74,464.84,Negative,Finance,High,Chevron Corporation,https://www.moneycontrol.com/us-markets/sp-500,utilities sector remains stable during market fluctuations,1,Governance,2,1,2025,-1.0
1724,1724,1724,1724,1724,2025-05-27,Record-high inflation data rattles investors,Yahoo Finance,Accounting Fraud Investigation,Nikkei 225,2.99,108.41,Positive,Telecommunications,Low,Lockheed Martin,https://www.reuters.com/business/energy/oil-market-update,record high inflation data rattles investors,9,Governance,0,0,2025,1.0
1725,1725,1725,1725,1725,2025-04-16,Central Bank's dovish tone hints at future rate cuts,The Motley Fool,Antitrust Investigation,TSX,2.41,359.09,Negative,Media & Entertainment,High,JPMorgan Chase,https://www.reuters.com/markets/stocks/tech-rally,central bank's dovish tone hints at future rate cuts,10,Governance,2,1,2025,-1.0
1726,1726,1726,1726,1726,2025-06-05,Quarterly report shows surprising losses for retail giants,The Motley Fool,Executive Misconduct,FTSE 100,2.18,45.89,Negative,Real Estate,High,Bank of America,https://www.business-standard.com/international-business/trade-policy,quarterly report shows surprising losses for retail giants,18,Governance,2,1,2025,-1.0
1727,1727,1727,1727,1727,2025-02-28,Major oil spill sends energy stocks plummeting,Bloomberg,Regulatory Compliance Failure,Russell 2000,-3.23,273.89,Negative,Real Estate,Medium,General Motors,https://www.ft.com/content/media-entertainment-merger,major oil spill sends energy stocks plummeting,4,Governance,1,1,2025,-1.0
1728,1728,1728,1728,1728,2025-05-27,Tech Giant's New Product Launch Sparks Sector-Wide Gains,Barron's,Accounting Fraud Investigation,Shanghai Composite,-4.9,51.07,Negative,Utilities,High,Microsoft,https://www.business-standard.com/economy/trade-disputes-impact,tech giant's new product launch sparks sector wide gains,16,Governance,2,1,2025,-1.0
1729,1729,1729,1729,1729,2025-03-22,Tech Giant's New Product Launch Sparks Sector-Wide Gains,Reuters,Regulatory Compliance Failure,Dow Jones,-4.47,209.32,Positive,Utilities,Medium,General Motors,,tech giant's new product launch sparks sector wide gains,16,Governance,1,1,2025,1.0
1730,1730,1730,1730,1730,2025-03-04,Unexpected rise in unemployment fuels market pessimism,Barron's,Regulatory Compliance Failure,ASX 200,-2.12,332.47,Negative,Media & Entertainment,Medium,Lockheed Martin,https://timesofindia.indiatimes.com/business/markets/stock-market-crash,unexpected rise in unemployment fuels market pessimism,13,Governance,1,1,2025,-1.0
1731,1731,1731,1731,1731,2025-02-15,Central bank maintains status quo on interest rates,Business Standard,Executive Misconduct,IBOVESPA,3.47,40.12,Negative,Transportation,Low,Apple Inc.,,central bank maintains status quo on interest rates,13,Governance,0,0,2025,-1.0
1732,1732,1732,1732,1732,2025-03-03,Semiconductor shortages weigh heavily on tech sector profits,Yahoo Finance,Regulatory Compliance Failure,Shanghai Composite,3.31,256.94,Negative,Materials,High,Intel,https://www.reuters.com/markets/stocks/tech-rally,semiconductor shortages weigh heavily on tech sector profits,13,Governance,2,1,2025,-1.0
1733,1733,1733,1733,1733,2025-06-28,Healthcare stocks gain on robust demand and strong outlook,Forbes,Antitrust Investigation,NSE Nifty,-1.1,491.67,Negative,Retail,Medium,Bank of America,https://www.moneycontrol.com/us-markets/nasdaq-composite,healthcare stocks gain on robust demand and strong outlook,1,Governance,1,1,2025,-1.0
1734,1734,1734,1734,1734,2025-07-10,Dow Jones plunges as market fears recession,Bloomberg,Executive Misconduct,Dow Jones,3.89,241.89,Neutral,Materials,Medium,Intel,https://www.wsj.com/europe/dax-performance,dow jones plunges as market fears recession,4,Governance,1,1,2025,0.0
1735,1735,1735,1735,1735,2025-03-29,Nikkei 225 index benefits from a weaker yen,Investopedia,Worker Strike,ASX 200,-0.67,384.29,Neutral,Transportation,Medium,General Motors,,nikkei 225 index benefits from a weaker yen,17,Social,1,1,2025,0.0
1736,1736,1736,1736,1736,2025-08-07,Automotive industry faces headwinds from rising material costs,Times of India,Regulatory Compliance Failure,FTSE 100,-3.45,234.23,Positive,Materials,Medium,Apple Inc.,https://www.business-standard.com/finance/corporate-earnings,automotive industry faces headwinds from rising material costs,4,Governance,1,1,2025,1.0
1737,1737,1737,1737,1737,2025-02-27,Government subsidy program gives a lift to the agriculture sector,Business Standard,Antitrust Investigation,Dow Jones,4.44,484.73,Neutral,Automotive,Low,Intel,https://www.wsj.com/china/market-regulation,government subsidy program gives a lift to the agriculture sector,11,Governance,0,0,2025,0.0
1738,1738,1738,1738,1738,2025-04-19,Major technology firm acquires a smaller rival in a multi-billion dollar deal,Financial Times,Regulatory Compliance Failure,Hang Seng,-0.77,269.71,Negative,Finance,High,Bank of America,https://www.marketwatch.com/story/commodities-price-shock,major technology firm acquires a smaller rival in a multi billion dollar deal,13,Governance,2,1,2025,-1.0
1739,1739,1739,1739,1739,2025-03-18,Financial services stocks rally on strong profit margins,Investopedia,Regulatory Compliance Failure,Hang Seng,-3.3,372.35,Negative,Energy,High,Chevron Corporation,https://www.marketwatch.com/story/commodities-price-shock,financial services stocks rally on strong profit margins,14,Governance,2,1,2025,-1.0
1740,1740,1740,1740,1740,2025-05-19,Government policy shift boosts renewable energy sector,Seeking Alpha,Human Rights Allegation,TSX,2.15,13.76,Negative,Construction,Medium,Bank of America,https://www.ft.com/content/tech-sector-innovation,government policy shift boosts renewable energy sector,3,Social,1,1,2025,-1.0
1741,1741,1741,1741,1741,2025-04-19,China's Shanghai Composite falls after new trade restrictions,Financial Times,Human Rights Allegation,IBOVESPA,-3.81,295.17,Negative,Healthcare,Medium,Microsoft,https://www.business-standard.com/economy/trade-disputes-impact,china's shanghai composite falls after new trade restrictions,19,Social,1,1,2025,-1.0
1742,1742,1742,1742,1742,2025-04-07,Energy company's dividend hike excites shareholders,Forbes,Accounting Fraud Investigation,Russell 2000,-2.6,2.62,Negative,Technology,High,General Motors,https://economictimes.indiatimes.com/industry/industrials,energy company's dividend hike excites shareholders,16,Governance,2,1,2025,-1.0
1743,1743,1743,1743,1743,2025-07-22,Financial services stocks rally on strong profit margins,Investopedia,Labor Rights Violation,Russell 2000,-2.67,39.73,Neutral,Industrials,Medium,General Motors,https://www.cnbc.com/2025/10/real-estate-market-analysis,financial services stocks rally on strong profit margins,8,Social,1,1,2025,0.0
1744,1744,1744,1744,1744,2025-03-23,New regulations on cryptocurrencies cause a market dip,Reuters,Antitrust Investigation,Shanghai Composite,4.26,362.3,,Industrials,Medium,JPMorgan Chase,https://www.reuters.com/business/energy/oil-market-update,new regulations on cryptocurrencies cause a market dip,18,Governance,1,1,2025,
1745,1745,1745,1745,1745,2025-02-19,Tech Giant's New Product Launch Sparks Sector-Wide Gains,Barron's,Antitrust Investigation,KOSPI,-3.78,257.44,Negative,Telecommunications,High,Lockheed Martin,https://www.business-standard.com/economy/trade-disputes-impact,tech giant's new product launch sparks sector wide gains,9,Governance,2,1,2025,-1.0
1746,1746,1746,1746,1746,2025-04-23,Federal Reserve Chairman's speech causes market volatility,Mint,Human Rights Allegation,Russell 2000,-3.07,471.57,Neutral,Real Estate,Medium,Lockheed Martin,https://www.reuters.com/markets/indices/nikkei-225,federal reserve chairman's speech causes market volatility,19,Social,1,1,2025,0.0
1747,1747,1747,1747,1747,2025-02-04,Media and Entertainment companies report a surge in streaming revenue,Times of India,Product Safety Recall,IBOVESPA,-4.74,336.47,Neutral,Materials,Medium,General Motors,https://www.moneycontrol.com/india/ipo-news/new-firm-launches,media and entertainment companies report a surge in streaming revenue,19,Social,1,1,2025,0.0
1748,1748,1748,1748,1748,2025-05-04,Healthcare stocks gain on robust demand and strong outlook,The Motley Fool,Climate Regulation Breach,CAC 40,-2.9,191.45,Negative,Telecommunications,High,JPMorgan Chase,https://www.wsj.com/china/market-rally,healthcare stocks gain on robust demand and strong outlook,2,Environmental,2,1,2025,-1.0
1749,1749,1749,1749,1749,2025-05-27,Aerospace and Defense sector sees rally amid geopolitical tensions,MarketWatch,Regulatory Compliance Failure,CAC 40,-1.54,193.71,Negative,Finance,Low,Ford Motor Company,https://www.cnbc.com/2025/08/russia-ukraine-war-economic-impact,aerospace and defense sector sees rally amid geopolitical tensions,6,Governance,0,0,2025,-1.0
1750,1750,1750,1750,1750,2025-04-11,,Yahoo Finance,Antitrust Investigation,Shanghai Composite,5.0,281.82,Negative,Healthcare,Low,Apple Inc.,https://timesofindia.indiatimes.com/business/finance/banking-sector-news,,4,Governance,0,0,2025,-1.0
1751,1751,1751,1751,1751,2025-06-01,Market sentiment turns positive on vaccine trial results,Business Standard,Human Rights Allegation,Euro Stoxx 50,,325.48,Negative,Media & Entertainment,High,Ford Motor Company,https://www.reuters.com/business/retail-sector-earnings,market sentiment turns positive on vaccine trial results,19,Social,2,1,2025,-1.0
1752,1752,1752,1752,1752,2025-03-02,Manufacturing PMI data signals economic expansion,Wall Street Journal,Executive Misconduct,CAC 40,0.59,62.35,Neutral,Construction,Low,Lockheed Martin,https://timesofindia.indiatimes.com/business/agriculture-sector,manufacturing pmi data signals economic expansion,4,Governance,0,0,2025,0.0
1753,1753,1753,1753,1753,2025-03-22,Real Estate sector shows signs of overheating as interest rates fall,Economic Times,Worker Strike,Euro Stoxx 50,2.78,302.4,Neutral,Industrials,Medium,Bank of America,https://www.cnbc.com/2025/09/automotive-industry-trends,real estate sector shows signs of overheating as interest rates fall,3,Social,1,1,2025,0.0
1754,1754,1754,1754,1754,2025-02-26,Energy company's dividend hike excites shareholders,The Motley Fool,Carbon Emissions Violation,Nikkei 225,-3.72,471.65,Positive,Transportation,Medium,Exxon Mobil,,energy company's dividend hike excites shareholders,2,Environmental,1,1,2025,1.0
1755,1755,1755,1755,1755,2025-04-19,Market braces for a major policy announcement from the EU,Times of India,Executive Misconduct,BSE Sensex,1.69,381.18,Negative,Real Estate,High,JPMorgan Chase,https://timesofindia.indiatimes.com/business/corporate-governance,market braces for a major policy announcement from the eu,9,Governance,2,1,2025,-1.0
1756,1756,1756,1756,1756,2025-02-06,Government spending bill is expected to stimulate the economy,Times of India,Labor Rights Violation,KOSPI,0.33,478.24,Positive,Technology,Low,Chevron Corporation,https://www.business-standard.com/international-business/trade-policy,government spending bill is expected to stimulate the economy,3,Social,0,0,2025,1.0
1757,1757,1757,1757,1757,2025-06-03,Semiconductor shortages weigh heavily on tech sector profits,Economic Times,Antitrust Investigation,S&P/TSX Composite,3.19,246.13,Negative,Aerospace & Defense,Medium,Intel,https://www.marketwatch.com/story/commodities-price-shock,semiconductor shortages weigh heavily on tech sector profits,11,Governance,1,1,2025,-1.0
1758,1758,1758,1758,1758,2025-04-16,Central Bank Governor signals potential shift in policy,Yahoo Finance,Accounting Fraud Investigation,Russell 2000,-1.05,146.8,Positive,Automotive,Low,Ford Motor Company,https://www.wsj.com/europe/regulatory-changes,central bank governor signals potential shift in policy,10,Governance,0,0,2025,1.0
1759,1759,1759,1759,1759,2025-05-17,Pharmaceutical company's drug approval drives stock upward,Yahoo Finance,Antitrust Investigation,IBOVESPA,-0.09,345.58,,Utilities,Medium,Lockheed Martin,https://www.theeconomist.com/world/government-policy-announcement,pharmaceutical company's drug approval drives stock upward,18,Governance,1,1,2025,
1760,1760,1760,1760,1760,2025-02-04,Aerospace and Defense sector sees rally amid geopolitical tensions,Reuters,Regulatory Compliance Failure,CAC 40,4.61,108.33,Negative,Industrials,Low,Chevron Corporation,https://www.reuters.com/business/retail-sector-earnings,aerospace and defense sector sees rally amid geopolitical tensions,16,Governance,0,0,2025,-1.0
1761,1761,1761,1761,1761,2025-07-30,Market braces for a major policy announcement from the EU,Bloomberg,Worker Strike,NSE Nifty,-2.58,393.59,Negative,Media & Entertainment,Medium,JPMorgan Chase,https://www.wsj.com/europe/regulatory-changes,market braces for a major policy announcement from the eu,8,Social,1,1,2025,-1.0
1762,1762,1762,1762,1762,2025-06-27,E-commerce earnings report beats all analyst expectations,CNBC,Executive Misconduct,Dow Jones,3.89,54.1,Negative,Telecommunications,Low,Intel,https://timesofindia.indiatimes.com/business/corporate-governance,e commerce earnings report beats all analyst expectations,6,Governance,0,0,2025,-1.0
1763,1763,1763,1763,1763,2025-07-22,Government subsidy program gives a lift to the agriculture sector,Barron's,Executive Misconduct,TSX,0.28,488.25,,Automotive,Medium,JPMorgan Chase,https://www.ft.com/content/geopolitical-summit,government subsidy program gives a lift to the agriculture sector,13,Governance,1,1,2025,
1764,1764,1764,1764,1764,2025-04-01,Real Estate sector shows signs of overheating as interest rates fall,The Economist,Executive Misconduct,Hang Seng,3.52,361.01,Negative,Consumer Goods,Low,Intel,https://www.investopedia.com/articles/supply-chain-disruption,real estate sector shows signs of overheating as interest rates fall,14,Governance,0,0,2025,-1.0
1765,1765,1765,1765,1765,2025-04-07,Government subsidy program gives a lift to the agriculture sector,Wall Street Journal,Regulatory Compliance Failure,Russell 2000,-2.37,221.77,Positive,Industrials,Low,Chevron Corporation,https://economictimes.indiatimes.com/stocks/bse-sensex-plunges,government subsidy program gives a lift to the agriculture sector,7,Governance,0,0,2025,1.0
1766,1766,1766,1766,1766,2025-03-01,Retail sales report surpasses all forecasts,Financial Times,Antitrust Investigation,Hang Seng,3.21,56.73,Negative,Consumer Goods,High,Exxon Mobil,https://economictimes.indiatimes.com/industry/industrials,retail sales report surpasses all forecasts,11,Governance,2,1,2025,-1.0
1767,1767,1767,1767,1767,2025-04-14,Government subsidy program gives a lift to the agriculture sector,Investopedia,Antitrust Investigation,Nikkei 225,2.77,120.52,Positive,Industrials,Low,Intel,https://www.marketwatch.com/story/commodities-price-shock,government subsidy program gives a lift to the agriculture sector,0,Governance,0,0,2025,1.0
1768,1768,1768,1768,1768,2025-06-27,Consumer Discretionary stocks outperform as spending increases,Reuters,Regulatory Compliance Failure,Russell 2000,-0.96,98.5,Negative,Healthcare,High,Apple Inc.,https://economictimes.indiatimes.com/stocks/bse-sensex-plunges,consumer discretionary stocks outperform as spending increases,13,Governance,2,1,2025,-1.0
1769,1769,1769,1769,1769,2025-07-29,Financial sector bracing for new capital requirements,Forbes,Regulatory Compliance Failure,NSE Nifty,3.35,342.15,Negative,Media & Entertainment,Medium,Exxon Mobil,https://www.cnbc.com/2025/10/real-estate-market-analysis,financial sector bracing for new capital requirements,7,Governance,1,1,2025,-1.0
1770,1770,1770,1770,1770,2025-06-16,Dow Jones plunges as market fears recession,MarketWatch,Antitrust Investigation,NSE Nifty,-0.8,238.7,Neutral,Finance,Low,Intel,https://www.moneycontrol.com/us-markets/nasdaq-composite,dow jones plunges as market fears recession,15,Governance,0,0,2025,0.0
1771,1771,1771,1771,1771,2025-03-31,Consumer confidence index reaches a decade high,Forbes,Accounting Fraud Investigation,IBOVESPA,-4.06,173.66,Negative,Aerospace & Defense,Medium,Intel,https://timesofindia.indiatimes.com/business/corporate-governance,consumer confidence index reaches a decade high,14,Governance,1,1,2025,-1.0
1772,1772,1772,1772,1772,2025-02-17,Central Bank Governor signals potential shift in policy,Barron's,Climate Regulation Breach,Hang Seng,-1.03,475.67,Neutral,Industrials,Low,General Motors,https://timesofindia.indiatimes.com/business/agriculture-sector,central bank governor signals potential shift in policy,2,Environmental,0,0,2025,0.0
1773,1773,1773,1773,1773,2025-03-03,New housing data release shows a slowdown in market activity,The Economist,Executive Misconduct,Nikkei 225,-1.56,433.24,Negative,Industrials,High,Ford Motor Company,https://economictimes.indiatimes.com/news/transportation,new housing data release shows a slowdown in market activity,18,Governance,2,1,2025,-1.0
1774,1774,1774,1774,1774,2025-04-24,Government policy shift boosts renewable energy sector,Investopedia,Antitrust Investigation,KOSPI,3.67,205.75,Neutral,Technology,Low,JPMorgan Chase,https://www.bloomberg.com/australia/asx-200-performance,government policy shift boosts renewable energy sector,10,Governance,0,0,2025,0.0
1775,1775,1775,1775,1775,2025-07-04,UK's FTSE 100 sees a boost from favorable trade data,Wall Street Journal,Human Rights Allegation,Shanghai Composite,-0.41,259.78,Negative,Healthcare,High,Chevron Corporation,,uk's ftse 100 sees a boost from favorable trade data,3,Social,2,1,2025,-1.0
1776,1776,1776,1776,1776,2025-08-01,ASX 200 gains on strong export performance,Financial Times,Regulatory Compliance Failure,NSE Nifty,4.82,106.01,Negative,Utilities,Low,General Motors,https://economictimes.indiatimes.com/news/transportation,asx 200 gains on strong export performance,18,Governance,0,0,2025,-1.0
1777,1777,1777,1777,1777,2025-07-21,Government spending bill is expected to stimulate the economy,The Hindu Business Line,Accounting Fraud Investigation,S&P 500,3.95,294.9,Positive,Energy,Medium,Intel,https://www.ft.com/content/tech-sector-innovation,government spending bill is expected to stimulate the economy,16,Governance,1,1,2025,1.0
1778,1778,1778,1778,1778,2025-06-19,Unexpected rise in unemployment fuels market pessimism,Seeking Alpha,Regulatory Compliance Failure,Shanghai Composite,-1.54,73.63,Negative,Telecommunications,High,Apple Inc.,https://timesofindia.indiatimes.com/business/corporate-governance,unexpected rise in unemployment fuels market pessimism,9,Governance,2,1,2025,-1.0
1779,1779,1779,1779,1779,2025-02-27,Central Bank Governor signals potential shift in policy,The Hindu Business Line,Accounting Fraud Investigation,IBOVESPA,-4.0,26.43,Neutral,Technology,Low,Chevron Corporation,https://www.ft.com/content/consumer-confidence-report,central bank governor signals potential shift in policy,14,Governance,0,0,2025,0.0
1780,1780,1780,1780,1780,2025-05-05,Supply chain issues impact manufacturing sector earnings,Investopedia,Carbon Emissions Violation,Russell 2000,0.08,398.95,Negative,Industrials,Low,Chevron Corporation,https://www.business-standard.com/economy/trade-disputes-impact,supply chain issues impact manufacturing sector earnings,2,Environmental,0,0,2025,-1.0
1781,1781,1781,1781,1781,2025-02-06,Pharmaceutical company's drug approval drives stock upward,The Economist,Accounting Fraud Investigation,KOSPI,,66.17,Neutral,Utilities,Low,Bank of America,https://www.cnbc.com/2025/08/russia-ukraine-war-economic-impact,pharmaceutical company's drug approval drives stock upward,18,Governance,0,0,2025,0.0
1782,1782,1782,1782,1782,2025-02-16,Aerospace and Defense sector sees rally amid geopolitical tensions,Forbes,Antitrust Investigation,FTSE 100,3.55,425.49,Positive,Construction,Medium,Apple Inc.,https://www.marketwatch.com/story/consumer-goods-report,aerospace and defense sector sees rally amid geopolitical tensions,14,Governance,1,1,2025,1.0
1783,1783,1783,1783,1783,2025-03-01,E-commerce earnings report beats all analyst expectations,CNBC,Accounting Fraud Investigation,S&P/TSX Composite,0.4,227.55,Negative,Technology,High,Bank of America,https://www.reuters.com/business/retail-sector-earnings,e commerce earnings report beats all analyst expectations,13,Governance,2,1,2025,-1.0
1784,1784,1784,1784,1784,2025-05-13,Merger talks between two banks fall through,Forbes,Product Safety Recall,DAX,2.71,105.75,Negative,Media & Entertainment,High,JPMorgan Chase,https://www.wsj.com/china/market-rally,merger talks between two banks fall through,8,Social,2,1,2025,-1.0
1785,1785,1785,1785,1785,2025-08-06,,Financial Times,Accounting Fraud Investigation,KOSPI,,374.16,Neutral,Aerospace & Defense,Medium,Bank of America,https://timesofindia.indiatimes.com/business/agriculture-sector,,1,Governance,1,1,2025,0.0
1786,1786,1786,1786,1786,2025-08-03,Market braces for a major policy announcement from the EU,Forbes,Executive Misconduct,S&P 500,0.03,441.95,Negative,Industrials,High,Apple Inc.,https://www.cnbc.com/2025/09/automotive-industry-trends,market braces for a major policy announcement from the eu,5,Governance,2,1,2025,-1.0
1787,1787,1787,1787,1787,2025-03-10,Financial services stocks rally on strong profit margins,The Motley Fool,Antitrust Investigation,Euro Stoxx 50,0.65,36.09,Negative,Construction,Medium,Microsoft,https://www.theeconomist.com/world/government-policy-announcement,financial services stocks rally on strong profit margins,5,Governance,1,1,2025,-1.0
1788,1788,1788,1788,1788,2025-02-24,Merger talks between two banks fall through,Seeking Alpha,Accounting Fraud Investigation,FTSE 100,1.31,245.93,Positive,Industrials,Medium,Intel,https://www.reuters.com/business/retail-sector-earnings,merger talks between two banks fall through,11,Governance,1,1,2025,1.0
1789,1789,1789,1789,1789,2025-08-01,Automotive industry faces headwinds from rising material costs,Economic Times,Regulatory Compliance Failure,Nasdaq Composite,3.25,147.71,,Media & Entertainment,Medium,JPMorgan Chase,https://www.business-standard.com/economy/economic-stimulus,automotive industry faces headwinds from rising material costs,14,Governance,1,1,2025,
1790,1790,1790,1790,1790,2025-05-05,Massive stock buyback program announced by a consumer goods company,Financial Times,Product Safety Recall,ASX 200,-1.64,38.58,Negative,Healthcare,High,Exxon Mobil,https://economictimes.indiatimes.com/news/economy/unemployment-rate,massive stock buyback program announced by a consumer goods company,19,Social,2,1,2025,-1.0
1791,1791,1791,1791,1791,2025-04-01,Media and Entertainment companies report a surge in streaming revenue,Economic Times,Human Rights Allegation,TSX,3.04,217.82,Negative,Construction,Low,Bank of America,https://economictimes.indiatimes.com/industry/industrials,media and entertainment companies report a surge in streaming revenue,3,Social,0,0,2025,-1.0
1792,1792,1792,1792,1792,2025-07-10,Federal Reserve Chairman's speech causes market volatility,Economic Times,Antitrust Investigation,DAX,-0.49,289.73,Negative,Media & Entertainment,Low,Ford Motor Company,https://www.reuters.com/markets/indices/ftse-100,federal reserve chairman's speech causes market volatility,18,Governance,0,0,2025,-1.0
1793,1793,1793,1793,1793,2025-05-15,Geopolitical ceasefire prompts a broad market recovery,Barron's,Accounting Fraud Investigation,Dow Jones,-3.03,339.9,Negative,Agriculture,Low,Intel,https://www.moneycontrol.com/us-markets/nasdaq-composite,geopolitical ceasefire prompts a broad market recovery,5,Governance,0,0,2025,-1.0
1794,1794,1794,1794,1794,2025-02-10,Healthcare stocks gain on robust demand and strong outlook,Yahoo Finance,Product Safety Recall,Nikkei 225,2.82,216.04,Negative,Construction,Medium,Lockheed Martin,https://www.business-standard.com/economy/economic-stimulus,healthcare stocks gain on robust demand and strong outlook,17,Social,1,1,2025,-1.0
1795,1795,1795,1795,1795,2025-02-10,Consumer Discretionary stocks outperform as spending increases,Mint,Accounting Fraud Investigation,Shanghai Composite,-1.15,60.21,Negative,Automotive,High,JPMorgan Chase,https://www.business-standard.com/economy/inflation-data,consumer discretionary stocks outperform as spending increases,0,Governance,2,1,2025,-1.0
1796,1796,1796,1796,1796,2025-06-04,Bond yields tumble as investors seek safe havens,Financial Times,Worker Strike,NSE Nifty,4.53,194.82,Positive,Aerospace & Defense,Medium,Apple Inc.,https://www.forbes.com/crypto/cryptocurrency-regulation,bond yields tumble as investors seek safe havens,3,Social,1,1,2025,1.0
1797,1797,1797,1797,1797,2025-03-18,Major oil spill sends energy stocks plummeting,Times of India,Regulatory Compliance Failure,TSX,-4.96,422.29,Neutral,Real Estate,Low,Bank of America,https://www.ft.com/content/tech-sector-innovation,major oil spill sends energy stocks plummeting,16,Governance,0,0,2025,0.0
1798,1798,1798,1798,1798,2025-07-19,New IPO for a popular software firm is oversubscribed,Yahoo Finance,Antitrust Investigation,TSX,3.21,178.47,Positive,Consumer Goods,Low,Microsoft,https://www.wsj.com/europe/regulatory-changes,new ipo for a popular software firm is oversubscribed,18,Governance,0,0,2025,1.0
1799,1799,1799,1799,1799,2025-04-15,,Bloomberg,Regulatory Compliance Failure,Dow Jones,-0.11,231.08,Negative,Aerospace & Defense,High,Intel,https://www.ft.com/content/consumer-confidence-report,,18,Governance,2,1,2025,-1.0
1800,1800,1800,1800,1800,2025-04-13,Pharmaceutical company's drug approval drives stock upward,Reuters,Antitrust Investigation,S&P/TSX Composite,0.82,381.38,Neutral,Real Estate,Medium,Bank of America,https://www.ft.com/content/currency-devaluation,pharmaceutical company's drug approval drives stock upward,10,Governance,1,1,2025,0.0
1801,1801,1801,1801,1801,2025-03-01,Government spending bill is expected to stimulate the economy,Times of India,Product Safety Recall,Nasdaq Composite,-1.99,119.81,Negative,Transportation,Low,JPMorgan Chase,https://www.business-standard.com/international-business/trade-policy,government spending bill is expected to stimulate the economy,3,Social,0,0,2025,-1.0
1802,1802,1802,1802,1802,2025-07-08,Gold prices surge as investors flee riskier assets,The Economist,Antitrust Investigation,ASX 200,-2.77,206.42,Positive,Aerospace & Defense,Medium,Ford Motor Company,https://economictimes.indiatimes.com/news/transportation,gold prices surge as investors flee riskier assets,5,Governance,1,1,2025,1.0
1803,1803,1803,1803,1803,2025-06-10,Geopolitical ceasefire prompts a broad market recovery,MarketWatch,Labor Rights Violation,S&P 500,-2.78,367.69,Negative,Real Estate,Medium,Ford Motor Company,https://www.wsj.com/china/market-regulation,geopolitical ceasefire prompts a broad market recovery,3,Social,1,1,2025,-1.0
1804,1804,1804,1804,1804,2025-05-22,Federal Reserve Chairman's speech causes market volatility,Forbes,Product Safety Recall,Nasdaq Composite,3.32,448.37,Positive,Finance,Medium,Intel,https://economictimes.indiatimes.com/news/transportation,federal reserve chairman's speech causes market volatility,19,Social,1,1,2025,1.0
1805,1805,1805,1805,1805,2025-05-03,Bond yields tumble as investors seek safe havens,The Motley Fool,Worker Strike,Nasdaq Composite,1.85,377.59,Neutral,Industrials,Medium,Ford Motor Company,https://economictimes.indiatimes.com/industry/industrials,bond yields tumble as investors seek safe havens,8,Social,1,1,2025,0.0
1806,1806,1806,1806,1806,2025-07-29,Mining company stock surges on commodity price boom,The Hindu Business Line,Executive Misconduct,Hang Seng,3.17,366.5,Negative,Real Estate,Medium,JPMorgan Chase,https://www.reuters.com/markets/stocks/tech-rally,mining company stock surges on commodity price boom,4,Governance,1,1,2025,-1.0
1807,1807,1807,1807,1807,2025-04-07,,Investopedia,Antitrust Investigation,TSX,2.52,448.86,Neutral,Transportation,Medium,Ford Motor Company,https://www.reuters.com/business/retail-sector-earnings,,4,Governance,1,1,2025,0.0
1808,1808,1808,1808,1808,2025-05-08,E-commerce earnings report beats all analyst expectations,MarketWatch,Product Safety Recall,TSX,-3.0,78.25,Negative,Consumer Goods,High,Bank of America,https://economictimes.indiatimes.com/stocks/bse-sensex-plunges,e commerce earnings report beats all analyst expectations,8,Social,2,1,2025,-1.0
1809,1809,1809,1809,1809,2025-07-17,A massive data breach sends a tech company's stock tumbling,CNBC,Executive Misconduct,IBOVESPA,-1.63,396.09,Negative,Transportation,High,Ford Motor Company,https://www.theeconomist.com/finance-and-economics/trade-tariffs,a massive data breach sends a tech company's stock tumbling,14,Governance,2,1,2025,-1.0
1810,1810,1810,1810,1810,2025-05-28,Manufacturing PMI data signals economic expansion,MarketWatch,Regulatory Compliance Failure,BSE Sensex,4.19,65.24,Positive,Pharmaceuticals,Low,Ford Motor Company,https://www.bloomberg.com/asia/telecommunications-news,manufacturing pmi data signals economic expansion,9,Governance,0,0,2025,1.0
1811,1811,1811,1811,1811,2025-02-01,Merger talks between two banks fall through,Mint,Human Rights Allegation,Shanghai Composite,4.84,321.32,Negative,Utilities,High,Microsoft,https://economictimes.indiatimes.com/industry/industrials,merger talks between two banks fall through,3,Social,2,1,2025,-1.0
1812,1812,1812,1812,1812,2025-03-27,Central bank maintains status quo on interest rates,Mint,Regulatory Compliance Failure,Nasdaq Composite,4.2,43.76,Negative,Consumer Goods,Medium,Microsoft,https://www.moneycontrol.com/us-markets/dow-jones-industrial,central bank maintains status quo on interest rates,9,Governance,1,1,2025,-1.0
1813,1813,1813,1813,1813,2025-06-03,Media and Entertainment companies report a surge in streaming revenue,CNBC,Antitrust Investigation,Nasdaq Composite,1.38,49.66,Neutral,Agriculture,Low,Bank of America,https://www.theeconomist.com/world/government-policy-announcement,media and entertainment companies report a surge in streaming revenue,12,Governance,0,0,2025,0.0
1814,1814,1814,1814,1814,2025-02-24,Market sentiment turns positive on vaccine trial results,Yahoo Finance,Regulatory Compliance Failure,Shanghai Composite,1.33,344.69,Positive,Pharmaceuticals,Medium,Ford Motor Company,https://www.investopedia.com/articles/government-policy-announcement,market sentiment turns positive on vaccine trial results,14,Governance,1,1,2025,1.0
1815,1815,1815,1815,1815,2025-07-25,Geopolitical ceasefire prompts a broad market recovery,Barron's,Human Rights Allegation,Shanghai Composite,-3.36,84.79,Negative,Technology,High,Apple Inc.,https://www.forbes.com/crypto/cryptocurrency-regulation,geopolitical ceasefire prompts a broad market recovery,3,Social,2,1,2025,-1.0
1816,1816,1816,1816,1816,2025-05-02,UK's FTSE 100 sees a boost from favorable trade data,Business Standard,Regulatory Compliance Failure,ASX 200,1.77,190.44,Negative,Retail,High,Ford Motor Company,https://www.business-standard.com/international-business/trade-policy,uk's ftse 100 sees a boost from favorable trade data,18,Governance,2,1,2025,-1.0
1817,1817,1817,1817,1817,2025-03-11,,MarketWatch,Accounting Fraud Investigation,CAC 40,2.43,291.69,,Automotive,Medium,Intel,https://www.reuters.com/business/energy/oil-market-update,,6,Governance,1,1,2025,
1818,1818,1818,1818,1818,2025-07-18,Real Estate sector shows signs of overheating as interest rates fall,Wall Street Journal,Executive Misconduct,Shanghai Composite,4.36,262.87,Negative,Industrials,High,Ford Motor Company,https://www.reuters.com/business/energy/oil-market-update,real estate sector shows signs of overheating as interest rates fall,12,Governance,2,1,2025,-1.0
1819,1819,1819,1819,1819,2025-08-06,Massive stock buyback program announced by a consumer goods company,Reuters,Labor Rights Violation,ASX 200,-2.0,194.94,Negative,Technology,Medium,Ford Motor Company,https://www.reuters.com/markets/stocks/tech-rally,massive stock buyback program announced by a consumer goods company,3,Social,1,1,2025,-1.0
1820,1820,1820,1820,1820,2025-04-07,Major oil spill sends energy stocks plummeting,CNBC,Executive Misconduct,Hang Seng,,83.58,Negative,Transportation,High,Microsoft,https://www.theeconomist.com/world/government-policy-announcement,major oil spill sends energy stocks plummeting,18,Governance,2,1,2025,-1.0
1821,1821,1821,1821,1821,2025-02-04,Healthcare stocks gain on robust demand and strong outlook,The Hindu Business Line,Regulatory Compliance Failure,TSX,-4.86,174.9,Negative,Transportation,Medium,Intel,https://www.investopedia.com/articles/government-policy-announcement,healthcare stocks gain on robust demand and strong outlook,9,Governance,1,1,2025,-1.0
1822,1822,1822,1822,1822,2025-08-11,Government subsidy program gives a lift to the agriculture sector,CNBC,Executive Misconduct,DAX,2.21,173.0,Positive,Telecommunications,Low,General Motors,https://www.moneycontrol.com/us-markets/sp-500,government subsidy program gives a lift to the agriculture sector,4,Governance,0,0,2025,1.0
1823,1823,1823,1823,1823,2025-02-20,A massive data breach sends a tech company's stock tumbling,Investopedia,Regulatory Compliance Failure,FTSE 100,2.5,160.09,Negative,Industrials,High,Intel,https://timesofindia.indiatimes.com/business/agriculture-sector,a massive data breach sends a tech company's stock tumbling,7,Governance,2,1,2025,-1.0
1824,1824,1824,1824,1824,2025-06-28,Central Bank's dovish tone hints at future rate cuts,Investopedia,Regulatory Compliance Failure,KOSPI,3.89,237.12,Negative,Transportation,High,Lockheed Martin,https://www.business-standard.com/economy/inflation-data,central bank's dovish tone hints at future rate cuts,12,Governance,2,1,2025,-1.0
1825,1825,1825,1825,1825,2025-07-25,Central bank maintains status quo on interest rates,Wall Street Journal,Worker Strike,Hang Seng,2.72,483.09,Neutral,Materials,Low,Lockheed Martin,https://www.ft.com/content/consumer-confidence-report,central bank maintains status quo on interest rates,19,Social,0,0,2025,0.0
1826,1826,1826,1826,1826,2025-07-10,,Economic Times,Accounting Fraud Investigation,NSE Nifty,4.26,474.0,Negative,Consumer Goods,Low,JPMorgan Chase,https://www.business-standard.com/finance/corporate-earnings,,14,Governance,0,0,2025,-1.0
1827,1827,1827,1827,1827,2025-06-06,Government policy shift boosts renewable energy sector,The Motley Fool,Executive Misconduct,DAX,3.98,115.61,Negative,Technology,High,Ford Motor Company,https://www.business-standard.com/economy/trade-disputes-impact,government policy shift boosts renewable energy sector,9,Governance,2,1,2025,-1.0
1828,1828,1828,1828,1828,2025-02-05,Real Estate sector shows signs of overheating as interest rates fall,Reuters,Antitrust Investigation,Hang Seng,-4.45,6.55,Neutral,Consumer Goods,Low,Exxon Mobil,https://www.wsj.com/china/market-rally,real estate sector shows signs of overheating as interest rates fall,18,Governance,0,0,2025,0.0
1829,1829,1829,1829,1829,2025-08-06,Market sentiment turns positive on vaccine trial results,Mint,Executive Misconduct,Dow Jones,3.68,446.93,Neutral,Retail,Low,Bank of America,https://www.bloomberg.com/australia/asx-200-performance,market sentiment turns positive on vaccine trial results,14,Governance,0,0,2025,0.0
1830,1830,1830,1830,1830,2025-07-31,Bond yields tumble as investors seek safe havens,Economic Times,Accounting Fraud Investigation,S&P 500,2.86,421.57,Negative,Retail,High,Ford Motor Company,https://www.investopedia.com/articles/supply-chain-disruption,bond yields tumble as investors seek safe havens,13,Governance,2,1,2025,-1.0
1831,1831,1831,1831,1831,2025-05-08,China's Shanghai Composite falls after new trade restrictions,Yahoo Finance,Worker Strike,TSX,2.56,325.93,Negative,Consumer Goods,High,Apple Inc.,,china's shanghai composite falls after new trade restrictions,17,Social,2,1,2025,-1.0
1832,1832,1832,1832,1832,2025-04-20,Quarterly report shows surprising losses for retail giants,The Hindu Business Line,Human Rights Allegation,ASX 200,3.47,320.8,Negative,Finance,High,Intel,https://www.bloomberg.com/australia/asx-200-performance,quarterly report shows surprising losses for retail giants,19,Social,2,1,2025,-1.0
1833,1833,1833,1833,1833,2025-04-04,Tech Giant's New Product Launch Sparks Sector-Wide Gains,Bloomberg,Regulatory Compliance Failure,Dow Jones,2.58,27.35,Negative,Automotive,Medium,Bank of America,https://www.cnbc.com/2025/10/real-estate-market-analysis,tech giant's new product launch sparks sector wide gains,15,Governance,1,1,2025,-1.0
1834,1834,1834,1834,1834,2025-06-03,"Global trade talks collapse, causing market turmoil",Economic Times,Regulatory Compliance Failure,Russell 2000,1.71,478.5,Negative,Industrials,High,Ford Motor Company,https://www.moneycontrol.com/us-markets/sp-500,"global trade talks collapse, causing market turmoil",15,Governance,2,1,2025,-1.0
1835,1835,1835,1835,1835,2025-08-01,Retail sales report surpasses all forecasts,CNBC,Worker Strike,ASX 200,-4.76,466.43,Negative,Telecommunications,Low,Apple Inc.,https://www.bloomberg.com/asia/telecommunications-news,retail sales report surpasses all forecasts,8,Social,0,0,2025,-1.0
1836,1836,1836,1836,1836,2025-02-22,Federal Reserve Chairman's speech causes market volatility,Investopedia,Antitrust Investigation,Russell 2000,-3.52,168.69,Positive,Retail,Medium,Lockheed Martin,https://www.investopedia.com/articles/supply-chain-disruption,federal reserve chairman's speech causes market volatility,12,Governance,1,1,2025,1.0
1837,1837,1837,1837,1837,2025-03-03,UK's FTSE 100 sees a boost from favorable trade data,Reuters,Antitrust Investigation,Dow Jones,2.36,173.1,Negative,Materials,Low,Intel,https://www.moneycontrol.com/us-markets/dow-jones-industrial,uk's ftse 100 sees a boost from favorable trade data,7,Governance,0,0,2025,-1.0
1838,1838,1838,1838,1838,2025-06-02,Energy company's dividend hike excites shareholders,Times of India,Accounting Fraud Investigation,Dow Jones,1.61,331.68,Neutral,Consumer Goods,Medium,Intel,https://www.ft.com/content/consumer-confidence-report,energy company's dividend hike excites shareholders,16,Governance,1,1,2025,0.0
1839,1839,1839,1839,1839,2025-07-15,Tech Giant's New Product Launch Sparks Sector-Wide Gains,MarketWatch,Labor Rights Violation,Nasdaq Composite,0.72,221.54,Positive,Aerospace & Defense,Low,Microsoft,https://www.marketwatch.com/story/commodities-price-shock,tech giant's new product launch sparks sector wide gains,19,Social,0,0,2025,1.0
1840,1840,1840,1840,1840,2025-05-08,Record-high inflation data rattles investors,Investopedia,Antitrust Investigation,S&P/TSX Composite,-0.1,16.64,Negative,Aerospace & Defense,High,JPMorgan Chase,https://www.wsj.com/japan/economic-data-release,record high inflation data rattles investors,7,Governance,2,1,2025,-1.0
1841,1841,1841,1841,1841,2025-02-16,Consumer confidence index reaches a decade high,CNBC,Executive Misconduct,CAC 40,-4.32,57.24,Neutral,Materials,Medium,Ford Motor Company,https://www.reuters.com/markets/stocks/tech-rally,consumer confidence index reaches a decade high,9,Governance,1,1,2025,0.0
1842,1842,1842,1842,1842,2025-05-19,Major technology firm acquires a smaller rival in a multi-billion dollar deal,Bloomberg,Executive Misconduct,Nikkei 225,-1.63,343.34,Positive,Finance,Medium,Bank of America,,major technology firm acquires a smaller rival in a multi billion dollar deal,14,Governance,1,1,2025,1.0
1843,1843,1843,1843,1843,2025-02-22,E-commerce earnings report beats all analyst expectations,Barron's,Water Pollution Incident,S&P 500,-0.68,171.42,Negative,Agriculture,High,Bank of America,,e commerce earnings report beats all analyst expectations,2,Environmental,2,1,2025,-1.0
1844,1844,1844,1844,1844,2025-03-06,E-commerce earnings report beats all analyst expectations,Wall Street Journal,Executive Misconduct,Shanghai Composite,-0.63,332.93,Positive,Pharmaceuticals,Low,Apple Inc.,https://www.ft.com/content/consumer-confidence-report,e commerce earnings report beats all analyst expectations,7,Governance,0,0,2025,1.0
1845,1845,1845,1845,1845,2025-07-30,Media and Entertainment companies report a surge in streaming revenue,The Economist,Accounting Fraud Investigation,Shanghai Composite,3.29,34.46,Negative,Industrials,High,Ford Motor Company,https://www.bloomberg.com/australia/asx-200-performance,media and entertainment companies report a surge in streaming revenue,4,Governance,2,1,2025,-1.0
1846,1846,1846,1846,1846,2025-07-17,,The Hindu Business Line,Worker Strike,TSX,-0.4,8.34,Neutral,Finance,Medium,Microsoft,https://timesofindia.indiatimes.com/business/corporate-governance,,19,Social,1,1,2025,0.0
1847,1847,1847,1847,1847,2025-07-21,Unexpected rise in unemployment fuels market pessimism,Wall Street Journal,Accounting Fraud Investigation,KOSPI,1.06,204.24,Neutral,Retail,Medium,Apple Inc.,https://www.moneycontrol.com/us-markets/nasdaq-composite,unexpected rise in unemployment fuels market pessimism,12,Governance,1,1,2025,0.0
1848,1848,1848,1848,1848,2025-07-11,Retail sales report surpasses all forecasts,The Economist,Regulatory Compliance Failure,Dow Jones,-2.32,144.84,Negative,Aerospace & Defense,High,Microsoft,,retail sales report surpasses all forecasts,15,Governance,2,1,2025,-1.0
1849,1849,1849,1849,1849,2025-02-09,Tech Giant's New Product Launch Sparks Sector-Wide Gains,MarketWatch,Regulatory Compliance Failure,Euro Stoxx 50,2.92,459.13,Neutral,Agriculture,Medium,Lockheed Martin,https://www.moneycontrol.com/india/ipo-news/new-firm-launches,tech giant's new product launch sparks sector wide gains,10,Governance,1,1,2025,0.0
1850,1850,1850,1850,1850,2025-04-13,Nikkei 225 index benefits from a weaker yen,The Hindu Business Line,Accounting Fraud Investigation,IBOVESPA,1.93,223.1,Positive,Utilities,Low,General Motors,https://www.forbes.com/crypto/cryptocurrency-regulation,nikkei 225 index benefits from a weaker yen,9,Governance,0,0,2025,1.0
1851,1851,1851,1851,1851,2025-02-25,Tech Giant's New Product Launch Sparks Sector-Wide Gains,Economic Times,Water Pollution Incident,S&P/TSX Composite,-0.7,463.32,Negative,Real Estate,Low,Bank of America,https://www.cnbc.com/2025/09/automotive-industry-trends,tech giant's new product launch sparks sector wide gains,2,Environmental,0,0,2025,-1.0
1852,1852,1852,1852,1852,2025-03-28,Market sentiment turns positive on vaccine trial results,The Motley Fool,Antitrust Investigation,ASX 200,-3.06,478.1,Negative,Materials,High,General Motors,https://www.business-standard.com/economy/inflation-data,market sentiment turns positive on vaccine trial results,6,Governance,2,1,2025,-1.0
1853,1853,1853,1853,1853,2025-07-04,Semiconductor shortages weigh heavily on tech sector profits,Business Standard,Regulatory Compliance Failure,Russell 2000,2.91,335.87,Negative,Retail,Low,Lockheed Martin,https://www.reuters.com/business/retail-sector-earnings,semiconductor shortages weigh heavily on tech sector profits,12,Governance,0,0,2025,-1.0
1854,1854,1854,1854,1854,2025-04-23,New IPO for a popular software firm is oversubscribed,Times of India,Human Rights Allegation,Euro Stoxx 50,-2.14,382.42,Positive,Transportation,Medium,Exxon Mobil,https://www.business-standard.com/economy/economic-stimulus,new ipo for a popular software firm is oversubscribed,19,Social,1,1,2025,1.0
1855,1855,1855,1855,1855,2025-06-28,Gold prices surge as investors flee riskier assets,CNBC,Environmental Spill,CAC 40,-4.46,93.8,Neutral,Utilities,Medium,Bank of America,https://www.marketwatch.com/story/commodities-price-shock,gold prices surge as investors flee riskier assets,2,Environmental,1,1,2025,0.0
1856,1856,1856,1856,1856,2025-02-05,Bond yields tumble as investors seek safe havens,The Hindu Business Line,Labor Rights Violation,CAC 40,4.62,216.86,Neutral,Automotive,Low,Exxon Mobil,https://www.ft.com/content/tech-sector-innovation,bond yields tumble as investors seek safe havens,19,Social,0,0,2025,0.0
1857,1857,1857,1857,1857,2025-05-31,Merger talks between two banks fall through,Yahoo Finance,Accounting Fraud Investigation,Shanghai Composite,-3.5,64.83,Negative,Automotive,High,Exxon Mobil,https://www.cnbc.com/2025/11/major-merger-deal-approved,merger talks between two banks fall through,1,Governance,2,1,2025,-1.0
1858,1858,1858,1858,1858,2025-03-19,New IPO for a popular software firm is oversubscribed,Investopedia,Executive Misconduct,FTSE 100,-0.48,217.24,Negative,Telecommunications,High,Intel,https://www.reuters.com/business/retail-sector-earnings,new ipo for a popular software firm is oversubscribed,7,Governance,2,1,2025,-1.0
1859,1859,1859,1859,1859,2025-04-09,Major oil spill sends energy stocks plummeting,Mint,Carbon Emissions Violation,S&P/TSX Composite,4.36,255.33,Negative,Automotive,High,Lockheed Martin,https://www.moneycontrol.com/us-markets/nasdaq-composite,major oil spill sends energy stocks plummeting,2,Environmental,2,1,2025,-1.0
1860,1860,1860,1860,1860,2025-04-01,Crude oil prices drop to a multi-year low,Barron's,Antitrust Investigation,Dow Jones,1.96,52.9,Neutral,Construction,Medium,Bank of America,https://timesofindia.indiatimes.com/business/corporate-governance,crude oil prices drop to a multi year low,14,Governance,1,1,2025,0.0
1861,1861,1861,1861,1861,2025-04-30,Market sentiment turns positive on vaccine trial results,MarketWatch,Human Rights Allegation,BSE Sensex,-0.7,75.6,Positive,Retail,Medium,Exxon Mobil,https://www.wsj.com/china/market-regulation,market sentiment turns positive on vaccine trial results,8,Social,1,1,2025,1.0
1862,1862,1862,1862,1862,2025-02-01,Semiconductor shortages weigh heavily on tech sector profits,Seeking Alpha,Antitrust Investigation,Hang Seng,2.62,225.9,Negative,Industrials,High,Bank of America,https://www.cnbc.com/2025/10/real-estate-market-analysis,semiconductor shortages weigh heavily on tech sector profits,16,Governance,2,1,2025,-1.0
1863,1863,1863,1863,1863,2025-06-18,Bond yields tumble as investors seek safe havens,Economic Times,Executive Misconduct,Euro Stoxx 50,2.56,221.42,Positive,Retail,Low,Bank of America,https://www.reuters.com/business/retail-sector-earnings,bond yields tumble as investors seek safe havens,11,Governance,0,0,2025,1.0
1864,1864,1864,1864,1864,2025-03-20,Geopolitical ceasefire prompts a broad market recovery,Barron's,Human Rights Allegation,Hang Seng,4.37,110.5,Negative,Finance,Low,Bank of America,https://www.bloomberg.com/canada/tsunami-warnings,geopolitical ceasefire prompts a broad market recovery,19,Social,0,0,2025,-1.0
1865,1865,1865,1865,1865,2025-04-12,"Global trade talks collapse, causing market turmoil",Economic Times,Antitrust Investigation,FTSE 100,1.41,383.63,Positive,Consumer Goods,Medium,Microsoft,https://www.bloomberg.com/asia/telecommunications-news,"global trade talks collapse, causing market turmoil",6,Governance,1,1,2025,1.0
1866,1866,1866,1866,1866,2025-03-02,E-commerce earnings report beats all analyst expectations,Business Standard,Accounting Fraud Investigation,S&P 500,0.87,459.79,Negative,Energy,High,Exxon Mobil,https://www.business-standard.com/economy/inflation-data,e commerce earnings report beats all analyst expectations,16,Governance,2,1,2025,-1.0
1867,1867,1867,1867,1867,2025-04-08,New regulations on cryptocurrencies cause a market dip,MarketWatch,Executive Misconduct,Nasdaq Composite,-0.09,252.81,Negative,Transportation,High,Ford Motor Company,https://www.ft.com/content/currency-devaluation,new regulations on cryptocurrencies cause a market dip,18,Governance,2,1,2025,-1.0
1868,1868,1868,1868,1868,2025-02-24,Federal Reserve Chairman's speech causes market volatility,Seeking Alpha,Labor Rights Violation,IBOVESPA,,342.7,Negative,Utilities,Medium,Intel,https://www.business-standard.com/economy/trade-disputes-impact,federal reserve chairman's speech causes market volatility,17,Social,1,1,2025,-1.0
1869,1869,1869,1869,1869,2025-08-07,Manufacturing PMI data signals economic expansion,Forbes,Antitrust Investigation,Nikkei 225,2.54,195.32,Negative,Real Estate,High,Intel,https://www.forbes.com/finance/geopolitical-event-impact,manufacturing pmi data signals economic expansion,11,Governance,2,1,2025,-1.0
1870,1870,1870,1870,1870,2025-04-26,Record-high inflation data rattles investors,CNBC,Accounting Fraud Investigation,S&P 500,-4.3,492.53,Neutral,Energy,Medium,Exxon Mobil,https://www.ft.com/content/geopolitical-summit,record high inflation data rattles investors,11,Governance,1,1,2025,0.0
1871,1871,1871,1871,1871,2025-02-22,Major technology firm acquires a smaller rival in a multi-billion dollar deal,CNBC,Accounting Fraud Investigation,Dow Jones,1.76,421.83,Negative,Finance,High,Intel,https://www.moneycontrol.com/us-markets/nasdaq-composite,major technology firm acquires a smaller rival in a multi billion dollar deal,10,Governance,2,1,2025,-1.0
1872,1872,1872,1872,1872,2025-03-25,Automotive industry faces headwinds from rising material costs,Wall Street Journal,Executive Misconduct,Euro Stoxx 50,-3.45,51.75,Neutral,Transportation,Medium,Bank of America,https://www.cnbc.com/2025/12/healthcare-sector-outlook,automotive industry faces headwinds from rising material costs,15,Governance,1,1,2025,0.0
1873,1873,1873,1873,1873,2025-04-17,Nikkei 225 index benefits from a weaker yen,Financial Times,Antitrust Investigation,Nasdaq Composite,-3.24,109.65,Negative,Consumer Goods,High,Ford Motor Company,https://www.investopedia.com/articles/supply-chain-disruption,nikkei 225 index benefits from a weaker yen,12,Governance,2,1,2025,-1.0
1874,1874,1874,1874,1874,2025-02-20,Market braces for a major policy announcement from the EU,Mint,Accounting Fraud Investigation,IBOVESPA,4.07,230.88,Neutral,Utilities,Low,Exxon Mobil,https://www.reuters.com/markets/indices/ftse-100,market braces for a major policy announcement from the eu,11,Governance,0,0,2025,0.0
1875,1875,1875,1875,1875,2025-06-11,Bond yields tumble as investors seek safe havens,Bloomberg,Human Rights Allegation,Nikkei 225,2.53,1.63,Negative,Agriculture,High,Apple Inc.,https://www.bloomberg.com/middle-east/news/bond-market-fluctuation,bond yields tumble as investors seek safe havens,8,Social,2,1,2025,-1.0
1876,1876,1876,1876,1876,2025-06-25,Automotive industry faces headwinds from rising material costs,The Economist,Antitrust Investigation,BSE Sensex,3.08,16.48,Positive,Telecommunications,Low,General Motors,https://www.business-standard.com/economy/inflation-data,automotive industry faces headwinds from rising material costs,7,Governance,0,0,2025,1.0
1877,1877,1877,1877,1877,2025-04-22,Financial sector bracing for new capital requirements,Financial Times,Labor Rights Violation,IBOVESPA,-0.09,9.92,Negative,Automotive,High,Intel,https://www.moneycontrol.com/india/ipo-news/new-firm-launches,financial sector bracing for new capital requirements,19,Social,2,1,2025,-1.0
1878,1878,1878,1878,1878,2025-02-11,Aerospace and Defense sector sees rally amid geopolitical tensions,MarketWatch,Regulatory Compliance Failure,Hang Seng,0.08,478.29,Neutral,Retail,Medium,Lockheed Martin,https://www.bloomberg.com/canada/tsunami-warnings,aerospace and defense sector sees rally amid geopolitical tensions,1,Governance,1,1,2025,0.0
1879,1879,1879,1879,1879,2025-03-14,China's Shanghai Composite falls after new trade restrictions,Business Standard,Regulatory Compliance Failure,Hang Seng,-1.14,482.98,Negative,Aerospace & Defense,Medium,Apple Inc.,https://www.ft.com/content/tech-sector-innovation,china's shanghai composite falls after new trade restrictions,10,Governance,1,1,2025,-1.0
1880,1880,1880,1880,1880,2025-07-16,Consumer confidence index reaches a decade high,MarketWatch,Product Safety Recall,CAC 40,2.13,125.65,Negative,Transportation,Low,Bank of America,https://economictimes.indiatimes.com/news/economy/unemployment-rate,consumer confidence index reaches a decade high,17,Social,0,0,2025,-1.0
1881,1881,1881,1881,1881,2025-04-26,Pharmaceutical company's drug approval drives stock upward,Reuters,Regulatory Compliance Failure,KOSPI,3.17,468.67,,Materials,Medium,Microsoft,https://www.reuters.com/markets/stocks/tech-rally,pharmaceutical company's drug approval drives stock upward,4,Governance,1,1,2025,
1882,1882,1882,1882,1882,2025-07-08,Healthcare stocks gain on robust demand and strong outlook,Investopedia,Accounting Fraud Investigation,IBOVESPA,-4.66,355.46,Negative,Transportation,High,General Motors,https://www.wsj.com/china/market-regulation,healthcare stocks gain on robust demand and strong outlook,5,Governance,2,1,2025,-1.0
1883,1883,1883,1883,1883,2025-03-18,Aerospace and Defense sector sees rally amid geopolitical tensions,Seeking Alpha,Accounting Fraud Investigation,NSE Nifty,-3.45,448.79,Negative,Telecommunications,Medium,Bank of America,https://www.business-standard.com/economy/trade-disputes-impact,aerospace and defense sector sees rally amid geopolitical tensions,12,Governance,1,1,2025,-1.0
1884,1884,1884,1884,1884,2025-05-28,Nikkei 225 index benefits from a weaker yen,Reuters,Worker Strike,Shanghai Composite,-2.86,116.95,Negative,Automotive,High,JPMorgan Chase,https://www.wsj.com/europe/regulatory-changes,nikkei 225 index benefits from a weaker yen,3,Social,2,1,2025,-1.0
1885,1885,1885,1885,1885,2025-04-01,New IPO for a popular software firm is oversubscribed,Financial Times,Human Rights Allegation,IBOVESPA,1.24,423.38,Neutral,Finance,Low,Ford Motor Company,https://www.wsj.com/europe/regulatory-changes,new ipo for a popular software firm is oversubscribed,17,Social,0,0,2025,0.0
1886,1886,1886,1886,1886,2025-06-08,New regulations on cryptocurrencies cause a market dip,Wall Street Journal,Labor Rights Violation,NSE Nifty,3.83,133.94,Negative,Automotive,High,Chevron Corporation,https://www.reuters.com/markets/stocks/tech-rally,new regulations on cryptocurrencies cause a market dip,3,Social,2,1,2025,-1.0
1887,1887,1887,1887,1887,2025-03-20,Record-high inflation data rattles investors,Financial Times,Antitrust Investigation,Russell 2000,1.0,171.18,Positive,Consumer Goods,Medium,Intel,https://www.forbes.com/crypto/cryptocurrency-regulation,record high inflation data rattles investors,0,Governance,1,1,2025,1.0
1888,1888,1888,1888,1888,2025-03-17,Aerospace and Defense sector sees rally amid geopolitical tensions,CNBC,Antitrust Investigation,Hang Seng,2.97,6.74,,Telecommunications,Medium,Exxon Mobil,https://www.bloomberg.com/australia/asx-200-performance,aerospace and defense sector sees rally amid geopolitical tensions,11,Governance,1,1,2025,
1889,1889,1889,1889,1889,2025-08-06,Utilities sector remains stable during market fluctuations,Seeking Alpha,Antitrust Investigation,NSE Nifty,-1.16,127.25,Positive,Industrials,Medium,Bank of America,https://www.ft.com/content/currency-devaluation,utilities sector remains stable during market fluctuations,12,Governance,1,1,2025,1.0
1890,1890,1890,1890,1890,2025-06-29,Major technology firm acquires a smaller rival in a multi-billion dollar deal,Wall Street Journal,Executive Misconduct,Euro Stoxx 50,0.92,354.46,Negative,Pharmaceuticals,High,Microsoft,https://www.cnbc.com/2025/10/real-estate-market-analysis,major technology firm acquires a smaller rival in a multi billion dollar deal,13,Governance,2,1,2025,-1.0
1891,1891,1891,1891,1891,2025-04-14,Dow Jones plunges as market fears recession,Times of India,Regulatory Compliance Failure,Euro Stoxx 50,3.26,20.97,Neutral,Agriculture,Medium,Exxon Mobil,https://www.business-standard.com/economy/inflation-data,dow jones plunges as market fears recession,18,Governance,1,1,2025,0.0
1892,1892,1892,1892,1892,2025-04-26,Market sentiment turns positive on vaccine trial results,MarketWatch,Executive Misconduct,Dow Jones,-0.1,170.1,Neutral,Pharmaceuticals,Low,Microsoft,https://www.business-standard.com/economy/trade-disputes-impact,market sentiment turns positive on vaccine trial results,15,Governance,0,0,2025,0.0
1893,1893,1893,1893,1893,2025-06-02,Government subsidy program gives a lift to the agriculture sector,Wall Street Journal,Worker Strike,TSX,-2.62,147.82,Negative,Industrials,Medium,Lockheed Martin,https://timesofindia.indiatimes.com/business/agriculture-sector,government subsidy program gives a lift to the agriculture sector,17,Social,1,1,2025,-1.0
1894,1894,1894,1894,1894,2025-05-17,Merger talks between two banks fall through,Mint,Human Rights Allegation,ASX 200,2.79,212.11,Neutral,Real Estate,Low,Lockheed Martin,https://www.reuters.com/markets/indices/nikkei-225,merger talks between two banks fall through,8,Social,0,0,2025,0.0
1895,1895,1895,1895,1895,2025-07-18,Bond yields tumble as investors seek safe havens,The Motley Fool,Product Safety Recall,Nasdaq Composite,-1.81,312.4,Negative,Consumer Goods,High,Bank of America,https://www.reuters.com/business/retail-sector-earnings,bond yields tumble as investors seek safe havens,8,Social,2,1,2025,-1.0
1896,1896,1896,1896,1896,2025-05-30,,The Economist,Antitrust Investigation,KOSPI,-1.96,302.03,Negative,Agriculture,High,Chevron Corporation,https://economictimes.indiatimes.com/stocks/bse-sensex-plunges,,18,Governance,2,1,2025,-1.0
1897,1897,1897,1897,1897,2025-02-08,A massive data breach sends a tech company's stock tumbling,The Motley Fool,Accounting Fraud Investigation,S&P/TSX Composite,-1.49,45.37,Negative,Energy,High,Bank of America,https://www.reuters.com/markets/stocks/tech-rally,a massive data breach sends a tech company's stock tumbling,7,Governance,2,1,2025,-1.0
1898,1898,1898,1898,1898,2025-03-08,Record-high inflation data rattles investors,Times of India,Regulatory Compliance Failure,Euro Stoxx 50,-4.08,208.92,Positive,Automotive,Medium,Apple Inc.,https://www.wsj.com/europe/dax-performance,record high inflation data rattles investors,9,Governance,1,1,2025,1.0
1899,1899,1899,1899,1899,2025-03-02,A massive data breach sends a tech company's stock tumbling,Barron's,Accounting Fraud Investigation,IBOVESPA,-4.21,193.1,Negative,Agriculture,Medium,Lockheed Martin,https://www.ft.com/content/consumer-confidence-report,a massive data breach sends a tech company's stock tumbling,10,Governance,1,1,2025,-1.0
1900,1900,1900,1900,1900,2025-02-26,Dow Jones plunges as market fears recession,Seeking Alpha,Accounting Fraud Investigation,TSX,-4.22,219.31,Negative,Finance,High,JPMorgan Chase,https://economictimes.indiatimes.com/news/economy/unemployment-rate,dow jones plunges as market fears recession,18,Governance,2,1,2025,-1.0
1901,1901,1901,1901,1901,2025-04-23,Major technology firm acquires a smaller rival in a multi-billion dollar deal,Bloomberg,Human Rights Allegation,S&P 500,4.53,342.06,Negative,Media & Entertainment,High,Chevron Corporation,https://economictimes.indiatimes.com/stocks/bse-sensex-plunges,major technology firm acquires a smaller rival in a multi billion dollar deal,8,Social,2,1,2025,-1.0
1902,1902,1902,1902,1902,2025-04-17,ASX 200 gains on strong export performance,Wall Street Journal,Regulatory Compliance Failure,Nikkei 225,1.39,384.45,Negative,Aerospace & Defense,High,Exxon Mobil,https://timesofindia.indiatimes.com/business/agriculture-sector,asx 200 gains on strong export performance,12,Governance,2,1,2025,-1.0
1903,1903,1903,1903,1903,2025-07-18,New housing data release shows a slowdown in market activity,The Economist,Executive Misconduct,Hang Seng,-4.54,75.44,Neutral,Telecommunications,Medium,Bank of America,https://www.moneycontrol.com/india/ipo-news/new-firm-launches,new housing data release shows a slowdown in market activity,18,Governance,1,1,2025,0.0
1904,1904,1904,1904,1904,2025-03-29,Automotive industry faces headwinds from rising material costs,Reuters,Human Rights Allegation,Dow Jones,-2.16,436.69,Negative,Utilities,High,Microsoft,https://www.ft.com/content/geopolitical-summit,automotive industry faces headwinds from rising material costs,17,Social,2,1,2025,-1.0
1905,1905,1905,1905,1905,2025-03-12,Federal Reserve Chairman's speech causes market volatility,Forbes,Executive Misconduct,S&P 500,0.89,312.06,Positive,Energy,Medium,JPMorgan Chase,https://www.ft.com/content/geopolitical-summit,federal reserve chairman's speech causes market volatility,10,Governance,1,1,2025,1.0
1906,1906,1906,1906,1906,2025-05-01,Automotive industry faces headwinds from rising material costs,The Economist,Product Safety Recall,BSE Sensex,-0.41,419.4,Neutral,Aerospace & Defense,Low,General Motors,,automotive industry faces headwinds from rising material costs,3,Social,0,0,2025,0.0
1907,1907,1907,1907,1907,2025-04-26,Consumer Discretionary stocks outperform as spending increases,Reuters,Regulatory Compliance Failure,S&P 500,1.5,191.82,Negative,Pharmaceuticals,High,Bank of America,https://www.marketwatch.com/story/consumer-goods-report,consumer discretionary stocks outperform as spending increases,10,Governance,2,1,2025,-1.0
1908,1908,1908,1908,1908,2025-04-13,Semiconductor shortages weigh heavily on tech sector profits,Wall Street Journal,Antitrust Investigation,S&P 500,-4.85,208.71,Negative,Telecommunications,High,Intel,https://www.business-standard.com/economy/trade-disputes-impact,semiconductor shortages weigh heavily on tech sector profits,1,Governance,2,1,2025,-1.0
1909,1909,1909,1909,1909,2025-05-15,Semiconductor shortages weigh heavily on tech sector profits,Forbes,Antitrust Investigation,KOSPI,-2.95,384.72,Neutral,Media & Entertainment,Medium,Chevron Corporation,https://www.investopedia.com/articles/supply-chain-disruption,semiconductor shortages weigh heavily on tech sector profits,12,Governance,1,1,2025,0.0
1910,1910,1910,1910,1910,2025-05-20,Tech Giant's New Product Launch Sparks Sector-Wide Gains,Business Standard,Labor Rights Violation,CAC 40,0.69,264.14,Neutral,Consumer Goods,Low,Lockheed Martin,https://timesofindia.indiatimes.com/business/agriculture-sector,tech giant's new product launch sparks sector wide gains,8,Social,0,0,2025,0.0
1911,1911,1911,1911,1911,2025-06-21,Supply chain issues impact manufacturing sector earnings,Mint,Labor Rights Violation,S&P 500,-1.75,221.74,Negative,Healthcare,High,Intel,https://www.ft.com/content/media-entertainment-merger,supply chain issues impact manufacturing sector earnings,19,Social,2,1,2025,-1.0
1912,1912,1912,1912,1912,2025-02-11,Major technology firm acquires a smaller rival in a multi-billion dollar deal,Economic Times,Worker Strike,IBOVESPA,1.96,3.51,Negative,Automotive,High,Intel,https://www.bloomberg.com/australia/asx-200-performance,major technology firm acquires a smaller rival in a multi billion dollar deal,3,Social,2,1,2025,-1.0
1913,1913,1913,1913,1913,2025-06-22,Quarterly report shows surprising losses for retail giants,CNBC,Accounting Fraud Investigation,KOSPI,-4.12,95.59,Negative,Telecommunications,High,Bank of America,https://www.ft.com/content/consumer-confidence-report,quarterly report shows surprising losses for retail giants,1,Governance,2,1,2025,-1.0
1914,1914,1914,1914,1914,2025-02-13,Pharmaceutical company's drug approval drives stock upward,Business Standard,Executive Misconduct,Nasdaq Composite,4.96,2.5,Positive,Transportation,Medium,Lockheed Martin,https://www.ft.com/content/currency-devaluation,pharmaceutical company's drug approval drives stock upward,6,Governance,1,1,2025,1.0
1915,1915,1915,1915,1915,2025-03-08,,Reuters,Worker Strike,Russell 2000,0.82,9.63,Negative,Industrials,Low,Chevron Corporation,https://timesofindia.indiatimes.com/business/agriculture-sector,,3,Social,0,0,2025,-1.0
1916,1916,1916,1916,1916,2025-06-05,,Forbes,Regulatory Compliance Failure,TSX,3.01,250.5,Neutral,Real Estate,Low,Chevron Corporation,https://www.bloomberg.com/australia/asx-200-performance,,0,Governance,0,0,2025,0.0
1917,1917,1917,1917,1917,2025-06-15,Financial services stocks rally on strong profit margins,CNBC,Carbon Emissions Violation,NSE Nifty,-0.62,22.76,Neutral,Automotive,Low,Chevron Corporation,https://www.ft.com/content/geopolitical-summit,financial services stocks rally on strong profit margins,2,Environmental,0,0,2025,0.0
1918,1918,1918,1918,1918,2025-02-11,Media and Entertainment companies report a surge in streaming revenue,Business Standard,Accounting Fraud Investigation,Euro Stoxx 50,-3.42,351.47,,Media & Entertainment,Medium,JPMorgan Chase,https://www.ft.com/content/currency-devaluation,media and entertainment companies report a surge in streaming revenue,15,Governance,1,1,2025,
1919,1919,1919,1919,1919,2025-04-24,Unexpected rise in unemployment fuels market pessimism,Business Standard,Antitrust Investigation,Nikkei 225,-3.14,59.24,Negative,Media & Entertainment,Medium,JPMorgan Chase,https://timesofindia.indiatimes.com/business/agriculture-sector,unexpected rise in unemployment fuels market pessimism,6,Governance,1,1,2025,-1.0
1920,1920,1920,1920,1920,2025-03-22,Tech Giant's New Product Launch Sparks Sector-Wide Gains,Seeking Alpha,Executive Misconduct,S&P 500,2.08,21.86,Negative,Pharmaceuticals,High,Microsoft,https://www.cnbc.com/2025/10/real-estate-market-analysis,tech giant's new product launch sparks sector wide gains,1,Governance,2,1,2025,-1.0
1921,1921,1921,1921,1921,2025-05-21,Semiconductor shortages weigh heavily on tech sector profits,Investopedia,Labor Rights Violation,BSE Sensex,-0.0,33.11,Negative,Finance,Medium,Lockheed Martin,https://www.cnbc.com/2025/08/russia-ukraine-war-economic-impact,semiconductor shortages weigh heavily on tech sector profits,19,Social,1,1,2025,-1.0
1922,1922,1922,1922,1922,2025-02-26,Central Bank Governor signals potential shift in policy,Financial Times,Regulatory Compliance Failure,KOSPI,-3.03,313.25,Negative,Transportation,High,Chevron Corporation,,central bank governor signals potential shift in policy,6,Governance,2,1,2025,-1.0
1923,1923,1923,1923,1923,2025-03-21,Energy company's dividend hike excites shareholders,Barron's,Regulatory Compliance Failure,Hang Seng,1.88,417.44,Neutral,Materials,Medium,Apple Inc.,https://www.business-standard.com/economy/economic-stimulus,energy company's dividend hike excites shareholders,1,Governance,1,1,2025,0.0
1924,1924,1924,1924,1924,2025-02-27,Retail sales report surpasses all forecasts,Economic Times,Climate Regulation Breach,Dow Jones,4.13,361.46,Negative,Finance,High,Chevron Corporation,https://economictimes.indiatimes.com/news/transportation,retail sales report surpasses all forecasts,2,Environmental,2,1,2025,-1.0
1925,1925,1925,1925,1925,2025-07-03,Utilities sector remains stable during market fluctuations,Times of India,Accounting Fraud Investigation,Dow Jones,-1.69,43.7,Neutral,Technology,Medium,Exxon Mobil,https://www.moneycontrol.com/india/ipo-news/new-firm-launches,utilities sector remains stable during market fluctuations,11,Governance,1,1,2025,0.0
1926,1926,1926,1926,1926,2025-08-13,Quarterly report shows surprising losses for retail giants,Financial Times,Worker Strike,TSX,-3.2,241.84,Positive,Transportation,Low,Exxon Mobil,https://economictimes.indiatimes.com/news/economy/unemployment-rate,quarterly report shows surprising losses for retail giants,3,Social,0,0,2025,1.0
1927,1927,1927,1927,1927,2025-06-11,Retail sales report surpasses all forecasts,Reuters,Antitrust Investigation,FTSE 100,-1.92,449.99,Negative,Healthcare,Low,Bank of America,https://www.reuters.com/markets/indices/ftse-100,retail sales report surpasses all forecasts,15,Governance,0,0,2025,-1.0
1928,1928,1928,1928,1928,2025-03-09,A massive data breach sends a tech company's stock tumbling,Times of India,Product Safety Recall,Hang Seng,,220.91,Neutral,Aerospace & Defense,Low,Chevron Corporation,https://www.moneycontrol.com/us-markets/nasdaq-composite,a massive data breach sends a tech company's stock tumbling,19,Social,0,0,2025,0.0
1929,1929,1929,1929,1929,2025-06-26,New housing data release shows a slowdown in market activity,Wall Street Journal,Antitrust Investigation,IBOVESPA,1.23,432.0,Neutral,Utilities,Low,Lockheed Martin,https://www.wsj.com/europe/dax-performance,new housing data release shows a slowdown in market activity,4,Governance,0,0,2025,0.0
1930,1930,1930,1930,1930,2025-03-01,Major technology firm acquires a smaller rival in a multi-billion dollar deal,Business Standard,Executive Misconduct,S&P/TSX Composite,2.07,35.85,Negative,Consumer Goods,High,Lockheed Martin,https://www.investopedia.com/articles/government-policy-announcement,major technology firm acquires a smaller rival in a multi billion dollar deal,4,Governance,2,1,2025,-1.0
1931,1931,1931,1931,1931,2025-05-03,Major technology firm acquires a smaller rival in a multi-billion dollar deal,CNBC,Executive Misconduct,S&P/TSX Composite,3.71,496.62,Negative,Real Estate,High,Intel,https://www.reuters.com/markets/stocks/tech-rally,major technology firm acquires a smaller rival in a multi billion dollar deal,7,Governance,2,1,2025,-1.0
1932,1932,1932,1932,1932,2025-07-06,Aerospace and Defense sector sees rally amid geopolitical tensions,Yahoo Finance,Worker Strike,S&P 500,3.71,458.07,Negative,Pharmaceuticals,Medium,Exxon Mobil,https://www.reuters.com/markets/stocks/tech-rally,aerospace and defense sector sees rally amid geopolitical tensions,3,Social,1,1,2025,-1.0
1933,1933,1933,1933,1933,2025-05-19,Merger talks between two banks fall through,Yahoo Finance,Human Rights Allegation,Nikkei 225,-0.9,499.03,Negative,Real Estate,Low,Lockheed Martin,https://www.bloomberg.com/asia/telecommunications-news,merger talks between two banks fall through,3,Social,0,0,2025,-1.0
1934,1934,1934,1934,1934,2025-05-15,New housing data release shows a slowdown in market activity,Wall Street Journal,Accounting Fraud Investigation,CAC 40,3.92,254.04,Positive,Real Estate,Medium,Lockheed Martin,https://www.reuters.com/markets/indices/ftse-100,new housing data release shows a slowdown in market activity,9,Governance,1,1,2025,1.0
1935,1935,1935,1935,1935,2025-03-30,New IPO for a popular software firm is oversubscribed,Seeking Alpha,Labor Rights Violation,Russell 2000,-2.02,92.49,Negative,Technology,High,Ford Motor Company,https://www.theeconomist.com/world/government-policy-announcement,new ipo for a popular software firm is oversubscribed,17,Social,2,1,2025,-1.0
1936,1936,1936,1936,1936,2025-03-11,Media and Entertainment companies report a surge in streaming revenue,Forbes,Executive Misconduct,Nasdaq Composite,0.5,331.09,Negative,Technology,Low,Ford Motor Company,https://economictimes.indiatimes.com/news/transportation,media and entertainment companies report a surge in streaming revenue,6,Governance,0,0,2025,-1.0
1937,1937,1937,1937,1937,2025-07-25,Healthcare stocks gain on robust demand and strong outlook,Barron's,Executive Misconduct,NSE Nifty,-3.07,418.37,Negative,Agriculture,Medium,Lockheed Martin,https://www.forbes.com/crypto/cryptocurrency-regulation,healthcare stocks gain on robust demand and strong outlook,15,Governance,1,1,2025,-1.0
1938,1938,1938,1938,1938,2025-04-14,Federal Reserve Chairman's speech causes market volatility,Reuters,Regulatory Compliance Failure,BSE Sensex,-0.21,252.89,Negative,Agriculture,Medium,Intel,https://www.business-standard.com/international-business/trade-policy,federal reserve chairman's speech causes market volatility,4,Governance,1,1,2025,-1.0
1939,1939,1939,1939,1939,2025-07-19,UK's FTSE 100 sees a boost from favorable trade data,Mint,Antitrust Investigation,Nikkei 225,0.59,244.09,Neutral,Energy,Low,General Motors,https://www.wsj.com/europe/dax-performance,uk's ftse 100 sees a boost from favorable trade data,4,Governance,0,0,2025,0.0
1940,1940,1940,1940,1940,2025-06-06,Federal Reserve Chairman's speech causes market volatility,Forbes,Human Rights Allegation,DAX,-2.37,409.68,Negative,Materials,High,JPMorgan Chase,https://timesofindia.indiatimes.com/business/agriculture-sector,federal reserve chairman's speech causes market volatility,19,Social,2,1,2025,-1.0
1941,1941,1941,1941,1941,2025-04-09,Unexpected rise in unemployment fuels market pessimism,Mint,Labor Rights Violation,Nikkei 225,-1.83,225.43,Positive,Pharmaceuticals,Medium,Apple Inc.,https://www.reuters.com/markets/stocks/tech-rally,unexpected rise in unemployment fuels market pessimism,17,Social,1,1,2025,1.0
1942,1942,1942,1942,1942,2025-05-02,Central Bank's dovish tone hints at future rate cuts,Times of India,Regulatory Compliance Failure,ASX 200,-4.64,199.38,Positive,Retail,Low,Microsoft,https://www.reuters.com/business/energy/oil-market-update,central bank's dovish tone hints at future rate cuts,1,Governance,0,0,2025,1.0
1943,1943,1943,1943,1943,2025-04-14,Nikkei 225 index benefits from a weaker yen,Wall Street Journal,Accounting Fraud Investigation,ASX 200,-1.27,479.92,Positive,Aerospace & Defense,Low,Microsoft,https://www.bloomberg.com/middle-east/news/bond-market-fluctuation,nikkei 225 index benefits from a weaker yen,1,Governance,0,0,2025,1.0
1944,1944,1944,1944,1944,2025-05-31,Semiconductor shortages weigh heavily on tech sector profits,MarketWatch,Accounting Fraud Investigation,S&P 500,2.58,180.91,Neutral,Utilities,Low,Chevron Corporation,https://www.wsj.com/china/market-regulation,semiconductor shortages weigh heavily on tech sector profits,12,Governance,0,0,2025,0.0
1945,1945,1945,1945,1945,2025-07-27,ASX 200 gains on strong export performance,Economic Times,Regulatory Compliance Failure,Dow Jones,-4.41,184.07,Negative,Consumer Goods,Low,Bank of America,https://www.business-standard.com/economy/inflation-data,asx 200 gains on strong export performance,5,Governance,0,0,2025,-1.0
1946,1946,1946,1946,1946,2025-05-01,Automotive industry faces headwinds from rising material costs,The Economist,Executive Misconduct,Dow Jones,3.79,467.38,Positive,Automotive,Medium,Apple Inc.,https://www.moneycontrol.com/us-markets/dow-jones-industrial,automotive industry faces headwinds from rising material costs,4,Governance,1,1,2025,1.0
1947,1947,1947,1947,1947,2025-03-12,Central Bank Governor signals potential shift in policy,Economic Times,Human Rights Allegation,Dow Jones,4.26,177.81,Neutral,Agriculture,Low,General Motors,,central bank governor signals potential shift in policy,19,Social,0,0,2025,0.0
1948,1948,1948,1948,1948,2025-07-24,Central Bank's dovish tone hints at future rate cuts,The Motley Fool,Executive Misconduct,Nasdaq Composite,,478.88,Positive,Agriculture,Low,Intel,https://www.cnbc.com/2025/09/automotive-industry-trends,central bank's dovish tone hints at future rate cuts,10,Governance,0,0,2025,1.0
1949,1949,1949,1949,1949,2025-03-01,Dow Jones plunges as market fears recession,Mint,Accounting Fraud Investigation,Shanghai Composite,4.09,358.39,Negative,Telecommunications,High,Intel,https://www.wsj.com/japan/economic-data-release,dow jones plunges as market fears recession,4,Governance,2,1,2025,-1.0
1950,1950,1950,1950,1950,2025-02-11,New regulations on cryptocurrencies cause a market dip,The Hindu Business Line,Accounting Fraud Investigation,Nikkei 225,,409.96,Positive,Agriculture,Medium,Chevron Corporation,https://www.business-standard.com/economy/economic-stimulus,new regulations on cryptocurrencies cause a market dip,10,Governance,1,1,2025,1.0
1951,1951,1951,1951,1951,2025-07-12,Bond yields tumble as investors seek safe havens,Wall Street Journal,Executive Misconduct,Russell 2000,-4.1,404.08,Neutral,Energy,Medium,General Motors,https://economictimes.indiatimes.com/stocks/bse-sensex-plunges,bond yields tumble as investors seek safe havens,14,Governance,1,1,2025,0.0
1952,1952,1952,1952,1952,2025-02-21,Gold prices surge as investors flee riskier assets,Times of India,Executive Misconduct,Dow Jones,2.61,115.1,Positive,Pharmaceuticals,Medium,Apple Inc.,https://www.cnbc.com/2025/08/russia-ukraine-war-economic-impact,gold prices surge as investors flee riskier assets,7,Governance,1,1,2025,1.0
1953,1953,1953,1953,1953,2025-04-16,Utilities sector remains stable during market fluctuations,CNBC,Antitrust Investigation,S&P 500,3.63,217.34,Positive,Healthcare,Medium,JPMorgan Chase,https://timesofindia.indiatimes.com/business/corporate-governance,utilities sector remains stable during market fluctuations,9,Governance,1,1,2025,1.0
1954,1954,1954,1954,1954,2025-07-14,Pharmaceutical company's drug approval drives stock upward,Business Standard,Antitrust Investigation,FTSE 100,4.88,320.35,Neutral,Finance,Medium,Chevron Corporation,https://www.forbes.com/finance/geopolitical-event-impact,pharmaceutical company's drug approval drives stock upward,10,Governance,1,1,2025,0.0
1955,1955,1955,1955,1955,2025-08-04,Supply chain issues impact manufacturing sector earnings,Wall Street Journal,Executive Misconduct,Russell 2000,-1.49,135.73,Negative,Materials,High,Intel,https://www.investopedia.com/articles/supply-chain-disruption,supply chain issues impact manufacturing sector earnings,11,Governance,2,1,2025,-1.0
1956,1956,1956,1956,1956,2025-02-14,A massive data breach sends a tech company's stock tumbling,Economic Times,Executive Misconduct,Nikkei 225,1.41,223.57,Neutral,Agriculture,Medium,Chevron Corporation,https://www.business-standard.com/economy/trade-disputes-impact,a massive data breach sends a tech company's stock tumbling,0,Governance,1,1,2025,0.0
1957,1957,1957,1957,1957,2025-02-15,New IPO for a popular software firm is oversubscribed,Yahoo Finance,Accounting Fraud Investigation,NSE Nifty,-4.66,244.33,Neutral,Technology,Low,Exxon Mobil,https://www.investopedia.com/articles/supply-chain-disruption,new ipo for a popular software firm is oversubscribed,16,Governance,0,0,2025,0.0
1958,1958,1958,1958,1958,2025-08-06,New housing data release shows a slowdown in market activity,Bloomberg,Labor Rights Violation,CAC 40,3.56,93.1,Negative,Agriculture,Low,Microsoft,https://www.cnbc.com/2025/10/real-estate-market-analysis,new housing data release shows a slowdown in market activity,17,Social,0,0,2025,-1.0
1959,1959,1959,1959,1959,2025-04-16,Media and Entertainment companies report a surge in streaming revenue,The Hindu Business Line,Antitrust Investigation,ASX 200,-2.52,492.04,Negative,Healthcare,Low,Intel,https://www.wsj.com/europe/regulatory-changes,media and entertainment companies report a surge in streaming revenue,10,Governance,0,0,2025,-1.0
1960,1960,1960,1960,1960,2025-04-13,Major technology firm acquires a smaller rival in a multi-billion dollar deal,Bloomberg,Human Rights Allegation,ASX 200,-1.68,31.74,Negative,Consumer Goods,High,Apple Inc.,https://www.bloomberg.com/asia/policy/central-bank-meeting,major technology firm acquires a smaller rival in a multi billion dollar deal,8,Social,2,1,2025,-1.0
1961,1961,1961,1961,1961,2025-02-10,Media and Entertainment companies report a surge in streaming revenue,CNBC,Executive Misconduct,Hang Seng,-1.64,135.37,Positive,Transportation,Medium,JPMorgan Chase,https://www.forbes.com/finance/geopolitical-event-impact,media and entertainment companies report a surge in streaming revenue,13,Governance,1,1,2025,1.0
1962,1962,1962,1962,1962,2025-04-02,Unexpected rise in unemployment fuels market pessimism,CNBC,Antitrust Investigation,DAX,3.94,453.16,Negative,Agriculture,High,Apple Inc.,https://www.cnbc.com/2025/08/russia-ukraine-war-economic-impact,unexpected rise in unemployment fuels market pessimism,11,Governance,2,1,2025,-1.0
1963,1963,1963,1963,1963,2025-05-17,,The Motley Fool,Regulatory Compliance Failure,Dow Jones,0.22,343.78,Negative,Media & Entertainment,High,JPMorgan Chase,https://www.business-standard.com/economy/inflation-data,,5,Governance,2,1,2025,-1.0
1964,1964,1964,1964,1964,2025-03-31,Manufacturing PMI data signals economic expansion,The Economist,Worker Strike,ASX 200,1.47,264.36,Negative,Retail,High,Ford Motor Company,https://www.business-standard.com/economy/inflation-data,manufacturing pmi data signals economic expansion,17,Social,2,1,2025,-1.0
1965,1965,1965,1965,1965,2025-07-15,New regulations on cryptocurrencies cause a market dip,Forbes,Labor Rights Violation,ASX 200,-2.78,309.22,Negative,Industrials,High,Chevron Corporation,https://economictimes.indiatimes.com/stocks/bse-sensex-plunges,new regulations on cryptocurrencies cause a market dip,19,Social,2,1,2025,-1.0
1966,1966,1966,1966,1966,2025-04-17,Massive stock buyback program announced by a consumer goods company,Barron's,Executive Misconduct,Shanghai Composite,-3.31,361.19,Positive,Materials,Low,Ford Motor Company,https://www.business-standard.com/economy/trade-disputes-impact,massive stock buyback program announced by a consumer goods company,0,Governance,0,0,2025,1.0
1967,1967,1967,1967,1967,2025-03-03,New housing data release shows a slowdown in market activity,The Motley Fool,Executive Misconduct,Hang Seng,-3.25,224.11,Positive,Transportation,Low,Chevron Corporation,https://www.moneycontrol.com/india/ipo-news/new-firm-launches,new housing data release shows a slowdown in market activity,1,Governance,0,0,2025,1.0
1968,1968,1968,1968,1968,2025-05-27,Government subsidy program gives a lift to the agriculture sector,Bloomberg,Product Safety Recall,Hang Seng,2.99,118.81,Positive,Finance,Medium,Exxon Mobil,https://www.business-standard.com/economy/trade-disputes-impact,government subsidy program gives a lift to the agriculture sector,19,Social,1,1,2025,1.0
1969,1969,1969,1969,1969,2025-03-27,Bond yields tumble as investors seek safe havens,Barron's,Accounting Fraud Investigation,Nikkei 225,3.97,36.71,Neutral,Retail,Low,Bank of America,https://www.bloomberg.com/middle-east/news/bond-market-fluctuation,bond yields tumble as investors seek safe havens,13,Governance,0,0,2025,0.0
1970,1970,1970,1970,1970,2025-07-13,Market sentiment turns positive on vaccine trial results,Investopedia,Labor Rights Violation,Euro Stoxx 50,2.9,396.62,Positive,Agriculture,Medium,Apple Inc.,https://economictimes.indiatimes.com/industry/industrials,market sentiment turns positive on vaccine trial results,3,Social,1,1,2025,1.0
1971,1971,1971,1971,1971,2025-03-26,Banking stocks dip after a major scandal is revealed,Barron's,Climate Regulation Breach,Hang Seng,2.21,495.18,Negative,Industrials,High,Microsoft,https://www.reuters.com/markets/stocks/tech-rally,banking stocks dip after a major scandal is revealed,2,Environmental,2,1,2025,-1.0
1972,1972,1972,1972,1972,2025-03-23,Federal Reserve Chairman's speech causes market volatility,Mint,Product Safety Recall,Russell 2000,-3.55,7.68,,Retail,Low,Lockheed Martin,https://www.moneycontrol.com/us-markets/nasdaq-composite,federal reserve chairman's speech causes market volatility,17,Social,0,0,2025,
1973,1973,1973,1973,1973,2025-08-07,Consumer confidence index reaches a decade high,The Economist,Regulatory Compliance Failure,Dow Jones,-1.42,9.97,Negative,Utilities,Low,Chevron Corporation,https://www.business-standard.com/economy/inflation-data,consumer confidence index reaches a decade high,11,Governance,0,0,2025,-1.0
1974,1974,1974,1974,1974,2025-05-21,Market braces for a major policy announcement from the EU,Financial Times,Labor Rights Violation,Shanghai Composite,,369.31,Positive,Transportation,Low,Exxon Mobil,https://timesofindia.indiatimes.com/business/agriculture-sector,market braces for a major policy announcement from the eu,17,Social,0,0,2025,1.0
1975,1975,1975,1975,1975,2025-02-23,China's Shanghai Composite falls after new trade restrictions,CNBC,Labor Rights Violation,KOSPI,3.73,408.91,Negative,Telecommunications,High,General Motors,https://www.marketwatch.com/story/consumer-goods-report,china's shanghai composite falls after new trade restrictions,3,Social,2,1,2025,-1.0
1976,1976,1976,1976,1976,2025-07-19,Real Estate sector shows signs of overheating as interest rates fall,The Motley Fool,Antitrust Investigation,S&P/TSX Composite,-4.28,381.69,Negative,Healthcare,Low,JPMorgan Chase,https://www.wsj.com/japan/economic-data-release,real estate sector shows signs of overheating as interest rates fall,1,Governance,0,0,2025,-1.0
1977,1977,1977,1977,1977,2025-05-01,Central bank maintains status quo on interest rates,Reuters,Executive Misconduct,Euro Stoxx 50,2.75,387.89,Negative,Healthcare,Medium,Microsoft,https://economictimes.indiatimes.com/stocks/bse-sensex-plunges,central bank maintains status quo on interest rates,14,Governance,1,1,2025,-1.0
1978,1978,1978,1978,1978,2025-02-10,Gold prices surge as investors flee riskier assets,Forbes,Antitrust Investigation,Russell 2000,4.2,167.2,Negative,Media & Entertainment,Low,General Motors,https://www.cnbc.com/2025/08/russia-ukraine-war-economic-impact,gold prices surge as investors flee riskier assets,14,Governance,0,0,2025,-1.0
1979,1979,1979,1979,1979,2025-04-08,ASX 200 gains on strong export performance,The Economist,Executive Misconduct,Euro Stoxx 50,-1.74,324.11,Positive,Technology,Low,Intel,https://www.moneycontrol.com/us-markets/nasdaq-composite,asx 200 gains on strong export performance,10,Governance,0,0,2025,1.0
1980,1980,1980,1980,1980,2025-08-14,"Global trade talks collapse, causing market turmoil",The Motley Fool,Regulatory Compliance Failure,CAC 40,-0.19,476.74,Negative,Transportation,High,Intel,https://www.cnbc.com/2025/08/russia-ukraine-war-economic-impact,"global trade talks collapse, causing market turmoil",13,Governance,2,1,2025,-1.0
1981,1981,1981,1981,1981,2025-05-17,Manufacturing PMI data signals economic expansion,Reuters,Accounting Fraud Investigation,Dow Jones,4.06,407.35,Positive,Pharmaceuticals,Low,Lockheed Martin,https://economictimes.indiatimes.com/news/economy/unemployment-rate,manufacturing pmi data signals economic expansion,13,Governance,0,0,2025,1.0
1982,1982,1982,1982,1982,2025-05-08,Financial sector bracing for new capital requirements,Barron's,Worker Strike,Hang Seng,,335.17,Neutral,Construction,Medium,JPMorgan Chase,https://economictimes.indiatimes.com/industry/industrials,financial sector bracing for new capital requirements,3,Social,1,1,2025,0.0
1983,1983,1983,1983,1983,2025-07-12,E-commerce earnings report beats all analyst expectations,Forbes,Regulatory Compliance Failure,Nasdaq Composite,-3.18,187.5,Negative,Retail,Medium,Intel,,e commerce earnings report beats all analyst expectations,13,Governance,1,1,2025,-1.0
1984,1984,1984,1984,1984,2025-03-05,Government subsidy program gives a lift to the agriculture sector,Reuters,Labor Rights Violation,Euro Stoxx 50,2.82,183.71,Neutral,Telecommunications,Low,Exxon Mobil,,government subsidy program gives a lift to the agriculture sector,3,Social,0,0,2025,0.0
1985,1985,1985,1985,1985,2025-07-05,New regulations on cryptocurrencies cause a market dip,Forbes,Labor Rights Violation,KOSPI,-2.3,338.23,Negative,Materials,High,Chevron Corporation,https://www.moneycontrol.com/india/ipo-news/new-firm-launches,new regulations on cryptocurrencies cause a market dip,19,Social,2,1,2025,-1.0
1986,1986,1986,1986,1986,2025-05-04,Federal Reserve Chairman's speech causes market volatility,The Hindu Business Line,Product Safety Recall,Nasdaq Composite,4.43,206.24,Negative,Aerospace & Defense,High,Ford Motor Company,https://timesofindia.indiatimes.com/business/agriculture-sector,federal reserve chairman's speech causes market volatility,19,Social,2,1,2025,-1.0
1987,1987,1987,1987,1987,2025-06-27,Tech Giant's New Product Launch Sparks Sector-Wide Gains,Seeking Alpha,Human Rights Allegation,Nasdaq Composite,-0.43,265.05,Negative,Consumer Goods,Medium,Bank of America,https://economictimes.indiatimes.com/industry/industrials,tech giant's new product launch sparks sector wide gains,19,Social,1,1,2025,-1.0
1988,1988,1988,1988,1988,2025-04-11,Record-high inflation data rattles investors,MarketWatch,Antitrust Investigation,S&P/TSX Composite,-0.31,485.69,Neutral,Retail,Medium,Bank of America,https://www.forbes.com/finance/geopolitical-event-impact,record high inflation data rattles investors,12,Governance,1,1,2025,0.0
1989,1989,1989,1989,1989,2025-05-03,Banking stocks dip after a major scandal is revealed,Financial Times,Human Rights Allegation,S&P 500,-3.35,64.49,Negative,Real Estate,Medium,Lockheed Martin,https://timesofindia.indiatimes.com/business/finance/banking-sector-news,banking stocks dip after a major scandal is revealed,3,Social,1,1,2025,-1.0
1990,1990,1990,1990,1990,2025-03-11,Supply chain issues impact manufacturing sector earnings,The Hindu Business Line,Regulatory Compliance Failure,BSE Sensex,3.57,183.8,Positive,Materials,Low,JPMorgan Chase,https://economictimes.indiatimes.com/news/transportation,supply chain issues impact manufacturing sector earnings,14,Governance,0,0,2025,1.0
1991,1991,1991,1991,1991,2025-03-17,Dow Jones plunges as market fears recession,Times of India,Regulatory Compliance Failure,Dow Jones,4.06,245.25,Negative,Materials,Medium,Microsoft,https://www.reuters.com/business/energy/oil-market-update,dow jones plunges as market fears recession,11,Governance,1,1,2025,-1.0
1992,1992,1992,1992,1992,2025-06-10,,Seeking Alpha,Accounting Fraud Investigation,S&P/TSX Composite,0.53,488.78,Positive,Consumer Goods,Medium,Apple Inc.,,,18,Governance,1,1,2025,1.0
1993,1993,1993,1993,1993,2025-04-19,Tech Giant's New Product Launch Sparks Sector-Wide Gains,Business Standard,Carbon Emissions Violation,S&P/TSX Composite,,169.53,Negative,Aerospace & Defense,High,JPMorgan Chase,https://www.cnbc.com/2025/09/automotive-industry-trends,tech giant's new product launch sparks sector wide gains,2,Environmental,2,1,2025,-1.0
1994,1994,1994,1994,1994,2025-05-24,Major technology firm acquires a smaller rival in a multi-billion dollar deal,Wall Street Journal,Worker Strike,Hang Seng,1.25,99.72,Negative,Telecommunications,Medium,Exxon Mobil,https://www.bloomberg.com/canada/tsunami-warnings,major technology firm acquires a smaller rival in a multi billion dollar deal,3,Social,1,1,2025,-1.0
1995,1995,1995,1995,1995,2025-06-15,Retail sales report surpasses all forecasts,Reuters,Regulatory Compliance Failure,S&P/TSX Composite,2.46,100.47,Negative,Transportation,High,Intel,https://www.bloomberg.com/australia/asx-200-performance,retail sales report surpasses all forecasts,18,Governance,2,1,2025,-1.0
1996,1996,1996,1996,1996,2025-05-31,Semiconductor shortages weigh heavily on tech sector profits,Mint,Executive Misconduct,BSE Sensex,,457.2,Negative,Technology,Medium,Lockheed Martin,https://economictimes.indiatimes.com/news/transportation,semiconductor shortages weigh heavily on tech sector profits,10,Governance,1,1,2025,-1.0
1997,1997,1997,1997,1997,2025-04-23,Financial sector bracing for new capital requirements,Investopedia,Product Safety Recall,Hang Seng,-4.07,439.96,Negative,Real Estate,High,Lockheed Martin,https://www.forbes.com/crypto/cryptocurrency-regulation,financial sector bracing for new capital requirements,17,Social,2,1,2025,-1.0
1998,1998,1998,1998,1998,2025-02-03,Mining company stock surges on commodity price boom,Times of India,Executive Misconduct,Shanghai Composite,4.09,192.78,Negative,Materials,High,Exxon Mobil,https://www.cnbc.com/2025/09/automotive-industry-trends,mining company stock surges on commodity price boom,18,Governance,2,1,2025,-1.0
1999,1999,1999,1999,1999,2025-05-09,Nikkei 225 index benefits from a weaker yen,CNBC,Accounting Fraud Investigation,KOSPI,2.51,133.06,Positive,Transportation,Medium,Ford Motor Company,https://economictimes.indiatimes.com/stocks/bse-sensex-plunges,nikkei 225 index benefits from a weaker yen,11,Governance,1,1,2025,1.0
2000,2000,2000,2000,2000,2025-05-07,Bond yields tumble as investors seek safe havens,The Economist,Labor Rights Violation,ASX 200,2.28,330.82,Neutral,Agriculture,Medium,General Motors,https://www.cnbc.com/2025/09/automotive-industry-trends,bond yields tumble as investors seek safe havens,17,Social,1,1,2025,0.0
2001,2001,2001,2001,2001,2025-06-13,Retail sales report surpasses all forecasts,Mint,Regulatory Compliance Failure,Shanghai Composite,1.71,50.57,Negative,Pharmaceuticals,Medium,General Motors,https://www.business-standard.com/finance/corporate-earnings,retail sales report surpasses all forecasts,12,Governance,1,1,2025,-1.0
2002,2002,2002,2002,2002,2025-04-03,Nikkei 225 index benefits from a weaker yen,Forbes,Regulatory Compliance Failure,S&P/TSX Composite,4.8,445.54,Negative,Finance,High,Ford Motor Company,https://www.business-standard.com/economy/inflation-data,nikkei 225 index benefits from a weaker yen,12,Governance,2,1,2025,-1.0
2003,2003,2003,2003,2003,2025-05-20,Bond yields tumble as investors seek safe havens,MarketWatch,Accounting Fraud Investigation,ASX 200,0.95,468.22,Negative,Aerospace & Defense,Medium,Lockheed Martin,https://www.cnbc.com/2025/11/major-merger-deal-approved,bond yields tumble as investors seek safe havens,12,Governance,1,1,2025,-1.0
2004,2004,2004,2004,2004,2025-05-18,New regulations on cryptocurrencies cause a market dip,Business Standard,Executive Misconduct,Nasdaq Composite,-3.8,435.85,Negative,Consumer Goods,Medium,General Motors,https://www.wsj.com/japan/economic-data-release,new regulations on cryptocurrencies cause a market dip,15,Governance,1,1,2025,-1.0
2005,2005,2005,2005,2005,2025-05-09,Major oil spill sends energy stocks plummeting,Forbes,Product Safety Recall,Nikkei 225,-1.72,297.95,Neutral,Construction,Low,Microsoft,https://www.business-standard.com/economy/economic-stimulus,major oil spill sends energy stocks plummeting,17,Social,0,0,2025,0.0
2006,2006,2006,2006,2006,2025-04-30,Gold prices surge as investors flee riskier assets,Bloomberg,Antitrust Investigation,Russell 2000,-1.19,286.43,Neutral,Industrials,Medium,Exxon Mobil,https://timesofindia.indiatimes.com/business/corporate-governance,gold prices surge as investors flee riskier assets,13,Governance,1,1,2025,0.0
2007,2007,2007,2007,2007,2025-05-27,Massive stock buyback program announced by a consumer goods company,Reuters,Regulatory Compliance Failure,Nasdaq Composite,-2.3,262.01,Neutral,Real Estate,Low,Bank of America,https://timesofindia.indiatimes.com/business/agriculture-sector,massive stock buyback program announced by a consumer goods company,12,Governance,0,0,2025,0.0
2008,2008,2008,2008,2008,2025-02-25,Financial services stocks rally on strong profit margins,Barron's,Executive Misconduct,CAC 40,1.13,440.62,Negative,Utilities,High,Microsoft,https://www.reuters.com/markets/indices/nikkei-225,financial services stocks rally on strong profit margins,10,Governance,2,1,2025,-1.0
2009,2009,2009,2009,2009,2025-02-21,New IPO for a popular software firm is oversubscribed,Barron's,Accounting Fraud Investigation,S&P 500,3.74,31.35,Negative,Media & Entertainment,Low,Ford Motor Company,https://www.investopedia.com/articles/supply-chain-disruption,new ipo for a popular software firm is oversubscribed,0,Governance,0,0,2025,-1.0
2010,2010,2010,2010,2010,2025-07-10,Energy company's dividend hike excites shareholders,Financial Times,Accounting Fraud Investigation,Dow Jones,2.69,355.69,Neutral,Technology,Medium,JPMorgan Chase,,energy company's dividend hike excites shareholders,12,Governance,1,1,2025,0.0
2011,2011,2011,2011,2011,2025-02-05,Aerospace and Defense sector sees rally amid geopolitical tensions,Economic Times,Executive Misconduct,CAC 40,0.48,29.17,Negative,Agriculture,Medium,Ford Motor Company,https://economictimes.indiatimes.com/news/transportation,aerospace and defense sector sees rally amid geopolitical tensions,14,Governance,1,1,2025,-1.0
2012,2012,2012,2012,2012,2025-06-30,Nikkei 225 index benefits from a weaker yen,MarketWatch,Regulatory Compliance Failure,KOSPI,2.3,256.71,Neutral,Materials,Medium,Intel,https://www.wsj.com/europe/regulatory-changes,nikkei 225 index benefits from a weaker yen,12,Governance,1,1,2025,0.0
2013,2013,2013,2013,2013,2025-03-23,Pharmaceutical company's drug approval drives stock upward,Seeking Alpha,Labor Rights Violation,CAC 40,,17.94,Positive,Retail,Medium,Chevron Corporation,https://economictimes.indiatimes.com/news/economy/unemployment-rate,pharmaceutical company's drug approval drives stock upward,8,Social,1,1,2025,1.0
2014,2014,2014,2014,2014,2025-04-13,Mining company stock surges on commodity price boom,Financial Times,Executive Misconduct,Russell 2000,-4.79,168.76,Negative,Technology,Low,Apple Inc.,https://www.cnbc.com/2025/11/major-merger-deal-approved,mining company stock surges on commodity price boom,1,Governance,0,0,2025,-1.0
2015,2015,2015,2015,2015,2025-03-22,Supply chain issues impact manufacturing sector earnings,The Economist,Regulatory Compliance Failure,Hang Seng,0.68,268.32,Negative,Consumer Goods,High,Bank of America,https://www.moneycontrol.com/us-markets/nasdaq-composite,supply chain issues impact manufacturing sector earnings,16,Governance,2,1,2025,-1.0
2016,2016,2016,2016,2016,2025-02-11,China's Shanghai Composite falls after new trade restrictions,The Motley Fool,Environmental Spill,Hang Seng,2.6,71.01,Negative,Utilities,High,Lockheed Martin,https://www.bloomberg.com/asia/policy/central-bank-meeting,china's shanghai composite falls after new trade restrictions,2,Environmental,2,1,2025,-1.0
2017,2017,2017,2017,2017,2025-05-14,ASX 200 gains on strong export performance,Wall Street Journal,Antitrust Investigation,S&P/TSX Composite,3.29,320.59,Neutral,Construction,Low,Intel,https://www.ft.com/content/media-entertainment-merger,asx 200 gains on strong export performance,18,Governance,0,0,2025,0.0
2018,2018,2018,2018,2018,2025-05-27,Semiconductor shortages weigh heavily on tech sector profits,Forbes,Executive Misconduct,Shanghai Composite,,85.19,Negative,Transportation,Medium,Ford Motor Company,,semiconductor shortages weigh heavily on tech sector profits,4,Governance,1,1,2025,-1.0
2019,2019,2019,2019,2019,2025-04-21,Market braces for a major policy announcement from the EU,MarketWatch,Executive Misconduct,DAX,-4.85,145.93,Negative,Agriculture,Low,Microsoft,https://www.theeconomist.com/finance-and-economics/trade-tariffs,market braces for a major policy announcement from the eu,5,Governance,0,0,2025,-1.0
2020,2020,2020,2020,2020,2025-07-10,Supply chain issues impact manufacturing sector earnings,Investopedia,Human Rights Allegation,Dow Jones,3.82,52.66,Positive,Industrials,Medium,JPMorgan Chase,https://www.bloomberg.com/australia/asx-200-performance,supply chain issues impact manufacturing sector earnings,8,Social,1,1,2025,1.0
2021,2021,2021,2021,2021,2025-06-21,E-commerce earnings report beats all analyst expectations,Economic Times,Executive Misconduct,S&P 500,3.42,458.16,Negative,Healthcare,High,Apple Inc.,https://www.wsj.com/china/market-rally,e commerce earnings report beats all analyst expectations,12,Governance,2,1,2025,-1.0
2022,2022,2022,2022,2022,2025-05-19,Financial sector bracing for new capital requirements,Forbes,Regulatory Compliance Failure,NSE Nifty,4.7,474.23,Negative,Transportation,High,Bank of America,https://www.ft.com/content/consumer-confidence-report,financial sector bracing for new capital requirements,11,Governance,2,1,2025,-1.0
2023,2023,2023,2023,2023,2025-05-11,Healthcare stocks gain on robust demand and strong outlook,Financial Times,Executive Misconduct,TSX,4.46,484.5,Negative,Transportation,Medium,JPMorgan Chase,https://timesofindia.indiatimes.com/business/corporate-governance,healthcare stocks gain on robust demand and strong outlook,15,Governance,1,1,2025,-1.0
2024,2024,2024,2024,2024,2025-07-23,Real Estate sector shows signs of overheating as interest rates fall,Mint,Accounting Fraud Investigation,DAX,3.03,5.3,Negative,Energy,Medium,Ford Motor Company,https://www.moneycontrol.com/us-markets/dow-jones-industrial,real estate sector shows signs of overheating as interest rates fall,7,Governance,1,1,2025,-1.0
2025,2025,2025,2025,2025,2025-07-25,Massive stock buyback program announced by a consumer goods company,Barron's,Executive Misconduct,Nikkei 225,1.28,98.5,Negative,Industrials,Low,Apple Inc.,https://www.ft.com/content/consumer-confidence-report,massive stock buyback program announced by a consumer goods company,11,Governance,0,0,2025,-1.0
2026,2026,2026,2026,2026,2025-06-26,,Seeking Alpha,Antitrust Investigation,Dow Jones,-4.01,129.73,Positive,Energy,Low,Apple Inc.,https://www.investopedia.com/articles/government-policy-announcement,,4,Governance,0,0,2025,1.0
2027,2027,2027,2027,2027,2025-03-20,"Global trade talks collapse, causing market turmoil",The Hindu Business Line,Regulatory Compliance Failure,Shanghai Composite,-1.62,290.82,Negative,Technology,Low,Apple Inc.,https://www.forbes.com/crypto/cryptocurrency-regulation,"global trade talks collapse, causing market turmoil",14,Governance,0,0,2025,-1.0
2028,2028,2028,2028,2028,2025-06-29,Crude oil prices drop to a multi-year low,Business Standard,Executive Misconduct,BSE Sensex,-0.39,370.8,Neutral,Construction,Medium,Ford Motor Company,https://www.reuters.com/business/energy/oil-market-update,crude oil prices drop to a multi year low,6,Governance,1,1,2025,0.0
2029,2029,2029,2029,2029,2025-03-25,E-commerce earnings report beats all analyst expectations,Seeking Alpha,Regulatory Compliance Failure,BSE Sensex,-4.22,98.65,Neutral,Pharmaceuticals,Low,JPMorgan Chase,https://www.ft.com/content/tech-sector-innovation,e commerce earnings report beats all analyst expectations,9,Governance,0,0,2025,0.0
2030,2030,2030,2030,2030,2025-07-21,ASX 200 gains on strong export performance,The Motley Fool,Labor Rights Violation,S&P 500,-3.4,106.55,Negative,Real Estate,High,Exxon Mobil,https://www.marketwatch.com/story/consumer-goods-report,asx 200 gains on strong export performance,17,Social,2,1,2025,-1.0
2031,2031,2031,2031,2031,2025-05-16,Pharmaceutical company's drug approval drives stock upward,Yahoo Finance,Accounting Fraud Investigation,Nasdaq Composite,2.81,235.38,Negative,Aerospace & Defense,Low,Lockheed Martin,https://www.moneycontrol.com/india/ipo-news/new-firm-launches,pharmaceutical company's drug approval drives stock upward,13,Governance,0,0,2025,-1.0
2032,2032,2032,2032,2032,2025-04-14,Geopolitical ceasefire prompts a broad market recovery,Barron's,Executive Misconduct,NSE Nifty,-3.93,293.96,,Transportation,Medium,Chevron Corporation,https://www.business-standard.com/finance/corporate-earnings,geopolitical ceasefire prompts a broad market recovery,5,Governance,1,1,2025,
2033,2033,2033,2033,2033,2025-02-04,Aerospace and Defense sector sees rally amid geopolitical tensions,Business Standard,Worker Strike,Russell 2000,-2.24,235.72,Negative,Materials,High,General Motors,https://www.ft.com/content/geopolitical-summit,aerospace and defense sector sees rally amid geopolitical tensions,17,Social,2,1,2025,-1.0
2034,2034,2034,2034,2034,2025-06-24,Government subsidy program gives a lift to the agriculture sector,Bloomberg,Executive Misconduct,TSX,-2.4,67.98,Negative,Retail,High,Intel,https://www.business-standard.com/economy/inflation-data,government subsidy program gives a lift to the agriculture sector,5,Governance,2,1,2025,-1.0
2035,2035,2035,2035,2035,2025-05-08,Geopolitical ceasefire prompts a broad market recovery,Wall Street Journal,Accounting Fraud Investigation,FTSE 100,1.46,16.63,Negative,Construction,High,Exxon Mobil,https://www.bloomberg.com/canada/tsunami-warnings,geopolitical ceasefire prompts a broad market recovery,4,Governance,2,1,2025,-1.0
2036,2036,2036,2036,2036,2025-04-20,UK's FTSE 100 sees a boost from favorable trade data,Business Standard,Accounting Fraud Investigation,CAC 40,3.75,103.57,Negative,Healthcare,High,JPMorgan Chase,https://www.business-standard.com/international-business/trade-policy,uk's ftse 100 sees a boost from favorable trade data,6,Governance,2,1,2025,-1.0
2037,2037,2037,2037,2037,2025-06-23,Geopolitical ceasefire prompts a broad market recovery,The Economist,Regulatory Compliance Failure,Euro Stoxx 50,,283.6,Negative,Agriculture,High,Chevron Corporation,,geopolitical ceasefire prompts a broad market recovery,5,Governance,2,1,2025,-1.0
2038,2038,2038,2038,2038,2025-06-30,Market braces for a major policy announcement from the EU,Yahoo Finance,Regulatory Compliance Failure,Hang Seng,-0.14,307.61,Negative,Industrials,High,Exxon Mobil,https://www.ft.com/content/consumer-confidence-report,market braces for a major policy announcement from the eu,6,Governance,2,1,2025,-1.0
2039,2039,2039,2039,2039,2025-05-12,Financial services stocks rally on strong profit margins,The Economist,Labor Rights Violation,S&P/TSX Composite,-2.84,157.93,Negative,Energy,High,Bank of America,https://www.wsj.com/japan/economic-data-release,financial services stocks rally on strong profit margins,8,Social,2,1,2025,-1.0
2040,2040,2040,2040,2040,2025-06-20,ASX 200 gains on strong export performance,Investopedia,Product Safety Recall,Hang Seng,-1.85,439.62,Positive,Industrials,Low,Chevron Corporation,https://economictimes.indiatimes.com/news/transportation,asx 200 gains on strong export performance,8,Social,0,0,2025,1.0
2041,2041,2041,2041,2041,2025-07-13,New regulations on cryptocurrencies cause a market dip,Forbes,Antitrust Investigation,IBOVESPA,-4.52,181.88,Positive,Industrials,Low,Microsoft,https://www.cnbc.com/2025/11/major-merger-deal-approved,new regulations on cryptocurrencies cause a market dip,12,Governance,0,0,2025,1.0
2042,2042,2042,2042,2042,2025-04-06,Federal Reserve Chairman's speech causes market volatility,The Motley Fool,Antitrust Investigation,IBOVESPA,-3.4,65.43,Negative,Automotive,High,Intel,https://timesofindia.indiatimes.com/business/agriculture-sector,federal reserve chairman's speech causes market volatility,14,Governance,2,1,2025,-1.0
2043,2043,2043,2043,2043,2025-07-12,Gold prices surge as investors flee riskier assets,Seeking Alpha,Accounting Fraud Investigation,Hang Seng,2.51,304.67,Negative,Automotive,High,Exxon Mobil,https://www.marketwatch.com/story/commodities-price-shock,gold prices surge as investors flee riskier assets,1,Governance,2,1,2025,-1.0
2044,2044,2044,2044,2044,2025-07-12,Media and Entertainment companies report a surge in streaming revenue,CNBC,Executive Misconduct,S&P/TSX Composite,4.41,156.08,,Transportation,Medium,Ford Motor Company,https://www.marketwatch.com/story/consumer-goods-report,media and entertainment companies report a surge in streaming revenue,14,Governance,1,1,2025,
2045,2045,2045,2045,2045,2025-08-08,Government spending bill is expected to stimulate the economy,Yahoo Finance,Worker Strike,Nikkei 225,0.77,158.9,Positive,Telecommunications,Medium,Lockheed Martin,https://www.bloomberg.com/canada/tsunami-warnings,government spending bill is expected to stimulate the economy,3,Social,1,1,2025,1.0
2046,2046,2046,2046,2046,2025-06-19,Semiconductor shortages weigh heavily on tech sector profits,The Motley Fool,Accounting Fraud Investigation,Nikkei 225,0.01,223.63,Positive,Technology,Medium,Apple Inc.,,semiconductor shortages weigh heavily on tech sector profits,16,Governance,1,1,2025,1.0
2047,2047,2047,2047,2047,2025-04-07,Gold prices surge as investors flee riskier assets,CNBC,Climate Regulation Breach,DAX,1.7,388.35,Neutral,Aerospace & Defense,Medium,Bank of America,https://www.cnbc.com/2025/11/major-merger-deal-approved,gold prices surge as investors flee riskier assets,2,Environmental,1,1,2025,0.0
2048,2048,2048,2048,2048,2025-03-05,New regulations on cryptocurrencies cause a market dip,Financial Times,Regulatory Compliance Failure,Dow Jones,-0.37,120.3,Negative,Transportation,High,Intel,https://www.reuters.com/markets/stocks/tech-rally,new regulations on cryptocurrencies cause a market dip,12,Governance,2,1,2025,-1.0
2049,2049,2049,2049,2049,2025-07-12,Crude oil prices drop to a multi-year low,MarketWatch,Executive Misconduct,TSX,-4.76,491.44,Negative,Consumer Goods,High,Apple Inc.,https://www.business-standard.com/economy/economic-stimulus,crude oil prices drop to a multi year low,13,Governance,2,1,2025,-1.0
2050,2050,2050,2050,2050,2025-06-21,Semiconductor shortages weigh heavily on tech sector profits,The Motley Fool,Regulatory Compliance Failure,KOSPI,0.12,311.64,Negative,Utilities,High,General Motors,https://timesofindia.indiatimes.com/business/markets/stock-market-crash,semiconductor shortages weigh heavily on tech sector profits,10,Governance,2,1,2025,-1.0
2051,2051,2051,2051,2051,2025-02-03,Government policy shift boosts renewable energy sector,Seeking Alpha,Accounting Fraud Investigation,S&P 500,-4.58,376.58,Negative,Real Estate,High,JPMorgan Chase,https://www.moneycontrol.com/us-markets/nasdaq-composite,government policy shift boosts renewable energy sector,9,Governance,2,1,2025,-1.0
2052,2052,2052,2052,2052,2025-02-25,Consumer confidence index reaches a decade high,Yahoo Finance,Antitrust Investigation,Hang Seng,1.35,382.76,,Healthcare,Medium,Exxon Mobil,https://economictimes.indiatimes.com/industry/industrials,consumer confidence index reaches a decade high,13,Governance,1,1,2025,
2053,2053,2053,2053,2053,2025-02-20,Consumer confidence index reaches a decade high,The Motley Fool,Executive Misconduct,S&P/TSX Composite,-0.9,175.54,Positive,Industrials,Low,Apple Inc.,https://www.cnbc.com/2025/08/russia-ukraine-war-economic-impact,consumer confidence index reaches a decade high,6,Governance,0,0,2025,1.0
2054,2054,2054,2054,2054,2025-04-04,New regulations on cryptocurrencies cause a market dip,CNBC,Antitrust Investigation,KOSPI,-0.11,275.69,Positive,Finance,Low,Bank of America,https://www.ft.com/content/currency-devaluation,new regulations on cryptocurrencies cause a market dip,1,Governance,0,0,2025,1.0
2055,2055,2055,2055,2055,2025-06-26,Massive stock buyback program announced by a consumer goods company,Reuters,Human Rights Allegation,S&P/TSX Composite,-4.35,415.76,Positive,Construction,Low,JPMorgan Chase,https://www.wsj.com/china/market-regulation,massive stock buyback program announced by a consumer goods company,8,Social,0,0,2025,1.0
2056,2056,2056,2056,2056,2025-08-14,Merger talks between two banks fall through,CNBC,Accounting Fraud Investigation,S&P 500,1.36,144.64,Negative,Healthcare,High,Chevron Corporation,https://www.ft.com/content/media-entertainment-merger,merger talks between two banks fall through,4,Governance,2,1,2025,-1.0
2057,2057,2057,2057,2057,2025-03-26,Automotive industry faces headwinds from rising material costs,Barron's,Antitrust Investigation,Nikkei 225,4.41,290.15,Negative,Industrials,High,General Motors,https://www.business-standard.com/international-business/trade-policy,automotive industry faces headwinds from rising material costs,1,Governance,2,1,2025,-1.0
2058,2058,2058,2058,2058,2025-03-04,Utilities sector remains stable during market fluctuations,The Motley Fool,Worker Strike,IBOVESPA,4.71,401.5,Neutral,Media & Entertainment,Low,Exxon Mobil,https://www.forbes.com/crypto/cryptocurrency-regulation,utilities sector remains stable during market fluctuations,19,Social,0,0,2025,0.0
2059,2059,2059,2059,2059,2025-05-12,New IPO for a popular software firm is oversubscribed,Business Standard,Regulatory Compliance Failure,DAX,1.29,243.01,Negative,Retail,High,Bank of America,https://www.cnbc.com/2025/10/real-estate-market-analysis,new ipo for a popular software firm is oversubscribed,15,Governance,2,1,2025,-1.0
2060,2060,2060,2060,2060,2025-02-08,Retail sales report surpasses all forecasts,Financial Times,Regulatory Compliance Failure,Dow Jones,2.29,169.39,Positive,Transportation,Medium,General Motors,https://www.wsj.com/europe/regulatory-changes,retail sales report surpasses all forecasts,5,Governance,1,1,2025,1.0
2061,2061,2061,2061,2061,2025-07-19,Government policy shift boosts renewable energy sector,The Motley Fool,Executive Misconduct,Russell 2000,-2.89,115.95,Negative,Retail,Low,Exxon Mobil,https://www.wsj.com/europe/regulatory-changes,government policy shift boosts renewable energy sector,1,Governance,0,0,2025,-1.0
2062,2062,2062,2062,2062,2025-06-13,Merger talks between two banks fall through,Yahoo Finance,Accounting Fraud Investigation,Russell 2000,2.91,205.29,Negative,Industrials,High,Ford Motor Company,https://www.moneycontrol.com/india/ipo-news/new-firm-launches,merger talks between two banks fall through,11,Governance,2,1,2025,-1.0
2063,2063,2063,2063,2063,2025-05-09,Utilities sector remains stable during market fluctuations,Reuters,Regulatory Compliance Failure,S&P/TSX Composite,,386.51,Neutral,Consumer Goods,Medium,Intel,https://www.theeconomist.com/world/government-policy-announcement,utilities sector remains stable during market fluctuations,15,Governance,1,1,2025,0.0
2064,2064,2064,2064,2064,2025-04-23,Financial services stocks rally on strong profit margins,The Motley Fool,Executive Misconduct,ASX 200,,428.77,Negative,Automotive,High,JPMorgan Chase,https://timesofindia.indiatimes.com/business/corporate-governance,financial services stocks rally on strong profit margins,18,Governance,2,1,2025,-1.0
2065,2065,2065,2065,2065,2025-05-20,Energy company's dividend hike excites shareholders,The Economist,Antitrust Investigation,Euro Stoxx 50,-3.01,434.95,Negative,Automotive,Low,Bank of America,https://www.cnbc.com/2025/11/major-merger-deal-approved,energy company's dividend hike excites shareholders,5,Governance,0,0,2025,-1.0
2066,2066,2066,2066,2066,2025-02-02,Market braces for a major policy announcement from the EU,Seeking Alpha,Regulatory Compliance Failure,ASX 200,3.54,95.63,Negative,Automotive,High,Chevron Corporation,https://www.bloomberg.com/canada/tsunami-warnings,market braces for a major policy announcement from the eu,9,Governance,2,1,2025,-1.0
2067,2067,2067,2067,2067,2025-04-17,Major oil spill sends energy stocks plummeting,The Economist,Product Safety Recall,Russell 2000,0.58,202.92,Positive,Construction,Medium,Apple Inc.,https://timesofindia.indiatimes.com/business/corporate-governance,major oil spill sends energy stocks plummeting,17,Social,1,1,2025,1.0
2068,2068,2068,2068,2068,2025-05-14,Financial sector bracing for new capital requirements,Barron's,Human Rights Allegation,ASX 200,-0.18,152.77,,Industrials,Medium,Intel,https://economictimes.indiatimes.com/stocks/bse-sensex-plunges,financial sector bracing for new capital requirements,17,Social,1,1,2025,
2069,2069,2069,2069,2069,2025-08-01,Crude oil prices drop to a multi-year low,Yahoo Finance,Antitrust Investigation,Nikkei 225,-0.62,81.24,Negative,Consumer Goods,High,Lockheed Martin,https://www.theeconomist.com/finance-and-economics/trade-tariffs,crude oil prices drop to a multi year low,9,Governance,2,1,2025,-1.0
2070,2070,2070,2070,2070,2025-08-03,Geopolitical ceasefire prompts a broad market recovery,The Hindu Business Line,Human Rights Allegation,S&P/TSX Composite,-2.92,445.03,Positive,Media & Entertainment,Low,Bank of America,https://www.marketwatch.com/story/consumer-goods-report,geopolitical ceasefire prompts a broad market recovery,8,Social,0,0,2025,1.0
2071,2071,2071,2071,2071,2025-06-11,Central bank maintains status quo on interest rates,The Hindu Business Line,Labor Rights Violation,Dow Jones,-1.5,291.59,Negative,Aerospace & Defense,Medium,Bank of America,https://www.wsj.com/japan/economic-data-release,central bank maintains status quo on interest rates,3,Social,1,1,2025,-1.0
2072,2072,2072,2072,2072,2025-08-14,Financial services stocks rally on strong profit margins,MarketWatch,Accounting Fraud Investigation,Euro Stoxx 50,-2.72,86.59,Positive,Automotive,Low,General Motors,https://economictimes.indiatimes.com/stocks/bse-sensex-plunges,financial services stocks rally on strong profit margins,13,Governance,0,0,2025,1.0
2073,2073,2073,2073,2073,2025-04-17,Government subsidy program gives a lift to the agriculture sector,The Economist,Executive Misconduct,CAC 40,3.31,29.58,Neutral,Transportation,Medium,Ford Motor Company,https://www.cnbc.com/2025/10/real-estate-market-analysis,government subsidy program gives a lift to the agriculture sector,4,Governance,1,1,2025,0.0
2074,2074,2074,2074,2074,2025-02-03,Supply chain issues impact manufacturing sector earnings,The Motley Fool,Antitrust Investigation,Dow Jones,1.11,42.32,Negative,Technology,Low,Lockheed Martin,,supply chain issues impact manufacturing sector earnings,10,Governance,0,0,2025,-1.0
2075,2075,2075,2075,2075,2025-05-26,Record-high inflation data rattles investors,Financial Times,Regulatory Compliance Failure,KOSPI,-2.15,312.23,Negative,Healthcare,High,Microsoft,https://www.wsj.com/china/market-regulation,record high inflation data rattles investors,0,Governance,2,1,2025,-1.0
2076,2076,2076,2076,2076,2025-05-20,Energy company's dividend hike excites shareholders,Barron's,Human Rights Allegation,Russell 2000,4.97,196.35,Positive,Retail,Medium,Exxon Mobil,https://www.wsj.com/china/market-regulation,energy company's dividend hike excites shareholders,17,Social,1,1,2025,1.0
2077,2077,2077,2077,2077,2025-06-22,ASX 200 gains on strong export performance,CNBC,Regulatory Compliance Failure,Nikkei 225,-0.91,472.62,Neutral,Consumer Goods,Low,Intel,https://www.forbes.com/finance/geopolitical-event-impact,asx 200 gains on strong export performance,16,Governance,0,0,2025,0.0
2078,2078,2078,2078,2078,2025-03-08,Massive stock buyback program announced by a consumer goods company,Business Standard,Executive Misconduct,KOSPI,4.51,97.41,Negative,Construction,High,Microsoft,https://www.business-standard.com/economy/economic-stimulus,massive stock buyback program announced by a consumer goods company,13,Governance,2,1,2025,-1.0
2079,2079,2079,2079,2079,2025-04-09,Utilities sector remains stable during market fluctuations,Times of India,Regulatory Compliance Failure,Euro Stoxx 50,2.1,172.24,Negative,Technology,High,Lockheed Martin,https://www.forbes.com/finance/geopolitical-event-impact,utilities sector remains stable during market fluctuations,10,Governance,2,1,2025,-1.0
2080,2080,2080,2080,2080,2025-08-07,New regulations on cryptocurrencies cause a market dip,Financial Times,Regulatory Compliance Failure,Shanghai Composite,,389.28,Negative,Construction,Low,Microsoft,https://www.cnbc.com/2025/08/russia-ukraine-war-economic-impact,new regulations on cryptocurrencies cause a market dip,9,Governance,0,0,2025,-1.0
2081,2081,2081,2081,2081,2025-06-09,Consumer Discretionary stocks outperform as spending increases,Barron's,Antitrust Investigation,IBOVESPA,1.93,175.65,Neutral,Telecommunications,Low,Lockheed Martin,https://www.bloomberg.com/asia/telecommunications-news,consumer discretionary stocks outperform as spending increases,18,Governance,0,0,2025,0.0
2082,2082,2082,2082,2082,2025-08-08,Central Bank's dovish tone hints at future rate cuts,The Hindu Business Line,Worker Strike,DAX,-0.26,74.8,Negative,Pharmaceuticals,Medium,Chevron Corporation,https://www.ft.com/content/consumer-confidence-report,central bank's dovish tone hints at future rate cuts,17,Social,1,1,2025,-1.0
2083,2083,2083,2083,2083,2025-04-01,Semiconductor shortages weigh heavily on tech sector profits,Business Standard,Accounting Fraud Investigation,Shanghai Composite,3.52,123.49,Positive,Aerospace & Defense,Medium,General Motors,https://www.reuters.com/business/energy/oil-market-update,semiconductor shortages weigh heavily on tech sector profits,7,Governance,1,1,2025,1.0
2084,2084,2084,2084,2084,2025-05-07,Merger talks between two banks fall through,Financial Times,Executive Misconduct,IBOVESPA,-4.09,110.78,Neutral,Utilities,Low,Microsoft,https://timesofindia.indiatimes.com/business/agriculture-sector,merger talks between two banks fall through,14,Governance,0,0,2025,0.0
2085,2085,2085,2085,2085,2025-07-20,Government subsidy program gives a lift to the agriculture sector,Yahoo Finance,Human Rights Allegation,TSX,4.49,399.94,Positive,Construction,Low,Bank of America,https://www.ft.com/content/consumer-confidence-report,government subsidy program gives a lift to the agriculture sector,19,Social,0,0,2025,1.0
2086,2086,2086,2086,2086,2025-07-19,Bond yields tumble as investors seek safe havens,Barron's,Human Rights Allegation,KOSPI,-2.33,110.35,Negative,Finance,Low,Apple Inc.,https://www.wsj.com/china/market-rally,bond yields tumble as investors seek safe havens,17,Social,0,0,2025,-1.0
2087,2087,2087,2087,2087,2025-03-03,Consumer confidence index reaches a decade high,Times of India,Regulatory Compliance Failure,Nasdaq Composite,1.72,498.96,Negative,Utilities,High,Intel,https://www.business-standard.com/international-business/trade-policy,consumer confidence index reaches a decade high,18,Governance,2,1,2025,-1.0
2088,2088,2088,2088,2088,2025-04-29,Nikkei 225 index benefits from a weaker yen,Seeking Alpha,Regulatory Compliance Failure,FTSE 100,-0.23,370.72,Negative,Industrials,Medium,Lockheed Martin,https://www.business-standard.com/economy/trade-disputes-impact,nikkei 225 index benefits from a weaker yen,6,Governance,1,1,2025,-1.0
2089,2089,2089,2089,2089,2025-04-20,Massive stock buyback program announced by a consumer goods company,Yahoo Finance,Antitrust Investigation,Nasdaq Composite,-0.97,493.11,Neutral,Aerospace & Defense,Low,Intel,https://www.marketwatch.com/story/consumer-goods-report,massive stock buyback program announced by a consumer goods company,15,Governance,0,0,2025,0.0
2090,2090,2090,2090,2090,2025-04-21,Government policy shift boosts renewable energy sector,Times of India,Executive Misconduct,BSE Sensex,-1.52,246.22,Negative,Healthcare,High,Apple Inc.,https://www.ft.com/content/currency-devaluation,government policy shift boosts renewable energy sector,0,Governance,2,1,2025,-1.0
2091,2091,2091,2091,2091,2025-05-27,Healthcare stocks gain on robust demand and strong outlook,Barron's,Antitrust Investigation,ASX 200,-2.45,212.64,Negative,Pharmaceuticals,High,Chevron Corporation,https://www.reuters.com/markets/indices/nikkei-225,healthcare stocks gain on robust demand and strong outlook,13,Governance,2,1,2025,-1.0
2092,2092,2092,2092,2092,2025-02-23,Manufacturing PMI data signals economic expansion,Forbes,Antitrust Investigation,IBOVESPA,0.6,355.33,Negative,Media & Entertainment,High,JPMorgan Chase,https://www.wsj.com/china/market-rally,manufacturing pmi data signals economic expansion,16,Governance,2,1,2025,-1.0
2093,2093,2093,2093,2093,2025-07-04,Mining company stock surges on commodity price boom,Financial Times,Antitrust Investigation,DAX,3.47,136.35,Positive,Agriculture,Medium,Ford Motor Company,https://www.investopedia.com/articles/government-policy-announcement,mining company stock surges on commodity price boom,1,Governance,1,1,2025,1.0
2094,2094,2094,2094,2094,2025-05-08,Financial sector bracing for new capital requirements,Seeking Alpha,Accounting Fraud Investigation,Nikkei 225,3.57,368.41,Negative,Transportation,Medium,Bank of America,https://www.cnbc.com/2025/10/real-estate-market-analysis,financial sector bracing for new capital requirements,14,Governance,1,1,2025,-1.0
2095,2095,2095,2095,2095,2025-08-12,Financial services stocks rally on strong profit margins,Bloomberg,Accounting Fraud Investigation,NSE Nifty,2.18,356.38,Negative,Utilities,Low,Lockheed Martin,https://economictimes.indiatimes.com/news/economy/unemployment-rate,financial services stocks rally on strong profit margins,15,Governance,0,0,2025,-1.0
2096,2096,2096,2096,2096,2025-04-19,Massive stock buyback program announced by a consumer goods company,Wall Street Journal,Human Rights Allegation,TSX,2.53,360.15,Positive,Automotive,Medium,Exxon Mobil,https://www.business-standard.com/economy/inflation-data,massive stock buyback program announced by a consumer goods company,3,Social,1,1,2025,1.0
2097,2097,2097,2097,2097,2025-07-29,Government policy shift boosts renewable energy sector,Business Standard,Antitrust Investigation,Euro Stoxx 50,-1.94,389.3,Positive,Media & Entertainment,Low,Microsoft,https://www.bloomberg.com/australia/asx-200-performance,government policy shift boosts renewable energy sector,13,Governance,0,0,2025,1.0
2098,2098,2098,2098,2098,2025-02-08,Supply chain issues impact manufacturing sector earnings,Times of India,Worker Strike,S&P 500,2.98,486.23,Negative,Finance,Low,Exxon Mobil,https://www.ft.com/content/geopolitical-summit,supply chain issues impact manufacturing sector earnings,3,Social,0,0,2025,-1.0
2099,2099,2099,2099,2099,2025-03-05,Automotive industry faces headwinds from rising material costs,CNBC,Regulatory Compliance Failure,BSE Sensex,-1.38,238.68,Neutral,Automotive,Medium,Ford Motor Company,https://www.marketwatch.com/story/commodities-price-shock,automotive industry faces headwinds from rising material costs,5,Governance,1,1,2025,0.0
2100,2100,2100,2100,2100,2025-07-26,Banking stocks dip after a major scandal is revealed,Times of India,Accounting Fraud Investigation,DAX,-1.41,44.43,Negative,Finance,High,Ford Motor Company,https://economictimes.indiatimes.com/news/transportation,banking stocks dip after a major scandal is revealed,7,Governance,2,1,2025,-1.0
2101,2101,2101,2101,2101,2025-05-06,E-commerce earnings report beats all analyst expectations,MarketWatch,Regulatory Compliance Failure,Shanghai Composite,2.0,265.73,Neutral,Industrials,Medium,Intel,https://www.moneycontrol.com/us-markets/nasdaq-composite,e commerce earnings report beats all analyst expectations,13,Governance,1,1,2025,0.0
2102,2102,2102,2102,2102,2025-07-02,Pharmaceutical company's drug approval drives stock upward,The Economist,Accounting Fraud Investigation,Shanghai Composite,1.48,472.13,Negative,Media & Entertainment,Low,Exxon Mobil,https://www.business-standard.com/economy/trade-disputes-impact,pharmaceutical company's drug approval drives stock upward,14,Governance,0,0,2025,-1.0
2103,2103,2103,2103,2103,2025-02-20,Massive stock buyback program announced by a consumer goods company,Reuters,Regulatory Compliance Failure,Hang Seng,-2.91,464.41,Negative,Industrials,High,Lockheed Martin,https://www.bloomberg.com/asia/policy/central-bank-meeting,massive stock buyback program announced by a consumer goods company,15,Governance,2,1,2025,-1.0
2104,2104,2104,2104,2104,2025-05-30,Manufacturing PMI data signals economic expansion,Financial Times,Antitrust Investigation,Euro Stoxx 50,2.67,404.86,Positive,Healthcare,Medium,Microsoft,https://www.marketwatch.com/story/commodities-price-shock,manufacturing pmi data signals economic expansion,6,Governance,1,1,2025,1.0
2105,2105,2105,2105,2105,2025-08-08,Crude oil prices drop to a multi-year low,Times of India,Human Rights Allegation,KOSPI,-1.05,370.51,Negative,Healthcare,Medium,Microsoft,https://www.reuters.com/markets/indices/nikkei-225,crude oil prices drop to a multi year low,19,Social,1,1,2025,-1.0
2106,2106,2106,2106,2106,2025-04-23,Aerospace and Defense sector sees rally amid geopolitical tensions,Times of India,Product Safety Recall,FTSE 100,-2.33,194.83,Positive,Energy,Low,Ford Motor Company,https://www.bloomberg.com/asia/policy/central-bank-meeting,aerospace and defense sector sees rally amid geopolitical tensions,17,Social,0,0,2025,1.0
2107,2107,2107,2107,2107,2025-04-05,Major oil spill sends energy stocks plummeting,Times of India,Accounting Fraud Investigation,ASX 200,1.36,326.26,Positive,Aerospace & Defense,Medium,Apple Inc.,https://www.business-standard.com/international-business/trade-policy,major oil spill sends energy stocks plummeting,14,Governance,1,1,2025,1.0
2108,2108,2108,2108,2108,2025-04-13,Government subsidy program gives a lift to the agriculture sector,CNBC,Regulatory Compliance Failure,Shanghai Composite,-0.37,72.79,Negative,Industrials,Low,Ford Motor Company,https://www.business-standard.com/economy/economic-stimulus,government subsidy program gives a lift to the agriculture sector,18,Governance,0,0,2025,-1.0
2109,2109,2109,2109,2109,2025-05-23,Gold prices surge as investors flee riskier assets,Seeking Alpha,Environmental Spill,Nasdaq Composite,3.15,447.89,Neutral,Construction,Medium,Lockheed Martin,https://www.bloomberg.com/australia/asx-200-performance,gold prices surge as investors flee riskier assets,2,Environmental,1,1,2025,0.0
2110,2110,2110,2110,2110,2025-04-26,Media and Entertainment companies report a surge in streaming revenue,The Motley Fool,Environmental Spill,IBOVESPA,-3.46,85.67,Negative,Transportation,Medium,JPMorgan Chase,https://www.business-standard.com/international-business/trade-policy,media and entertainment companies report a surge in streaming revenue,2,Environmental,1,1,2025,-1.0
2111,2111,2111,2111,2111,2025-03-26,Retail sales report surpasses all forecasts,The Motley Fool,Product Safety Recall,Nikkei 225,-4.0,29.65,Negative,Automotive,High,Exxon Mobil,https://www.business-standard.com/international-business/trade-policy,retail sales report surpasses all forecasts,8,Social,2,1,2025,-1.0
2112,2112,2112,2112,2112,2025-05-15,Crude oil prices drop to a multi-year low,Wall Street Journal,Antitrust Investigation,Dow Jones,2.71,42.41,Negative,Utilities,High,Microsoft,https://timesofindia.indiatimes.com/business/finance/banking-sector-news,crude oil prices drop to a multi year low,13,Governance,2,1,2025,-1.0
2113,2113,2113,2113,2113,2025-03-30,Mining company stock surges on commodity price boom,Bloomberg,Human Rights Allegation,S&P 500,-2.53,438.19,Negative,Transportation,High,Bank of America,https://www.business-standard.com/economy/inflation-data,mining company stock surges on commodity price boom,3,Social,2,1,2025,-1.0
2114,2114,2114,2114,2114,2025-03-08,Semiconductor shortages weigh heavily on tech sector profits,Business Standard,Labor Rights Violation,Shanghai Composite,,320.95,Negative,Transportation,Medium,JPMorgan Chase,https://www.business-standard.com/finance/corporate-earnings,semiconductor shortages weigh heavily on tech sector profits,17,Social,1,1,2025,-1.0
2115,2115,2115,2115,2115,2025-03-29,Unexpected rise in unemployment fuels market pessimism,The Economist,Antitrust Investigation,ASX 200,3.29,93.42,Negative,Telecommunications,Low,Bank of America,https://www.bloomberg.com/asia/policy/central-bank-meeting,unexpected rise in unemployment fuels market pessimism,13,Governance,0,0,2025,-1.0
2116,2116,2116,2116,2116,2025-02-03,Automotive industry faces headwinds from rising material costs,Yahoo Finance,Regulatory Compliance Failure,S&P 500,1.94,224.54,Neutral,Healthcare,Low,Ford Motor Company,https://www.reuters.com/business/retail-sector-earnings,automotive industry faces headwinds from rising material costs,14,Governance,0,0,2025,0.0
2117,2117,2117,2117,2117,2025-03-05,New housing data release shows a slowdown in market activity,Investopedia,Regulatory Compliance Failure,Hang Seng,-3.3,219.82,Positive,Real Estate,Medium,Chevron Corporation,https://www.moneycontrol.com/india/ipo-news/new-firm-launches,new housing data release shows a slowdown in market activity,5,Governance,1,1,2025,1.0
2118,2118,2118,2118,2118,2025-02-15,Unexpected rise in unemployment fuels market pessimism,MarketWatch,Accounting Fraud Investigation,Dow Jones,0.63,383.31,Neutral,Pharmaceuticals,Medium,Bank of America,https://www.ft.com/content/media-entertainment-merger,unexpected rise in unemployment fuels market pessimism,4,Governance,1,1,2025,0.0
2119,2119,2119,2119,2119,2025-05-28,Consumer confidence index reaches a decade high,Forbes,Executive Misconduct,KOSPI,-2.57,96.24,Neutral,Retail,Low,Intel,https://www.theeconomist.com/world/government-policy-announcement,consumer confidence index reaches a decade high,6,Governance,0,0,2025,0.0
2120,2120,2120,2120,2120,2025-04-22,Record-high inflation data rattles investors,Yahoo Finance,Antitrust Investigation,Nasdaq Composite,-4.27,45.69,Positive,Utilities,Medium,Lockheed Martin,https://www.reuters.com/markets/indices/nikkei-225,record high inflation data rattles investors,7,Governance,1,1,2025,1.0
2121,2121,2121,2121,2121,2025-02-28,,Seeking Alpha,Regulatory Compliance Failure,IBOVESPA,-4.33,313.39,Negative,Technology,Medium,Apple Inc.,,,9,Governance,1,1,2025,-1.0
2122,2122,2122,2122,2122,2025-03-11,Automotive industry faces headwinds from rising material costs,Bloomberg,Executive Misconduct,S&P/TSX Composite,,38.07,Negative,Retail,High,Lockheed Martin,https://www.moneycontrol.com/us-markets/dow-jones-industrial,automotive industry faces headwinds from rising material costs,9,Governance,2,1,2025,-1.0
2123,2123,2123,2123,2123,2025-02-22,,Yahoo Finance,Human Rights Allegation,CAC 40,0.9,36.08,Negative,Energy,Low,Ford Motor Company,https://www.bloomberg.com/asia/policy/central-bank-meeting,,17,Social,0,0,2025,-1.0
2124,2124,2124,2124,2124,2025-02-12,Tech Giant's New Product Launch Sparks Sector-Wide Gains,Wall Street Journal,Executive Misconduct,Nasdaq Composite,-4.95,116.43,Neutral,Technology,Medium,Apple Inc.,https://www.business-standard.com/economy/trade-disputes-impact,tech giant's new product launch sparks sector wide gains,13,Governance,1,1,2025,0.0
2125,2125,2125,2125,2125,2025-02-17,Government spending bill is expected to stimulate the economy,Barron's,Accounting Fraud Investigation,DAX,3.54,87.66,Positive,Aerospace & Defense,Low,General Motors,https://www.wsj.com/europe/regulatory-changes,government spending bill is expected to stimulate the economy,15,Governance,0,0,2025,1.0
2126,2126,2126,2126,2126,2025-03-01,E-commerce earnings report beats all analyst expectations,Business Standard,Regulatory Compliance Failure,FTSE 100,-1.82,474.83,Negative,Finance,High,Intel,https://economictimes.indiatimes.com/news/economy/unemployment-rate,e commerce earnings report beats all analyst expectations,7,Governance,2,1,2025,-1.0
2127,2127,2127,2127,2127,2025-06-12,China's Shanghai Composite falls after new trade restrictions,Financial Times,Executive Misconduct,Russell 2000,-2.11,485.28,,Real Estate,Low,Microsoft,https://economictimes.indiatimes.com/news/transportation,china's shanghai composite falls after new trade restrictions,15,Governance,0,0,2025,
2128,2128,2128,2128,2128,2025-05-16,A massive data breach sends a tech company's stock tumbling,Bloomberg,Antitrust Investigation,DAX,-3.32,168.66,Negative,Media & Entertainment,High,Microsoft,https://www.reuters.com/markets/indices/ftse-100,a massive data breach sends a tech company's stock tumbling,0,Governance,2,1,2025,-1.0
2129,2129,2129,2129,2129,2025-04-05,Consumer Discretionary stocks outperform as spending increases,Barron's,Regulatory Compliance Failure,S&P/TSX Composite,-3.09,429.99,Positive,Materials,Low,Ford Motor Company,https://www.marketwatch.com/story/consumer-goods-report,consumer discretionary stocks outperform as spending increases,7,Governance,0,0,2025,1.0
2130,2130,2130,2130,2130,2025-03-12,Supply chain issues impact manufacturing sector earnings,Mint,Accounting Fraud Investigation,KOSPI,,357.03,,Technology,Low,Intel,https://timesofindia.indiatimes.com/business/finance/banking-sector-news,supply chain issues impact manufacturing sector earnings,11,Governance,0,0,2025,
2131,2131,2131,2131,2131,2025-02-09,Utilities sector remains stable during market fluctuations,Times of India,Regulatory Compliance Failure,S&P 500,-1.16,374.05,Negative,Materials,Medium,Chevron Corporation,,utilities sector remains stable during market fluctuations,10,Governance,1,1,2025,-1.0
2132,2132,2132,2132,2132,2025-06-13,Major oil spill sends energy stocks plummeting,Reuters,Executive Misconduct,Nikkei 225,4.09,388.38,Negative,Real Estate,High,Exxon Mobil,https://timesofindia.indiatimes.com/business/finance/banking-sector-news,major oil spill sends energy stocks plummeting,11,Governance,2,1,2025,-1.0
2133,2133,2133,2133,2133,2025-06-26,Government policy shift boosts renewable energy sector,CNBC,Accounting Fraud Investigation,CAC 40,2.77,200.99,Negative,Healthcare,Low,Microsoft,https://www.moneycontrol.com/us-markets/sp-500,government policy shift boosts renewable energy sector,7,Governance,0,0,2025,-1.0
2134,2134,2134,2134,2134,2025-08-08,Central Bank's dovish tone hints at future rate cuts,Reuters,Regulatory Compliance Failure,ASX 200,-1.39,184.69,Negative,Consumer Goods,High,Lockheed Martin,https://www.reuters.com/markets/stocks/tech-rally,central bank's dovish tone hints at future rate cuts,14,Governance,2,1,2025,-1.0
2135,2135,2135,2135,2135,2025-05-10,Massive stock buyback program announced by a consumer goods company,Wall Street Journal,Regulatory Compliance Failure,IBOVESPA,0.06,287.67,Neutral,Energy,Medium,Ford Motor Company,,massive stock buyback program announced by a consumer goods company,16,Governance,1,1,2025,0.0
2136,2136,2136,2136,2136,2025-04-08,"Global trade talks collapse, causing market turmoil",The Economist,Regulatory Compliance Failure,Nikkei 225,4.21,66.99,Negative,Real Estate,High,Lockheed Martin,,"global trade talks collapse, causing market turmoil",5,Governance,2,1,2025,-1.0
2137,2137,2137,2137,2137,2025-07-04,A massive data breach sends a tech company's stock tumbling,Bloomberg,Antitrust Investigation,S&P 500,4.39,258.05,Positive,Aerospace & Defense,Low,Ford Motor Company,https://www.wsj.com/europe/dax-performance,a massive data breach sends a tech company's stock tumbling,9,Governance,0,0,2025,1.0
2138,2138,2138,2138,2138,2025-04-03,Consumer Discretionary stocks outperform as spending increases,Forbes,Accounting Fraud Investigation,NSE Nifty,-1.08,128.66,Negative,Telecommunications,High,Intel,https://www.forbes.com/crypto/cryptocurrency-regulation,consumer discretionary stocks outperform as spending increases,12,Governance,2,1,2025,-1.0
2139,2139,2139,2139,2139,2025-02-03,Financial services stocks rally on strong profit margins,Economic Times,Human Rights Allegation,TSX,-3.53,13.39,,Consumer Goods,Low,Exxon Mobil,https://economictimes.indiatimes.com/industry/industrials,financial services stocks rally on strong profit margins,8,Social,0,0,2025,
2140,2140,2140,2140,2140,2025-02-10,New housing data release shows a slowdown in market activity,Mint,Antitrust Investigation,Dow Jones,-2.67,316.83,Positive,Healthcare,Medium,Apple Inc.,https://www.theeconomist.com/finance-and-economics/trade-tariffs,new housing data release shows a slowdown in market activity,0,Governance,1,1,2025,1.0
2141,2141,2141,2141,2141,2025-03-07,,Business Standard,Executive Misconduct,Nasdaq Composite,0.32,83.2,Negative,Healthcare,Medium,Chevron Corporation,,,5,Governance,1,1,2025,-1.0
2142,2142,2142,2142,2142,2025-07-03,UK's FTSE 100 sees a boost from favorable trade data,MarketWatch,Antitrust Investigation,Shanghai Composite,,141.86,Positive,Energy,Medium,JPMorgan Chase,https://www.bloomberg.com/canada/tsunami-warnings,uk's ftse 100 sees a boost from favorable trade data,9,Governance,1,1,2025,1.0
2143,2143,2143,2143,2143,2025-03-04,Nikkei 225 index benefits from a weaker yen,Wall Street Journal,Regulatory Compliance Failure,KOSPI,-3.68,369.29,Negative,Materials,High,General Motors,https://www.cnbc.com/2025/09/automotive-industry-trends,nikkei 225 index benefits from a weaker yen,13,Governance,2,1,2025,-1.0
2144,2144,2144,2144,2144,2025-05-08,Energy company's dividend hike excites shareholders,Investopedia,Regulatory Compliance Failure,S&P/TSX Composite,-3.75,327.73,Negative,Telecommunications,High,Chevron Corporation,https://timesofindia.indiatimes.com/business/corporate-governance,energy company's dividend hike excites shareholders,11,Governance,2,1,2025,-1.0
2145,2145,2145,2145,2145,2025-05-11,Financial sector bracing for new capital requirements,Business Standard,Climate Regulation Breach,KOSPI,1.27,294.57,Negative,Real Estate,High,Lockheed Martin,https://www.forbes.com/crypto/cryptocurrency-regulation,financial sector bracing for new capital requirements,2,Environmental,2,1,2025,-1.0
2146,2146,2146,2146,2146,2025-03-19,Quarterly report shows surprising losses for retail giants,The Hindu Business Line,Regulatory Compliance Failure,TSX,3.12,413.11,Negative,Media & Entertainment,High,General Motors,https://www.wsj.com/europe/dax-performance,quarterly report shows surprising losses for retail giants,10,Governance,2,1,2025,-1.0
2147,2147,2147,2147,2147,2025-02-24,Government spending bill is expected to stimulate the economy,CNBC,Carbon Emissions Violation,Russell 2000,3.61,21.86,Negative,Real Estate,Medium,General Motors,https://www.business-standard.com/economy/inflation-data,government spending bill is expected to stimulate the economy,2,Environmental,1,1,2025,-1.0
2148,2148,2148,2148,2148,2025-02-19,,The Hindu Business Line,Executive Misconduct,Hang Seng,-0.97,259.15,Negative,Transportation,High,Apple Inc.,https://www.ft.com/content/geopolitical-summit,,15,Governance,2,1,2025,-1.0
2149,2149,2149,2149,2149,2025-06-12,New IPO for a popular software firm is oversubscribed,CNBC,Executive Misconduct,Nasdaq Composite,1.42,385.31,Negative,Utilities,High,Intel,https://www.cnbc.com/2025/11/major-merger-deal-approved,new ipo for a popular software firm is oversubscribed,15,Governance,2,1,2025,-1.0
2150,2150,2150,2150,2150,2025-04-27,Financial services stocks rally on strong profit margins,Investopedia,Executive Misconduct,KOSPI,1.6,331.55,Neutral,Real Estate,Medium,Bank of America,https://economictimes.indiatimes.com/news/economy/unemployment-rate,financial services stocks rally on strong profit margins,1,Governance,1,1,2025,0.0
2151,2151,2151,2151,2151,2025-08-13,Healthcare stocks gain on robust demand and strong outlook,Mint,Regulatory Compliance Failure,S&P 500,-1.94,242.87,Negative,Healthcare,Low,Bank of America,https://www.business-standard.com/finance/corporate-earnings,healthcare stocks gain on robust demand and strong outlook,1,Governance,0,0,2025,-1.0
2152,2152,2152,2152,2152,2025-07-29,Aerospace and Defense sector sees rally amid geopolitical tensions,CNBC,Human Rights Allegation,Euro Stoxx 50,4.61,1.88,Neutral,Telecommunications,Medium,JPMorgan Chase,https://www.ft.com/content/media-entertainment-merger,aerospace and defense sector sees rally amid geopolitical tensions,17,Social,1,1,2025,0.0
2153,2153,2153,2153,2153,2025-07-09,Consumer Discretionary stocks outperform as spending increases,Business Standard,Accounting Fraud Investigation,Dow Jones,-2.8,299.57,Negative,Utilities,High,JPMorgan Chase,https://www.reuters.com/business/energy/oil-market-update,consumer discretionary stocks outperform as spending increases,18,Governance,2,1,2025,-1.0
2154,2154,2154,2154,2154,2025-07-01,Pharmaceutical company's drug approval drives stock upward,Business Standard,Labor Rights Violation,DAX,-0.99,210.25,Negative,Media & Entertainment,High,Exxon Mobil,https://www.wsj.com/japan/economic-data-release,pharmaceutical company's drug approval drives stock upward,19,Social,2,1,2025,-1.0
2155,2155,2155,2155,2155,2025-03-22,Government policy shift boosts renewable energy sector,Bloomberg,Executive Misconduct,S&P/TSX Composite,,357.93,Negative,Real Estate,High,General Motors,https://economictimes.indiatimes.com/stocks/bse-sensex-plunges,government policy shift boosts renewable energy sector,7,Governance,2,1,2025,-1.0
2156,2156,2156,2156,2156,2025-06-23,Mining company stock surges on commodity price boom,MarketWatch,Executive Misconduct,S&P 500,3.04,53.08,Negative,Retail,Medium,JPMorgan Chase,https://www.investopedia.com/articles/supply-chain-disruption,mining company stock surges on commodity price boom,6,Governance,1,1,2025,-1.0
2157,2157,2157,2157,2157,2025-04-29,,Mint,Regulatory Compliance Failure,IBOVESPA,-2.76,161.0,Negative,Finance,Medium,Exxon Mobil,https://www.bloomberg.com/middle-east/news/bond-market-fluctuation,,0,Governance,1,1,2025,-1.0
2158,2158,2158,2158,2158,2025-05-18,Nikkei 225 index benefits from a weaker yen,Barron's,Executive Misconduct,Nikkei 225,2.91,379.45,Neutral,Retail,Medium,Lockheed Martin,https://www.business-standard.com/economy/inflation-data,nikkei 225 index benefits from a weaker yen,4,Governance,1,1,2025,0.0
2159,2159,2159,2159,2159,2025-03-20,Record-high inflation data rattles investors,Times of India,Regulatory Compliance Failure,Dow Jones,4.13,188.23,Negative,Energy,High,Lockheed Martin,https://timesofindia.indiatimes.com/business/markets/stock-market-crash,record high inflation data rattles investors,18,Governance,2,1,2025,-1.0
2160,2160,2160,2160,2160,2025-02-17,Real Estate sector shows signs of overheating as interest rates fall,Forbes,Antitrust Investigation,Nasdaq Composite,-2.23,314.37,Negative,Materials,Low,Apple Inc.,https://www.ft.com/content/currency-devaluation,real estate sector shows signs of overheating as interest rates fall,9,Governance,0,0,2025,-1.0
2161,2161,2161,2161,2161,2025-03-23,Tech Giant's New Product Launch Sparks Sector-Wide Gains,The Economist,Worker Strike,KOSPI,1.14,55.15,Neutral,Utilities,Medium,Chevron Corporation,https://www.wsj.com/china/market-rally,tech giant's new product launch sparks sector wide gains,8,Social,1,1,2025,0.0
2162,2162,2162,2162,2162,2025-07-20,Bond yields tumble as investors seek safe havens,Investopedia,Executive Misconduct,Dow Jones,1.75,49.48,Negative,Construction,High,Apple Inc.,https://www.bloomberg.com/asia/telecommunications-news,bond yields tumble as investors seek safe havens,5,Governance,2,1,2025,-1.0
2163,2163,2163,2163,2163,2025-04-21,"Global trade talks collapse, causing market turmoil",Reuters,Accounting Fraud Investigation,Shanghai Composite,-3.46,213.09,Neutral,Pharmaceuticals,Low,Ford Motor Company,https://www.cnbc.com/2025/10/real-estate-market-analysis,"global trade talks collapse, causing market turmoil",12,Governance,0,0,2025,0.0
2164,2164,2164,2164,2164,2025-04-26,Healthcare stocks gain on robust demand and strong outlook,Bloomberg,Regulatory Compliance Failure,CAC 40,2.03,33.8,Neutral,Telecommunications,Medium,Apple Inc.,https://economictimes.indiatimes.com/industry/industrials,healthcare stocks gain on robust demand and strong outlook,1,Governance,1,1,2025,0.0
2165,2165,2165,2165,2165,2025-03-16,Manufacturing PMI data signals economic expansion,Financial Times,Executive Misconduct,DAX,-0.05,118.13,,Agriculture,Medium,JPMorgan Chase,https://www.ft.com/content/consumer-confidence-report,manufacturing pmi data signals economic expansion,16,Governance,1,1,2025,
2166,2166,2166,2166,2166,2025-03-02,Financial sector bracing for new capital requirements,Bloomberg,Regulatory Compliance Failure,IBOVESPA,-4.6,42.62,Positive,Consumer Goods,Medium,General Motors,https://timesofindia.indiatimes.com/business/finance/banking-sector-news,financial sector bracing for new capital requirements,1,Governance,1,1,2025,1.0
2167,2167,2167,2167,2167,2025-05-19,Semiconductor shortages weigh heavily on tech sector profits,The Hindu Business Line,Accounting Fraud Investigation,S&P 500,4.91,394.47,Neutral,Media & Entertainment,Low,Ford Motor Company,https://www.bloomberg.com/australia/asx-200-performance,semiconductor shortages weigh heavily on tech sector profits,13,Governance,0,0,2025,0.0
2168,2168,2168,2168,2168,2025-02-14,ASX 200 gains on strong export performance,Times of India,Executive Misconduct,CAC 40,-4.73,301.11,Negative,Utilities,Medium,General Motors,https://www.bloomberg.com/asia/policy/central-bank-meeting,asx 200 gains on strong export performance,0,Governance,1,1,2025,-1.0
2169,2169,2169,2169,2169,2025-07-04,Government spending bill is expected to stimulate the economy,Forbes,Accounting Fraud Investigation,CAC 40,3.29,241.42,Neutral,Consumer Goods,Low,Apple Inc.,https://www.ft.com/content/geopolitical-summit,government spending bill is expected to stimulate the economy,4,Governance,0,0,2025,0.0
2170,2170,2170,2170,2170,2025-03-17,Banking stocks dip after a major scandal is revealed,MarketWatch,Antitrust Investigation,Russell 2000,0.8,387.74,Negative,Energy,Low,Microsoft,https://www.ft.com/content/consumer-confidence-report,banking stocks dip after a major scandal is revealed,7,Governance,0,0,2025,-1.0
2171,2171,2171,2171,2171,2025-06-28,Supply chain issues impact manufacturing sector earnings,Yahoo Finance,Executive Misconduct,CAC 40,-0.04,412.71,Neutral,Consumer Goods,Low,General Motors,,supply chain issues impact manufacturing sector earnings,1,Governance,0,0,2025,0.0
2172,2172,2172,2172,2172,2025-06-27,Unexpected rise in unemployment fuels market pessimism,The Economist,Regulatory Compliance Failure,Russell 2000,4.04,391.8,Neutral,Automotive,Low,Apple Inc.,https://www.wsj.com/japan/economic-data-release,unexpected rise in unemployment fuels market pessimism,13,Governance,0,0,2025,0.0
2173,2173,2173,2173,2173,2025-08-02,New IPO for a popular software firm is oversubscribed,Barron's,Regulatory Compliance Failure,IBOVESPA,-3.44,25.42,Negative,Technology,High,Bank of America,https://www.ft.com/content/media-entertainment-merger,new ipo for a popular software firm is oversubscribed,4,Governance,2,1,2025,-1.0
2174,2174,2174,2174,2174,2025-02-14,New IPO for a popular software firm is oversubscribed,Yahoo Finance,Antitrust Investigation,BSE Sensex,3.56,487.14,Positive,Energy,Low,Intel,https://www.business-standard.com/economy/inflation-data,new ipo for a popular software firm is oversubscribed,12,Governance,0,0,2025,1.0
2175,2175,2175,2175,2175,2025-06-30,Unexpected rise in unemployment fuels market pessimism,Economic Times,Accounting Fraud Investigation,Russell 2000,1.08,389.27,Negative,Real Estate,High,Ford Motor Company,https://economictimes.indiatimes.com/industry/industrials,unexpected rise in unemployment fuels market pessimism,0,Governance,2,1,2025,-1.0
2176,2176,2176,2176,2176,2025-05-01,Central Bank's dovish tone hints at future rate cuts,Mint,Regulatory Compliance Failure,Nasdaq Composite,-2.08,65.05,Negative,Transportation,High,Exxon Mobil,https://www.bloomberg.com/australia/asx-200-performance,central bank's dovish tone hints at future rate cuts,5,Governance,2,1,2025,-1.0
2177,2177,2177,2177,2177,2025-03-16,Gold prices surge as investors flee riskier assets,The Hindu Business Line,Executive Misconduct,S&P/TSX Composite,2.7,186.43,Positive,Retail,Medium,Chevron Corporation,https://www.reuters.com/markets/indices/nikkei-225,gold prices surge as investors flee riskier assets,4,Governance,1,1,2025,1.0
2178,2178,2178,2178,2178,2025-02-24,Consumer confidence index reaches a decade high,Yahoo Finance,Climate Regulation Breach,S&P 500,4.55,401.89,Negative,Media & Entertainment,Low,Bank of America,https://www.cnbc.com/2025/12/healthcare-sector-outlook,consumer confidence index reaches a decade high,2,Environmental,0,0,2025,-1.0
2179,2179,2179,2179,2179,2025-07-10,Utilities sector remains stable during market fluctuations,Bloomberg,Antitrust Investigation,Dow Jones,4.2,295.96,Negative,Automotive,Low,Microsoft,https://www.bloomberg.com/canada/tsunami-warnings,utilities sector remains stable during market fluctuations,16,Governance,0,0,2025,-1.0
2180,2180,2180,2180,2180,2025-04-24,Consumer confidence index reaches a decade high,The Motley Fool,Regulatory Compliance Failure,DAX,3.19,376.27,Neutral,Media & Entertainment,Low,Bank of America,https://www.marketwatch.com/story/commodities-price-shock,consumer confidence index reaches a decade high,6,Governance,0,0,2025,0.0
2181,2181,2181,2181,2181,2025-06-16,Government spending bill is expected to stimulate the economy,The Economist,Antitrust Investigation,CAC 40,-0.28,182.0,Negative,Construction,High,Bank of America,https://www.forbes.com/crypto/cryptocurrency-regulation,government spending bill is expected to stimulate the economy,7,Governance,2,1,2025,-1.0
2182,2182,2182,2182,2182,2025-06-21,Real Estate sector shows signs of overheating as interest rates fall,The Hindu Business Line,Executive Misconduct,BSE Sensex,1.13,455.28,Positive,Automotive,Medium,Ford Motor Company,https://www.cnbc.com/2025/11/major-merger-deal-approved,real estate sector shows signs of overheating as interest rates fall,15,Governance,1,1,2025,1.0
2183,2183,2183,2183,2183,2025-08-10,Automotive industry faces headwinds from rising material costs,Wall Street Journal,Regulatory Compliance Failure,Dow Jones,,443.86,Negative,Automotive,Low,Exxon Mobil,https://www.bloomberg.com/australia/asx-200-performance,automotive industry faces headwinds from rising material costs,11,Governance,0,0,2025,-1.0
2184,2184,2184,2184,2184,2025-03-17,Major oil spill sends energy stocks plummeting,Mint,Antitrust Investigation,Dow Jones,-2.19,363.53,Negative,Pharmaceuticals,Low,Chevron Corporation,https://www.wsj.com/europe/regulatory-changes,major oil spill sends energy stocks plummeting,13,Governance,0,0,2025,-1.0
2185,2185,2185,2185,2185,2025-02-24,Tech Giant's New Product Launch Sparks Sector-Wide Gains,Barron's,Antitrust Investigation,NSE Nifty,-0.87,105.91,,Telecommunications,Low,Apple Inc.,https://www.theeconomist.com/world/government-policy-announcement,tech giant's new product launch sparks sector wide gains,0,Governance,0,0,2025,
2186,2186,2186,2186,2186,2025-03-12,China's Shanghai Composite falls after new trade restrictions,Yahoo Finance,Labor Rights Violation,DAX,-2.46,54.53,Negative,Materials,High,Bank of America,https://www.reuters.com/markets/indices/nikkei-225,china's shanghai composite falls after new trade restrictions,8,Social,2,1,2025,-1.0
2187,2187,2187,2187,2187,2025-03-09,Nikkei 225 index benefits from a weaker yen,Barron's,Antitrust Investigation,Hang Seng,-0.15,193.36,Negative,Media & Entertainment,High,Bank of America,https://www.wsj.com/europe/dax-performance,nikkei 225 index benefits from a weaker yen,18,Governance,2,1,2025,-1.0
2188,2188,2188,2188,2188,2025-06-02,"Global trade talks collapse, causing market turmoil",Yahoo Finance,Regulatory Compliance Failure,BSE Sensex,3.03,396.16,Negative,Real Estate,High,JPMorgan Chase,https://timesofindia.indiatimes.com/business/corporate-governance,"global trade talks collapse, causing market turmoil",15,Governance,2,1,2025,-1.0
2189,2189,2189,2189,2189,2025-02-27,New regulations on cryptocurrencies cause a market dip,Seeking Alpha,Labor Rights Violation,ASX 200,1.14,293.91,Neutral,Pharmaceuticals,Medium,Microsoft,https://timesofindia.indiatimes.com/business/markets/stock-market-crash,new regulations on cryptocurrencies cause a market dip,17,Social,1,1,2025,0.0
2190,2190,2190,2190,2190,2025-03-07,Automotive industry faces headwinds from rising material costs,CNBC,Regulatory Compliance Failure,TSX,-0.19,372.22,Negative,Transportation,High,General Motors,https://www.forbes.com/crypto/cryptocurrency-regulation,automotive industry faces headwinds from rising material costs,7,Governance,2,1,2025,-1.0
2191,2191,2191,2191,2191,2025-03-11,UK's FTSE 100 sees a boost from favorable trade data,Financial Times,Executive Misconduct,KOSPI,-3.41,408.35,Positive,Technology,Medium,Microsoft,https://www.business-standard.com/economy/trade-disputes-impact,uk's ftse 100 sees a boost from favorable trade data,7,Governance,1,1,2025,1.0
2192,2192,2192,2192,2192,2025-06-05,Market sentiment turns positive on vaccine trial results,Financial Times,Executive Misconduct,S&P/TSX Composite,-1.42,341.8,,Media & Entertainment,Medium,Microsoft,https://www.cnbc.com/2025/12/healthcare-sector-outlook,market sentiment turns positive on vaccine trial results,16,Governance,1,1,2025,
2193,2193,2193,2193,2193,2025-05-22,Tech Giant's New Product Launch Sparks Sector-Wide Gains,Forbes,Antitrust Investigation,CAC 40,-2.31,312.88,Negative,Consumer Goods,Low,Microsoft,https://www.moneycontrol.com/india/ipo-news/new-firm-launches,tech giant's new product launch sparks sector wide gains,14,Governance,0,0,2025,-1.0
2194,2194,2194,2194,2194,2025-03-19,Dow Jones plunges as market fears recession,Bloomberg,Executive Misconduct,TSX,-1.75,294.92,,Real Estate,Low,Chevron Corporation,https://www.moneycontrol.com/us-markets/sp-500,dow jones plunges as market fears recession,18,Governance,0,0,2025,
2195,2195,2195,2195,2195,2025-05-16,"Global trade talks collapse, causing market turmoil",The Motley Fool,Antitrust Investigation,DAX,-1.26,3.72,Negative,Real Estate,Medium,Exxon Mobil,https://www.reuters.com/business/energy/oil-market-update,"global trade talks collapse, causing market turmoil",16,Governance,1,1,2025,-1.0
2196,2196,2196,2196,2196,2025-04-12,Government spending bill is expected to stimulate the economy,Seeking Alpha,Accounting Fraud Investigation,Hang Seng,2.33,5.84,Negative,Aerospace & Defense,Low,General Motors,https://www.reuters.com/markets/indices/nikkei-225,government spending bill is expected to stimulate the economy,14,Governance,0,0,2025,-1.0
2197,2197,2197,2197,2197,2025-03-28,Central Bank's dovish tone hints at future rate cuts,CNBC,Accounting Fraud Investigation,BSE Sensex,4.8,313.41,Neutral,Automotive,Medium,Chevron Corporation,https://www.investopedia.com/articles/government-policy-announcement,central bank's dovish tone hints at future rate cuts,12,Governance,1,1,2025,0.0
2198,2198,2198,2198,2198,2025-06-09,New IPO for a popular software firm is oversubscribed,Reuters,Antitrust Investigation,NSE Nifty,2.18,24.39,Neutral,Energy,Low,Exxon Mobil,https://www.investopedia.com/articles/supply-chain-disruption,new ipo for a popular software firm is oversubscribed,7,Governance,0,0,2025,0.0
2199,2199,2199,2199,2199,2025-02-12,Semiconductor shortages weigh heavily on tech sector profits,Financial Times,Antitrust Investigation,IBOVESPA,-1.05,99.4,Negative,Industrials,High,JPMorgan Chase,https://www.bloomberg.com/australia/asx-200-performance,semiconductor shortages weigh heavily on tech sector profits,4,Governance,2,1,2025,-1.0
2200,2200,2200,2200,2200,2025-04-30,Market sentiment turns positive on vaccine trial results,Mint,Executive Misconduct,Russell 2000,-1.76,484.34,Negative,Pharmaceuticals,Medium,Intel,https://timesofindia.indiatimes.com/business/corporate-governance,market sentiment turns positive on vaccine trial results,9,Governance,1,1,2025,-1.0
2201,2201,2201,2201,2201,2025-06-15,Nikkei 225 index benefits from a weaker yen,MarketWatch,Antitrust Investigation,S&P/TSX Composite,-4.52,242.78,Positive,Pharmaceuticals,Low,Chevron Corporation,https://www.investopedia.com/articles/government-policy-announcement,nikkei 225 index benefits from a weaker yen,7,Governance,0,0,2025,1.0
2202,2202,2202,2202,2202,2025-05-01,Bond yields tumble as investors seek safe havens,Investopedia,Regulatory Compliance Failure,TSX,-0.59,101.06,Negative,Consumer Goods,High,Bank of America,https://www.ft.com/content/tech-sector-innovation,bond yields tumble as investors seek safe havens,11,Governance,2,1,2025,-1.0
2203,2203,2203,2203,2203,2025-06-09,Market sentiment turns positive on vaccine trial results,CNBC,Executive Misconduct,Nasdaq Composite,-2.07,417.07,,Energy,Medium,Chevron Corporation,https://timesofindia.indiatimes.com/business/corporate-governance,market sentiment turns positive on vaccine trial results,7,Governance,1,1,2025,
2204,2204,2204,2204,2204,2025-06-01,Mining company stock surges on commodity price boom,CNBC,Executive Misconduct,NSE Nifty,,71.21,Negative,Consumer Goods,High,Bank of America,https://www.wsj.com/europe/regulatory-changes,mining company stock surges on commodity price boom,1,Governance,2,1,2025,-1.0
2205,2205,2205,2205,2205,2025-07-16,Automotive industry faces headwinds from rising material costs,Barron's,Climate Regulation Breach,S&P 500,1.88,332.88,Negative,Construction,High,Chevron Corporation,https://www.cnbc.com/2025/10/real-estate-market-analysis,automotive industry faces headwinds from rising material costs,2,Environmental,2,1,2025,-1.0
2206,2206,2206,2206,2206,2025-04-24,"Global trade talks collapse, causing market turmoil",MarketWatch,Regulatory Compliance Failure,S&P 500,-3.08,126.72,Negative,Real Estate,High,Lockheed Martin,https://www.investopedia.com/articles/supply-chain-disruption,"global trade talks collapse, causing market turmoil",13,Governance,2,1,2025,-1.0
2207,2207,2207,2207,2207,2025-04-26,,Business Standard,Worker Strike,BSE Sensex,4.57,95.84,Neutral,Materials,Low,JPMorgan Chase,https://timesofindia.indiatimes.com/business/corporate-governance,,8,Social,0,0,2025,0.0
2208,2208,2208,2208,2208,2025-04-27,,Investopedia,Antitrust Investigation,Euro Stoxx 50,-2.56,375.91,Positive,Energy,Low,Apple Inc.,https://www.moneycontrol.com/us-markets/nasdaq-composite,,5,Governance,0,0,2025,1.0
2209,2209,2209,2209,2209,2025-06-01,"Global trade talks collapse, causing market turmoil",Seeking Alpha,Human Rights Allegation,Russell 2000,-3.78,176.06,Positive,Agriculture,Medium,Bank of America,https://www.bloomberg.com/canada/tsunami-warnings,"global trade talks collapse, causing market turmoil",19,Social,1,1,2025,1.0
2210,2210,2210,2210,2210,2025-03-03,Utilities sector remains stable during market fluctuations,Financial Times,Worker Strike,Euro Stoxx 50,-2.45,334.6,Negative,Materials,Medium,General Motors,https://www.business-standard.com/economy/inflation-data,utilities sector remains stable during market fluctuations,17,Social,1,1,2025,-1.0
2211,2211,2211,2211,2211,2025-05-08,,Bloomberg,Antitrust Investigation,S&P 500,3.65,99.7,Positive,Aerospace & Defense,Low,Exxon Mobil,https://economictimes.indiatimes.com/industry/industrials,,0,Governance,0,0,2025,1.0
2212,2212,2212,2212,2212,2025-08-03,UK's FTSE 100 sees a boost from favorable trade data,The Motley Fool,Carbon Emissions Violation,FTSE 100,-1.97,434.16,Neutral,Agriculture,Medium,Lockheed Martin,,uk's ftse 100 sees a boost from favorable trade data,2,Environmental,1,1,2025,0.0
2213,2213,2213,2213,2213,2025-08-11,Utilities sector remains stable during market fluctuations,Wall Street Journal,Executive Misconduct,ASX 200,0.64,136.29,Positive,Utilities,Medium,Exxon Mobil,,utilities sector remains stable during market fluctuations,0,Governance,1,1,2025,1.0
2214,2214,2214,2214,2214,2025-02-15,A massive data breach sends a tech company's stock tumbling,Bloomberg,Accounting Fraud Investigation,Euro Stoxx 50,2.77,484.87,,Media & Entertainment,Low,General Motors,https://www.reuters.com/markets/indices/ftse-100,a massive data breach sends a tech company's stock tumbling,1,Governance,0,0,2025,
2215,2215,2215,2215,2215,2025-07-23,Government policy shift boosts renewable energy sector,Financial Times,Human Rights Allegation,NSE Nifty,-3.25,112.9,Negative,Aerospace & Defense,Low,Bank of America,https://www.forbes.com/crypto/cryptocurrency-regulation,government policy shift boosts renewable energy sector,17,Social,0,0,2025,-1.0
2216,2216,2216,2216,2216,2025-05-18,UK's FTSE 100 sees a boost from favorable trade data,Barron's,Accounting Fraud Investigation,KOSPI,2.84,194.75,Negative,Pharmaceuticals,Medium,JPMorgan Chase,https://www.forbes.com/finance/geopolitical-event-impact,uk's ftse 100 sees a boost from favorable trade data,16,Governance,1,1,2025,-1.0
2217,2217,2217,2217,2217,2025-03-03,Retail sales report surpasses all forecasts,The Motley Fool,Antitrust Investigation,Euro Stoxx 50,-0.62,431.3,Negative,Materials,High,Ford Motor Company,https://www.wsj.com/japan/economic-data-release,retail sales report surpasses all forecasts,9,Governance,2,1,2025,-1.0
2218,2218,2218,2218,2218,2025-04-29,Major technology firm acquires a smaller rival in a multi-billion dollar deal,Financial Times,Accounting Fraud Investigation,Euro Stoxx 50,-1.8,243.49,Positive,Energy,Medium,Lockheed Martin,https://www.wsj.com/europe/dax-performance,major technology firm acquires a smaller rival in a multi billion dollar deal,14,Governance,1,1,2025,1.0
2219,2219,2219,2219,2219,2025-02-12,Energy company's dividend hike excites shareholders,Business Standard,Human Rights Allegation,S&P/TSX Composite,-4.69,399.17,,Media & Entertainment,Low,JPMorgan Chase,https://www.wsj.com/europe/dax-performance,energy company's dividend hike excites shareholders,17,Social,0,0,2025,
2220,2220,2220,2220,2220,2025-03-06,UK's FTSE 100 sees a boost from favorable trade data,Bloomberg,Accounting Fraud Investigation,Nasdaq Composite,4.78,334.62,Negative,Utilities,High,Apple Inc.,https://www.reuters.com/business/retail-sector-earnings,uk's ftse 100 sees a boost from favorable trade data,14,Governance,2,1,2025,-1.0
2221,2221,2221,2221,2221,2025-02-01,Banking stocks dip after a major scandal is revealed,The Hindu Business Line,Executive Misconduct,Nasdaq Composite,-4.07,363.26,Negative,Consumer Goods,High,Chevron Corporation,https://timesofindia.indiatimes.com/business/agriculture-sector,banking stocks dip after a major scandal is revealed,15,Governance,2,1,2025,-1.0
2222,2222,2222,2222,2222,2025-06-11,New regulations on cryptocurrencies cause a market dip,Yahoo Finance,Product Safety Recall,BSE Sensex,,235.14,Neutral,Agriculture,Low,Apple Inc.,https://www.forbes.com/finance/geopolitical-event-impact,new regulations on cryptocurrencies cause a market dip,19,Social,0,0,2025,0.0
2223,2223,2223,2223,2223,2025-07-19,Gold prices surge as investors flee riskier assets,MarketWatch,Antitrust Investigation,Nikkei 225,-1.12,494.46,Negative,Media & Entertainment,Low,Lockheed Martin,https://www.business-standard.com/economy/economic-stimulus,gold prices surge as investors flee riskier assets,9,Governance,0,0,2025,-1.0
2224,2224,2224,2224,2224,2025-06-20,Real Estate sector shows signs of overheating as interest rates fall,MarketWatch,Executive Misconduct,Hang Seng,-1.33,326.14,,Pharmaceuticals,Low,Apple Inc.,https://www.business-standard.com/economy/economic-stimulus,real estate sector shows signs of overheating as interest rates fall,18,Governance,0,0,2025,
2225,2225,2225,2225,2225,2025-06-26,Dow Jones plunges as market fears recession,Barron's,Executive Misconduct,Dow Jones,4.35,234.74,Negative,Industrials,Low,Lockheed Martin,https://www.business-standard.com/international-business/trade-policy,dow jones plunges as market fears recession,7,Governance,0,0,2025,-1.0
2226,2226,2226,2226,2226,2025-04-13,Consumer confidence index reaches a decade high,Times of India,Executive Misconduct,Dow Jones,1.57,74.13,Negative,Industrials,High,Microsoft,https://www.business-standard.com/economy/inflation-data,consumer confidence index reaches a decade high,13,Governance,2,1,2025,-1.0
2227,2227,2227,2227,2227,2025-04-13,Manufacturing PMI data signals economic expansion,Financial Times,Executive Misconduct,CAC 40,-2.46,214.35,Negative,Finance,Medium,Ford Motor Company,https://www.business-standard.com/international-business/trade-policy,manufacturing pmi data signals economic expansion,4,Governance,1,1,2025,-1.0
2228,2228,2228,2228,2228,2025-07-08,,Reuters,Regulatory Compliance Failure,KOSPI,-4.86,324.48,Neutral,Media & Entertainment,Medium,Apple Inc.,https://www.reuters.com/business/energy/oil-market-update,,16,Governance,1,1,2025,0.0
2229,2229,2229,2229,2229,2025-03-02,Mining company stock surges on commodity price boom,The Economist,Climate Regulation Breach,DAX,-0.65,109.32,Negative,Construction,High,Ford Motor Company,https://www.bloomberg.com/asia/telecommunications-news,mining company stock surges on commodity price boom,2,Environmental,2,1,2025,-1.0
2230,2230,2230,2230,2230,2025-03-10,Government spending bill is expected to stimulate the economy,Wall Street Journal,Accounting Fraud Investigation,Nasdaq Composite,-1.13,467.46,Neutral,Media & Entertainment,Low,Bank of America,https://www.cnbc.com/2025/11/major-merger-deal-approved,government spending bill is expected to stimulate the economy,0,Governance,0,0,2025,0.0
2231,2231,2231,2231,2231,2025-03-06,Pharmaceutical company's drug approval drives stock upward,The Motley Fool,Product Safety Recall,DAX,-0.21,275.97,Negative,Materials,Medium,Bank of America,https://www.bloomberg.com/asia/telecommunications-news,pharmaceutical company's drug approval drives stock upward,8,Social,1,1,2025,-1.0
2232,2232,2232,2232,2232,2025-03-03,New housing data release shows a slowdown in market activity,Financial Times,Product Safety Recall,Hang Seng,-4.49,228.27,Negative,Transportation,Low,Chevron Corporation,https://www.ft.com/content/geopolitical-summit,new housing data release shows a slowdown in market activity,17,Social,0,0,2025,-1.0
2233,2233,2233,2233,2233,2025-08-01,Federal Reserve Chairman's speech causes market volatility,Business Standard,Antitrust Investigation,S&P 500,3.25,291.83,Negative,Finance,Low,General Motors,https://www.moneycontrol.com/india/ipo-news/new-firm-launches,federal reserve chairman's speech causes market volatility,7,Governance,0,0,2025,-1.0
2234,2234,2234,2234,2234,2025-04-06,Energy company's dividend hike excites shareholders,CNBC,Carbon Emissions Violation,S&P/TSX Composite,-0.03,337.09,Negative,Transportation,High,Exxon Mobil,https://www.wsj.com/china/market-regulation,energy company's dividend hike excites shareholders,2,Environmental,2,1,2025,-1.0
2235,2235,2235,2235,2235,2025-02-01,Manufacturing PMI data signals economic expansion,The Hindu Business Line,Environmental Spill,S&P 500,4.28,341.74,Negative,Telecommunications,High,Lockheed Martin,https://economictimes.indiatimes.com/stocks/bse-sensex-plunges,manufacturing pmi data signals economic expansion,2,Environmental,2,1,2025,-1.0
2236,2236,2236,2236,2236,2025-05-27,Major technology firm acquires a smaller rival in a multi-billion dollar deal,Business Standard,Executive Misconduct,TSX,-3.16,291.14,Positive,Real Estate,Medium,Bank of America,https://www.moneycontrol.com/us-markets/nasdaq-composite,major technology firm acquires a smaller rival in a multi billion dollar deal,12,Governance,1,1,2025,1.0
2237,2237,2237,2237,2237,2025-02-07,,Business Standard,Executive Misconduct,Hang Seng,-1.19,283.31,Positive,Technology,Low,General Motors,https://www.moneycontrol.com/us-markets/nasdaq-composite,,7,Governance,0,0,2025,1.0
2238,2238,2238,2238,2238,2025-02-09,Government subsidy program gives a lift to the agriculture sector,Mint,Worker Strike,DAX,0.88,177.9,Negative,Telecommunications,Medium,Chevron Corporation,https://timesofindia.indiatimes.com/business/finance/banking-sector-news,government subsidy program gives a lift to the agriculture sector,19,Social,1,1,2025,-1.0
2239,2239,2239,2239,2239,2025-06-28,UK's FTSE 100 sees a boost from favorable trade data,Seeking Alpha,Regulatory Compliance Failure,Dow Jones,-0.45,383.56,Neutral,Finance,Low,Exxon Mobil,https://economictimes.indiatimes.com/stocks/bse-sensex-plunges,uk's ftse 100 sees a boost from favorable trade data,5,Governance,0,0,2025,0.0
2240,2240,2240,2240,2240,2025-06-07,Mining company stock surges on commodity price boom,The Hindu Business Line,Water Pollution Incident,FTSE 100,0.95,462.08,Positive,Aerospace & Defense,Low,Microsoft,https://timesofindia.indiatimes.com/business/finance/banking-sector-news,mining company stock surges on commodity price boom,2,Environmental,0,0,2025,1.0
2241,2241,2241,2241,2241,2025-02-19,Gold prices surge as investors flee riskier assets,MarketWatch,Climate Regulation Breach,Dow Jones,4.22,309.02,Negative,Utilities,High,Apple Inc.,https://www.wsj.com/china/market-rally,gold prices surge as investors flee riskier assets,2,Environmental,2,1,2025,-1.0
2242,2242,2242,2242,2242,2025-03-21,Supply chain issues impact manufacturing sector earnings,MarketWatch,Executive Misconduct,BSE Sensex,-4.93,302.03,Neutral,Retail,Medium,Microsoft,https://www.business-standard.com/economy/trade-disputes-impact,supply chain issues impact manufacturing sector earnings,10,Governance,1,1,2025,0.0
2243,2243,2243,2243,2243,2025-06-20,Healthcare stocks gain on robust demand and strong outlook,Financial Times,Accounting Fraud Investigation,S&P/TSX Composite,4.35,318.66,Negative,Telecommunications,High,JPMorgan Chase,https://economictimes.indiatimes.com/news/transportation,healthcare stocks gain on robust demand and strong outlook,12,Governance,2,1,2025,-1.0
2244,2244,2244,2244,2244,2025-03-12,Pharmaceutical company's drug approval drives stock upward,The Motley Fool,Antitrust Investigation,DAX,4.22,436.54,Negative,Construction,Low,Lockheed Martin,https://www.ft.com/content/media-entertainment-merger,pharmaceutical company's drug approval drives stock upward,4,Governance,0,0,2025,-1.0
2245,2245,2245,2245,2245,2025-05-31,Mining company stock surges on commodity price boom,MarketWatch,Antitrust Investigation,CAC 40,-2.7,115.15,Negative,Construction,High,Apple Inc.,https://www.moneycontrol.com/india/ipo-news/new-firm-launches,mining company stock surges on commodity price boom,0,Governance,2,1,2025,-1.0
2246,2246,2246,2246,2246,2025-05-27,E-commerce earnings report beats all analyst expectations,Forbes,Executive Misconduct,CAC 40,,120.01,Negative,Materials,High,General Motors,https://www.reuters.com/markets/stocks/tech-rally,e commerce earnings report beats all analyst expectations,4,Governance,2,1,2025,-1.0
2247,2247,2247,2247,2247,2025-02-16,Central Bank Governor signals potential shift in policy,Barron's,Executive Misconduct,BSE Sensex,0.89,132.11,Negative,Consumer Goods,Medium,Microsoft,https://www.wsj.com/europe/dax-performance,central bank governor signals potential shift in policy,15,Governance,1,1,2025,-1.0
2248,2248,2248,2248,2248,2025-06-13,Banking stocks dip after a major scandal is revealed,Times of India,Regulatory Compliance Failure,Nikkei 225,3.79,240.29,Negative,Technology,Low,Chevron Corporation,https://www.reuters.com/markets/stocks/tech-rally,banking stocks dip after a major scandal is revealed,10,Governance,0,0,2025,-1.0
2249,2249,2249,2249,2249,2025-05-27,Merger talks between two banks fall through,Financial Times,Labor Rights Violation,NSE Nifty,0.44,405.71,Positive,Pharmaceuticals,Low,Exxon Mobil,https://timesofindia.indiatimes.com/business/agriculture-sector,merger talks between two banks fall through,17,Social,0,0,2025,1.0
2250,2250,2250,2250,2250,2025-07-06,Unexpected rise in unemployment fuels market pessimism,Seeking Alpha,Executive Misconduct,IBOVESPA,-2.0,413.19,Negative,Materials,Medium,Apple Inc.,https://www.theeconomist.com/finance-and-economics/trade-tariffs,unexpected rise in unemployment fuels market pessimism,15,Governance,1,1,2025,-1.0
2251,2251,2251,2251,2251,2025-07-29,New IPO for a popular software firm is oversubscribed,MarketWatch,Antitrust Investigation,S&P 500,-2.3,73.3,Neutral,Technology,Low,Bank of America,https://www.reuters.com/business/energy/oil-market-update,new ipo for a popular software firm is oversubscribed,12,Governance,0,0,2025,0.0
2252,2252,2252,2252,2252,2025-04-30,New housing data release shows a slowdown in market activity,Times of India,Regulatory Compliance Failure,Nikkei 225,-0.42,438.46,Positive,Telecommunications,Low,General Motors,https://www.reuters.com/markets/indices/nikkei-225,new housing data release shows a slowdown in market activity,14,Governance,0,0,2025,1.0
2253,2253,2253,2253,2253,2025-07-02,,Business Standard,Executive Misconduct,Dow Jones,1.84,436.74,Negative,Energy,High,Exxon Mobil,,,12,Governance,2,1,2025,-1.0
2254,2254,2254,2254,2254,2025-05-21,China's Shanghai Composite falls after new trade restrictions,MarketWatch,Executive Misconduct,Euro Stoxx 50,3.84,346.09,Negative,Materials,High,Apple Inc.,https://timesofindia.indiatimes.com/business/markets/stock-market-crash,china's shanghai composite falls after new trade restrictions,9,Governance,2,1,2025,-1.0
2255,2255,2255,2255,2255,2025-04-11,,Forbes,Executive Misconduct,ASX 200,3.37,98.34,Negative,Pharmaceuticals,Low,JPMorgan Chase,https://www.marketwatch.com/story/commodities-price-shock,,14,Governance,0,0,2025,-1.0
2256,2256,2256,2256,2256,2025-05-19,Government spending bill is expected to stimulate the economy,Yahoo Finance,Water Pollution Incident,NSE Nifty,-0.18,341.36,Positive,Automotive,Low,General Motors,https://www.investopedia.com/articles/government-policy-announcement,government spending bill is expected to stimulate the economy,2,Environmental,0,0,2025,1.0
2257,2257,2257,2257,2257,2025-04-13,Quarterly report shows surprising losses for retail giants,Reuters,Antitrust Investigation,FTSE 100,-4.1,457.19,Negative,Pharmaceuticals,High,Intel,https://www.ft.com/content/currency-devaluation,quarterly report shows surprising losses for retail giants,18,Governance,2,1,2025,-1.0
2258,2258,2258,2258,2258,2025-03-01,Major technology firm acquires a smaller rival in a multi-billion dollar deal,Reuters,Regulatory Compliance Failure,IBOVESPA,,1.6,Negative,Aerospace & Defense,Low,Bank of America,https://economictimes.indiatimes.com/news/economy/unemployment-rate,major technology firm acquires a smaller rival in a multi billion dollar deal,14,Governance,0,0,2025,-1.0
2259,2259,2259,2259,2259,2025-08-04,Market sentiment turns positive on vaccine trial results,CNBC,Accounting Fraud Investigation,Shanghai Composite,-2.64,458.57,Negative,Media & Entertainment,Medium,General Motors,https://www.cnbc.com/2025/08/russia-ukraine-war-economic-impact,market sentiment turns positive on vaccine trial results,4,Governance,1,1,2025,-1.0
2260,2260,2260,2260,2260,2025-02-02,Gold prices surge as investors flee riskier assets,Seeking Alpha,Antitrust Investigation,Shanghai Composite,3.19,166.09,Positive,Aerospace & Defense,Medium,Bank of America,https://www.ft.com/content/consumer-confidence-report,gold prices surge as investors flee riskier assets,9,Governance,1,1,2025,1.0
2261,2261,2261,2261,2261,2025-07-14,New regulations on cryptocurrencies cause a market dip,The Motley Fool,Regulatory Compliance Failure,IBOVESPA,3.48,41.5,Neutral,Energy,Medium,JPMorgan Chase,https://www.reuters.com/markets/stocks/tech-rally,new regulations on cryptocurrencies cause a market dip,16,Governance,1,1,2025,0.0
2262,2262,2262,2262,2262,2025-06-16,Energy company's dividend hike excites shareholders,Forbes,Regulatory Compliance Failure,BSE Sensex,2.41,291.77,Neutral,Pharmaceuticals,Low,Apple Inc.,https://www.moneycontrol.com/us-markets/nasdaq-composite,energy company's dividend hike excites shareholders,6,Governance,0,0,2025,0.0
2263,2263,2263,2263,2263,2025-07-02,Federal Reserve Chairman's speech causes market volatility,Seeking Alpha,Regulatory Compliance Failure,DAX,-2.84,188.36,Negative,Finance,High,JPMorgan Chase,https://timesofindia.indiatimes.com/business/corporate-governance,federal reserve chairman's speech causes market volatility,6,Governance,2,1,2025,-1.0
2264,2264,2264,2264,2264,2025-03-12,Bond yields tumble as investors seek safe havens,The Hindu Business Line,Executive Misconduct,Shanghai Composite,3.43,123.91,Negative,Automotive,Low,General Motors,https://www.cnbc.com/2025/10/real-estate-market-analysis,bond yields tumble as investors seek safe havens,12,Governance,0,0,2025,-1.0
2265,2265,2265,2265,2265,2025-07-08,Energy company's dividend hike excites shareholders,Bloomberg,Executive Misconduct,S&P 500,-1.08,115.88,Neutral,Materials,Medium,Bank of America,https://www.cnbc.com/2025/08/russia-ukraine-war-economic-impact,energy company's dividend hike excites shareholders,4,Governance,1,1,2025,0.0
2266,2266,2266,2266,2266,2025-03-20,Federal Reserve Chairman's speech causes market volatility,Business Standard,Antitrust Investigation,Hang Seng,-0.37,285.45,Positive,Agriculture,Medium,General Motors,https://www.ft.com/content/tech-sector-innovation,federal reserve chairman's speech causes market volatility,13,Governance,1,1,2025,1.0
2267,2267,2267,2267,2267,2025-06-16,Market braces for a major policy announcement from the EU,The Hindu Business Line,Human Rights Allegation,KOSPI,0.31,105.84,Positive,Transportation,Medium,Ford Motor Company,https://www.reuters.com/business/retail-sector-earnings,market braces for a major policy announcement from the eu,8,Social,1,1,2025,1.0
2268,2268,2268,2268,2268,2025-04-09,New housing data release shows a slowdown in market activity,Bloomberg,Antitrust Investigation,Nikkei 225,,473.99,Positive,Materials,Low,Chevron Corporation,https://www.business-standard.com/economy/trade-disputes-impact,new housing data release shows a slowdown in market activity,0,Governance,0,0,2025,1.0
2269,2269,2269,2269,2269,2025-03-21,Federal Reserve Chairman's speech causes market volatility,The Motley Fool,Regulatory Compliance Failure,Nikkei 225,0.75,103.34,Negative,Construction,High,Microsoft,https://www.bloomberg.com/canada/tsunami-warnings,federal reserve chairman's speech causes market volatility,9,Governance,2,1,2025,-1.0
2270,2270,2270,2270,2270,2025-04-03,Central Bank Governor signals potential shift in policy,Mint,Worker Strike,S&P 500,-1.36,204.76,Negative,Utilities,High,Ford Motor Company,https://timesofindia.indiatimes.com/business/finance/banking-sector-news,central bank governor signals potential shift in policy,19,Social,2,1,2025,-1.0
2271,2271,2271,2271,2271,2025-07-31,Massive stock buyback program announced by a consumer goods company,CNBC,Regulatory Compliance Failure,Hang Seng,-0.46,468.13,Neutral,Agriculture,Low,Intel,https://www.ft.com/content/media-entertainment-merger,massive stock buyback program announced by a consumer goods company,9,Governance,0,0,2025,0.0
2272,2272,2272,2272,2272,2025-05-30,Real Estate sector shows signs of overheating as interest rates fall,Wall Street Journal,Executive Misconduct,ASX 200,-1.66,426.76,Neutral,Energy,Medium,Intel,https://www.cnbc.com/2025/11/major-merger-deal-approved,real estate sector shows signs of overheating as interest rates fall,5,Governance,1,1,2025,0.0
2273,2273,2273,2273,2273,2025-02-15,A massive data breach sends a tech company's stock tumbling,Times of India,Executive Misconduct,KOSPI,-4.61,484.28,Negative,Technology,High,Lockheed Martin,https://economictimes.indiatimes.com/news/transportation,a massive data breach sends a tech company's stock tumbling,15,Governance,2,1,2025,-1.0
2274,2274,2274,2274,2274,2025-08-06,Gold prices surge as investors flee riskier assets,The Motley Fool,Executive Misconduct,S&P 500,3.43,141.98,Positive,Aerospace & Defense,Low,Lockheed Martin,,gold prices surge as investors flee riskier assets,12,Governance,0,0,2025,1.0
2275,2275,2275,2275,2275,2025-02-20,Energy company's dividend hike excites shareholders,The Motley Fool,Human Rights Allegation,Hang Seng,-0.45,109.34,Positive,Real Estate,Low,Bank of America,https://www.wsj.com/japan/economic-data-release,energy company's dividend hike excites shareholders,17,Social,0,0,2025,1.0
2276,2276,2276,2276,2276,2025-08-08,Consumer confidence index reaches a decade high,Mint,Accounting Fraud Investigation,DAX,-3.77,245.25,Negative,Aerospace & Defense,High,Chevron Corporation,https://www.reuters.com/markets/indices/nikkei-225,consumer confidence index reaches a decade high,13,Governance,2,1,2025,-1.0
2277,2277,2277,2277,2277,2025-07-22,Geopolitical ceasefire prompts a broad market recovery,Mint,Accounting Fraud Investigation,Nasdaq Composite,4.21,290.34,Neutral,Telecommunications,Low,General Motors,https://www.reuters.com/markets/indices/nikkei-225,geopolitical ceasefire prompts a broad market recovery,1,Governance,0,0,2025,0.0
2278,2278,2278,2278,2278,2025-06-30,Manufacturing PMI data signals economic expansion,Bloomberg,Labor Rights Violation,DAX,-4.06,279.9,Positive,Utilities,Medium,Microsoft,https://timesofindia.indiatimes.com/business/finance/banking-sector-news,manufacturing pmi data signals economic expansion,8,Social,1,1,2025,1.0
2279,2279,2279,2279,2279,2025-03-17,"Global trade talks collapse, causing market turmoil",Investopedia,Antitrust Investigation,S&P/TSX Composite,4.49,454.97,Positive,Real Estate,Low,Ford Motor Company,https://www.wsj.com/china/market-rally,"global trade talks collapse, causing market turmoil",1,Governance,0,0,2025,1.0
2280,2280,2280,2280,2280,2025-05-03,Geopolitical ceasefire prompts a broad market recovery,Reuters,Antitrust Investigation,ASX 200,4.02,370.85,Neutral,Retail,Medium,Chevron Corporation,https://economictimes.indiatimes.com/news/transportation,geopolitical ceasefire prompts a broad market recovery,0,Governance,1,1,2025,0.0
2281,2281,2281,2281,2281,2025-07-24,Automotive industry faces headwinds from rising material costs,Seeking Alpha,Water Pollution Incident,ASX 200,-4.04,424.45,Positive,Construction,Medium,Microsoft,,automotive industry faces headwinds from rising material costs,2,Environmental,1,1,2025,1.0
2282,2282,2282,2282,2282,2025-06-13,Government subsidy program gives a lift to the agriculture sector,Mint,Antitrust Investigation,Nasdaq Composite,-2.72,374.47,Negative,Industrials,Medium,JPMorgan Chase,https://www.reuters.com/business/retail-sector-earnings,government subsidy program gives a lift to the agriculture sector,1,Governance,1,1,2025,-1.0
2283,2283,2283,2283,2283,2025-02-24,Automotive industry faces headwinds from rising material costs,Times of India,Antitrust Investigation,Hang Seng,-4.26,328.45,Positive,Energy,Low,Intel,https://www.bloomberg.com/middle-east/news/bond-market-fluctuation,automotive industry faces headwinds from rising material costs,11,Governance,0,0,2025,1.0
2284,2284,2284,2284,2284,2025-04-29,ASX 200 gains on strong export performance,Reuters,Product Safety Recall,Nikkei 225,-0.05,7.02,Positive,Consumer Goods,Low,Exxon Mobil,https://www.bloomberg.com/canada/tsunami-warnings,asx 200 gains on strong export performance,8,Social,0,0,2025,1.0
2285,2285,2285,2285,2285,2025-04-11,China's Shanghai Composite falls after new trade restrictions,Barron's,Antitrust Investigation,Dow Jones,2.38,302.56,Positive,Retail,Low,Ford Motor Company,https://www.forbes.com/crypto/cryptocurrency-regulation,china's shanghai composite falls after new trade restrictions,12,Governance,0,0,2025,1.0
2286,2286,2286,2286,2286,2025-04-17,Central Bank's dovish tone hints at future rate cuts,Investopedia,Climate Regulation Breach,NSE Nifty,3.73,302.98,Negative,Aerospace & Defense,Low,Apple Inc.,https://www.reuters.com/markets/stocks/tech-rally,central bank's dovish tone hints at future rate cuts,2,Environmental,0,0,2025,-1.0
2287,2287,2287,2287,2287,2025-05-04,Central Bank Governor signals potential shift in policy,Barron's,Accounting Fraud Investigation,Hang Seng,-4.7,467.91,Negative,Telecommunications,Medium,General Motors,https://www.reuters.com/markets/indices/nikkei-225,central bank governor signals potential shift in policy,10,Governance,1,1,2025,-1.0
2288,2288,2288,2288,2288,2025-04-09,Gold prices surge as investors flee riskier assets,Barron's,Antitrust Investigation,DAX,3.1,151.95,Neutral,Real Estate,Medium,JPMorgan Chase,https://www.wsj.com/china/market-regulation,gold prices surge as investors flee riskier assets,7,Governance,1,1,2025,0.0
2289,2289,2289,2289,2289,2025-03-01,Quarterly report shows surprising losses for retail giants,The Motley Fool,Antitrust Investigation,Russell 2000,3.44,108.31,Neutral,Finance,Medium,JPMorgan Chase,https://timesofindia.indiatimes.com/business/agriculture-sector,quarterly report shows surprising losses for retail giants,10,Governance,1,1,2025,0.0
2290,2290,2290,2290,2290,2025-08-13,Unexpected rise in unemployment fuels market pessimism,Bloomberg,Antitrust Investigation,S&P/TSX Composite,-3.55,215.25,Negative,Finance,Low,Exxon Mobil,https://economictimes.indiatimes.com/news/transportation,unexpected rise in unemployment fuels market pessimism,10,Governance,0,0,2025,-1.0
2291,2291,2291,2291,2291,2025-03-24,Unexpected rise in unemployment fuels market pessimism,The Hindu Business Line,Executive Misconduct,S&P 500,-3.76,473.16,,Aerospace & Defense,Medium,Apple Inc.,https://www.reuters.com/markets/indices/ftse-100,unexpected rise in unemployment fuels market pessimism,9,Governance,1,1,2025,
2292,2292,2292,2292,2292,2025-06-08,Semiconductor shortages weigh heavily on tech sector profits,MarketWatch,Executive Misconduct,Nasdaq Composite,-0.3,473.41,Positive,Finance,Medium,General Motors,https://www.reuters.com/business/retail-sector-earnings,semiconductor shortages weigh heavily on tech sector profits,10,Governance,1,1,2025,1.0
2293,2293,2293,2293,2293,2025-08-07,Automotive industry faces headwinds from rising material costs,Forbes,Accounting Fraud Investigation,ASX 200,-4.82,342.69,Negative,Consumer Goods,High,JPMorgan Chase,https://www.ft.com/content/consumer-confidence-report,automotive industry faces headwinds from rising material costs,11,Governance,2,1,2025,-1.0
2294,2294,2294,2294,2294,2025-05-29,Mining company stock surges on commodity price boom,Mint,Human Rights Allegation,Hang Seng,2.79,260.03,Negative,Aerospace & Defense,Low,General Motors,https://www.ft.com/content/consumer-confidence-report,mining company stock surges on commodity price boom,19,Social,0,0,2025,-1.0
2295,2295,2295,2295,2295,2025-06-06,Dow Jones plunges as market fears recession,The Hindu Business Line,Accounting Fraud Investigation,IBOVESPA,3.59,31.7,Negative,Telecommunications,Medium,Chevron Corporation,https://economictimes.indiatimes.com/news/transportation,dow jones plunges as market fears recession,7,Governance,1,1,2025,-1.0
2296,2296,2296,2296,2296,2025-06-26,Geopolitical ceasefire prompts a broad market recovery,Financial Times,Accounting Fraud Investigation,IBOVESPA,-2.56,31.68,Negative,Industrials,Medium,Lockheed Martin,https://www.wsj.com/japan/economic-data-release,geopolitical ceasefire prompts a broad market recovery,7,Governance,1,1,2025,-1.0
2297,2297,2297,2297,2297,2025-02-15,Manufacturing PMI data signals economic expansion,The Economist,Executive Misconduct,TSX,-1.75,205.9,Negative,Technology,High,Ford Motor Company,https://economictimes.indiatimes.com/stocks/bse-sensex-plunges,manufacturing pmi data signals economic expansion,18,Governance,2,1,2025,-1.0
2298,2298,2298,2298,2298,2025-03-29,Government policy shift boosts renewable energy sector,Business Standard,Regulatory Compliance Failure,NSE Nifty,3.66,156.46,Positive,Industrials,Low,General Motors,https://www.theeconomist.com/world/government-policy-announcement,government policy shift boosts renewable energy sector,16,Governance,0,0,2025,1.0
2299,2299,2299,2299,2299,2025-02-05,Market sentiment turns positive on vaccine trial results,The Economist,Human Rights Allegation,IBOVESPA,-4.75,499.28,Positive,Energy,Medium,Intel,https://www.investopedia.com/articles/government-policy-announcement,market sentiment turns positive on vaccine trial results,19,Social,1,1,2025,1.0
2300,2300,2300,2300,2300,2025-07-15,Energy company's dividend hike excites shareholders,Seeking Alpha,Antitrust Investigation,FTSE 100,1.83,164.06,Neutral,Automotive,Medium,Intel,https://www.cnbc.com/2025/12/healthcare-sector-outlook,energy company's dividend hike excites shareholders,6,Governance,1,1,2025,0.0
2301,2301,2301,2301,2301,2025-04-09,Financial services stocks rally on strong profit margins,Financial Times,Executive Misconduct,Hang Seng,-0.87,492.67,Negative,Media & Entertainment,Medium,Exxon Mobil,https://www.moneycontrol.com/india/ipo-news/new-firm-launches,financial services stocks rally on strong profit margins,13,Governance,1,1,2025,-1.0
2302,2302,2302,2302,2302,2025-07-10,Central bank maintains status quo on interest rates,The Motley Fool,Product Safety Recall,KOSPI,-2.45,233.12,Negative,Automotive,High,Bank of America,https://www.cnbc.com/2025/12/healthcare-sector-outlook,central bank maintains status quo on interest rates,17,Social,2,1,2025,-1.0
2303,2303,2303,2303,2303,2025-06-24,China's Shanghai Composite falls after new trade restrictions,Investopedia,Labor Rights Violation,Euro Stoxx 50,-1.64,123.41,Negative,Media & Entertainment,High,Lockheed Martin,https://www.theeconomist.com/world/government-policy-announcement,china's shanghai composite falls after new trade restrictions,17,Social,2,1,2025,-1.0
2304,2304,2304,2304,2304,2025-04-07,China's Shanghai Composite falls after new trade restrictions,MarketWatch,Regulatory Compliance Failure,Nikkei 225,2.65,309.08,Negative,Telecommunications,High,Microsoft,https://www.bloomberg.com/canada/tsunami-warnings,china's shanghai composite falls after new trade restrictions,4,Governance,2,1,2025,-1.0
2305,2305,2305,2305,2305,2025-06-14,Supply chain issues impact manufacturing sector earnings,Investopedia,Regulatory Compliance Failure,BSE Sensex,-4.39,81.56,Negative,Pharmaceuticals,Low,Bank of America,https://www.cnbc.com/2025/09/automotive-industry-trends,supply chain issues impact manufacturing sector earnings,10,Governance,0,0,2025,-1.0
2306,2306,2306,2306,2306,2025-03-18,Market sentiment turns positive on vaccine trial results,Barron's,Antitrust Investigation,S&P 500,0.8,478.93,Negative,Real Estate,High,Lockheed Martin,https://www.investopedia.com/articles/supply-chain-disruption,market sentiment turns positive on vaccine trial results,16,Governance,2,1,2025,-1.0
2307,2307,2307,2307,2307,2025-07-14,Federal Reserve Chairman's speech causes market volatility,The Hindu Business Line,Worker Strike,Shanghai Composite,1.28,49.17,Negative,Telecommunications,High,Microsoft,https://www.reuters.com/markets/indices/ftse-100,federal reserve chairman's speech causes market volatility,3,Social,2,1,2025,-1.0
2308,2308,2308,2308,2308,2025-02-06,Supply chain issues impact manufacturing sector earnings,Times of India,Accounting Fraud Investigation,KOSPI,1.22,306.56,Negative,Agriculture,Low,General Motors,https://www.marketwatch.com/story/consumer-goods-report,supply chain issues impact manufacturing sector earnings,12,Governance,0,0,2025,-1.0
2309,2309,2309,2309,2309,2025-04-12,A massive data breach sends a tech company's stock tumbling,MarketWatch,Antitrust Investigation,Nasdaq Composite,-3.3,160.31,Positive,Telecommunications,Medium,Bank of America,https://economictimes.indiatimes.com/news/economy/unemployment-rate,a massive data breach sends a tech company's stock tumbling,16,Governance,1,1,2025,1.0
2310,2310,2310,2310,2310,2025-02-10,Energy company's dividend hike excites shareholders,Business Standard,Executive Misconduct,S&P 500,,127.93,Neutral,Media & Entertainment,Low,Lockheed Martin,https://www.cnbc.com/2025/12/healthcare-sector-outlook,energy company's dividend hike excites shareholders,7,Governance,0,0,2025,0.0
2311,2311,2311,2311,2311,2025-07-24,Real Estate sector shows signs of overheating as interest rates fall,Wall Street Journal,Water Pollution Incident,Nasdaq Composite,-2.19,141.67,Neutral,Healthcare,Medium,Chevron Corporation,,real estate sector shows signs of overheating as interest rates fall,2,Environmental,1,1,2025,0.0
2312,2312,2312,2312,2312,2025-08-01,Federal Reserve Chairman's speech causes market volatility,Economic Times,Accounting Fraud Investigation,TSX,-4.8,244.98,Positive,Materials,Low,Exxon Mobil,https://www.ft.com/content/consumer-confidence-report,federal reserve chairman's speech causes market volatility,12,Governance,0,0,2025,1.0
2313,2313,2313,2313,2313,2025-04-02,Real Estate sector shows signs of overheating as interest rates fall,Investopedia,Regulatory Compliance Failure,TSX,-0.27,51.5,Negative,Materials,Low,Chevron Corporation,https://economictimes.indiatimes.com/stocks/bse-sensex-plunges,real estate sector shows signs of overheating as interest rates fall,13,Governance,0,0,2025,-1.0
2314,2314,2314,2314,2314,2025-04-23,Mining company stock surges on commodity price boom,Business Standard,Executive Misconduct,NSE Nifty,-1.81,482.26,Negative,Agriculture,High,Chevron Corporation,https://www.cnbc.com/2025/09/automotive-industry-trends,mining company stock surges on commodity price boom,6,Governance,2,1,2025,-1.0
2315,2315,2315,2315,2315,2025-05-26,Market braces for a major policy announcement from the EU,Mint,Antitrust Investigation,Shanghai Composite,-3.33,417.97,Negative,Transportation,High,Intel,https://www.business-standard.com/economy/trade-disputes-impact,market braces for a major policy announcement from the eu,0,Governance,2,1,2025,-1.0
2316,2316,2316,2316,2316,2025-07-19,Dow Jones plunges as market fears recession,Financial Times,Labor Rights Violation,S&P 500,0.29,316.35,Neutral,Automotive,Medium,Microsoft,https://www.ft.com/content/currency-devaluation,dow jones plunges as market fears recession,8,Social,1,1,2025,0.0
2317,2317,2317,2317,2317,2025-02-16,Market sentiment turns positive on vaccine trial results,Wall Street Journal,Regulatory Compliance Failure,FTSE 100,1.76,28.76,Negative,Technology,Medium,Exxon Mobil,https://www.marketwatch.com/story/consumer-goods-report,market sentiment turns positive on vaccine trial results,15,Governance,1,1,2025,-1.0
2318,2318,2318,2318,2318,2025-06-13,Government policy shift boosts renewable energy sector,Financial Times,Executive Misconduct,TSX,,17.0,Positive,Transportation,Low,Microsoft,https://www.bloomberg.com/asia/telecommunications-news,government policy shift boosts renewable energy sector,7,Governance,0,0,2025,1.0
2319,2319,2319,2319,2319,2025-07-30,Quarterly report shows surprising losses for retail giants,Business Standard,Regulatory Compliance Failure,S&P 500,4.68,213.61,,Automotive,Medium,Ford Motor Company,https://www.theeconomist.com/finance-and-economics/trade-tariffs,quarterly report shows surprising losses for retail giants,11,Governance,1,1,2025,
2320,2320,2320,2320,2320,2025-07-26,Financial sector bracing for new capital requirements,Forbes,Accounting Fraud Investigation,S&P 500,3.39,415.48,Negative,Technology,High,Apple Inc.,https://www.bloomberg.com/canada/tsunami-warnings,financial sector bracing for new capital requirements,12,Governance,2,1,2025,-1.0
2321,2321,2321,2321,2321,2025-02-22,Tech Giant's New Product Launch Sparks Sector-Wide Gains,Times of India,Antitrust Investigation,S&P 500,0.9,338.78,Neutral,Utilities,Low,Lockheed Martin,https://www.bloomberg.com/canada/tsunami-warnings,tech giant's new product launch sparks sector wide gains,13,Governance,0,0,2025,0.0
2322,2322,2322,2322,2322,2025-07-25,Market braces for a major policy announcement from the EU,Times of India,Regulatory Compliance Failure,Russell 2000,2.04,297.86,Negative,Pharmaceuticals,Low,Bank of America,https://www.moneycontrol.com/us-markets/nasdaq-composite,market braces for a major policy announcement from the eu,0,Governance,0,0,2025,-1.0
2323,2323,2323,2323,2323,2025-06-13,Market braces for a major policy announcement from the EU,Financial Times,Product Safety Recall,Russell 2000,-1.0,484.21,Negative,Real Estate,Low,Intel,https://www.wsj.com/japan/economic-data-release,market braces for a major policy announcement from the eu,19,Social,0,0,2025,-1.0
2324,2324,2324,2324,2324,2025-06-14,Utilities sector remains stable during market fluctuations,CNBC,Regulatory Compliance Failure,Euro Stoxx 50,3.47,498.34,Negative,Agriculture,Medium,JPMorgan Chase,https://www.ft.com/content/geopolitical-summit,utilities sector remains stable during market fluctuations,6,Governance,1,1,2025,-1.0
2325,2325,2325,2325,2325,2025-05-16,UK's FTSE 100 sees a boost from favorable trade data,Forbes,Water Pollution Incident,KOSPI,2.67,147.2,,Pharmaceuticals,Medium,Bank of America,https://www.business-standard.com/economy/trade-disputes-impact,uk's ftse 100 sees a boost from favorable trade data,2,Environmental,1,1,2025,
2326,2326,2326,2326,2326,2025-08-11,Quarterly report shows surprising losses for retail giants,Investopedia,Worker Strike,TSX,3.84,76.66,Positive,Finance,Medium,Microsoft,,quarterly report shows surprising losses for retail giants,19,Social,1,1,2025,1.0
2327,2327,2327,2327,2327,2025-06-15,Government policy shift boosts renewable energy sector,Seeking Alpha,Regulatory Compliance Failure,S&P 500,,359.32,Neutral,Industrials,Medium,Microsoft,https://www.ft.com/content/media-entertainment-merger,government policy shift boosts renewable energy sector,12,Governance,1,1,2025,0.0
2328,2328,2328,2328,2328,2025-05-31,,Wall Street Journal,Antitrust Investigation,S&P/TSX Composite,0.78,476.01,Neutral,Healthcare,Medium,Intel,https://www.cnbc.com/2025/12/healthcare-sector-outlook,,10,Governance,1,1,2025,0.0
2329,2329,2329,2329,2329,2025-04-20,Record-high inflation data rattles investors,Reuters,Antitrust Investigation,S&P 500,-1.47,162.51,,Retail,Low,Exxon Mobil,https://www.business-standard.com/international-business/trade-policy,record high inflation data rattles investors,18,Governance,0,0,2025,
2330,2330,2330,2330,2330,2025-05-25,ASX 200 gains on strong export performance,Investopedia,Regulatory Compliance Failure,S&P/TSX Composite,0.23,237.07,Negative,Technology,High,Chevron Corporation,https://www.wsj.com/china/market-regulation,asx 200 gains on strong export performance,12,Governance,2,1,2025,-1.0
2331,2331,2331,2331,2331,2025-03-28,,Investopedia,Regulatory Compliance Failure,TSX,-4.36,205.21,Negative,Consumer Goods,High,Intel,https://www.reuters.com/business/retail-sector-earnings,,4,Governance,2,1,2025,-1.0
2332,2332,2332,2332,2332,2025-02-08,Record-high inflation data rattles investors,Wall Street Journal,Regulatory Compliance Failure,Shanghai Composite,-3.8,61.67,Positive,Industrials,Medium,Intel,https://www.business-standard.com/economy/inflation-data,record high inflation data rattles investors,10,Governance,1,1,2025,1.0
2333,2333,2333,2333,2333,2025-07-02,Geopolitical ceasefire prompts a broad market recovery,The Economist,Regulatory Compliance Failure,Dow Jones,-2.61,199.93,Negative,Telecommunications,High,Lockheed Martin,https://www.business-standard.com/economy/trade-disputes-impact,geopolitical ceasefire prompts a broad market recovery,4,Governance,2,1,2025,-1.0
2334,2334,2334,2334,2334,2025-06-05,Geopolitical ceasefire prompts a broad market recovery,Barron's,Regulatory Compliance Failure,Russell 2000,2.26,261.78,Neutral,Pharmaceuticals,Medium,Apple Inc.,https://www.forbes.com/finance/geopolitical-event-impact,geopolitical ceasefire prompts a broad market recovery,9,Governance,1,1,2025,0.0
2335,2335,2335,2335,2335,2025-03-03,,Seeking Alpha,Accounting Fraud Investigation,NSE Nifty,-3.35,355.88,Negative,Healthcare,Low,Exxon Mobil,https://www.investopedia.com/articles/supply-chain-disruption,,7,Governance,0,0,2025,-1.0
2336,2336,2336,2336,2336,2025-06-10,,CNBC,Accounting Fraud Investigation,Dow Jones,1.62,471.94,Negative,Construction,High,JPMorgan Chase,https://www.business-standard.com/international-business/trade-policy,,14,Governance,2,1,2025,-1.0
2337,2337,2337,2337,2337,2025-03-26,Media and Entertainment companies report a surge in streaming revenue,Seeking Alpha,Antitrust Investigation,S&P 500,-2.79,438.2,Neutral,Aerospace & Defense,Medium,Exxon Mobil,https://www.cnbc.com/2025/11/major-merger-deal-approved,media and entertainment companies report a surge in streaming revenue,9,Governance,1,1,2025,0.0
2338,2338,2338,2338,2338,2025-02-28,Geopolitical ceasefire prompts a broad market recovery,CNBC,Product Safety Recall,Shanghai Composite,2.57,141.37,Negative,Automotive,High,Apple Inc.,https://www.wsj.com/china/market-regulation,geopolitical ceasefire prompts a broad market recovery,3,Social,2,1,2025,-1.0
2339,2339,2339,2339,2339,2025-07-01,Massive stock buyback program announced by a consumer goods company,Bloomberg,Worker Strike,IBOVESPA,2.0,322.86,Positive,Materials,Medium,Ford Motor Company,https://www.moneycontrol.com/india/ipo-news/new-firm-launches,massive stock buyback program announced by a consumer goods company,19,Social,1,1,2025,1.0
2340,2340,2340,2340,2340,2025-04-05,"Global trade talks collapse, causing market turmoil",Barron's,Regulatory Compliance Failure,IBOVESPA,1.59,465.5,Negative,Materials,Low,Ford Motor Company,https://www.moneycontrol.com/us-markets/dow-jones-industrial,"global trade talks collapse, causing market turmoil",15,Governance,0,0,2025,-1.0
2341,2341,2341,2341,2341,2025-07-17,Consumer Discretionary stocks outperform as spending increases,Seeking Alpha,Regulatory Compliance Failure,Dow Jones,-2.6,19.1,Neutral,Transportation,Medium,Lockheed Martin,https://www.bloomberg.com/australia/asx-200-performance,consumer discretionary stocks outperform as spending increases,13,Governance,1,1,2025,0.0
2342,2342,2342,2342,2342,2025-02-18,New regulations on cryptocurrencies cause a market dip,Business Standard,Regulatory Compliance Failure,Hang Seng,-1.53,489.11,Positive,Real Estate,Medium,Ford Motor Company,https://www.cnbc.com/2025/08/russia-ukraine-war-economic-impact,new regulations on cryptocurrencies cause a market dip,12,Governance,1,1,2025,1.0
2343,2343,2343,2343,2343,2025-03-28,Gold prices surge as investors flee riskier assets,CNBC,Worker Strike,S&P 500,1.17,279.29,Neutral,Industrials,Low,Lockheed Martin,https://www.business-standard.com/economy/economic-stimulus,gold prices surge as investors flee riskier assets,17,Social,0,0,2025,0.0
2344,2344,2344,2344,2344,2025-03-30,Government policy shift boosts renewable energy sector,The Hindu Business Line,Human Rights Allegation,ASX 200,-1.01,386.61,Positive,Pharmaceuticals,Medium,Intel,https://www.moneycontrol.com/us-markets/dow-jones-industrial,government policy shift boosts renewable energy sector,3,Social,1,1,2025,1.0
2345,2345,2345,2345,2345,2025-05-24,Federal Reserve Chairman's speech causes market volatility,Bloomberg,Executive Misconduct,Dow Jones,3.65,215.24,Negative,Finance,Low,JPMorgan Chase,https://www.moneycontrol.com/us-markets/nasdaq-composite,federal reserve chairman's speech causes market volatility,14,Governance,0,0,2025,-1.0
2346,2346,2346,2346,2346,2025-06-20,Quarterly report shows surprising losses for retail giants,The Hindu Business Line,Antitrust Investigation,Russell 2000,-4.57,492.83,Negative,Utilities,High,Ford Motor Company,https://www.business-standard.com/international-business/trade-policy,quarterly report shows surprising losses for retail giants,4,Governance,2,1,2025,-1.0
2347,2347,2347,2347,2347,2025-05-01,Merger talks between two banks fall through,Business Standard,Human Rights Allegation,S&P 500,-4.4,408.78,Negative,Transportation,Low,Microsoft,https://economictimes.indiatimes.com/stocks/bse-sensex-plunges,merger talks between two banks fall through,19,Social,0,0,2025,-1.0
2348,2348,2348,2348,2348,2025-08-06,Record-high inflation data rattles investors,Times of India,Human Rights Allegation,CAC 40,2.06,298.39,Negative,Construction,Medium,Microsoft,https://www.moneycontrol.com/us-markets/sp-500,record high inflation data rattles investors,17,Social,1,1,2025,-1.0
2349,2349,2349,2349,2349,2025-05-21,Banking stocks dip after a major scandal is revealed,Forbes,Antitrust Investigation,S&P 500,-3.41,330.84,Negative,Technology,High,Chevron Corporation,https://www.investopedia.com/articles/government-policy-announcement,banking stocks dip after a major scandal is revealed,4,Governance,2,1,2025,-1.0
2350,2350,2350,2350,2350,2025-06-10,Merger talks between two banks fall through,Barron's,Executive Misconduct,S&P 500,1.88,78.04,Positive,Energy,Low,General Motors,https://www.bloomberg.com/middle-east/news/bond-market-fluctuation,merger talks between two banks fall through,14,Governance,0,0,2025,1.0
2351,2351,2351,2351,2351,2025-03-23,Manufacturing PMI data signals economic expansion,Reuters,Antitrust Investigation,IBOVESPA,-3.23,106.8,Neutral,Energy,Low,Lockheed Martin,https://www.wsj.com/europe/dax-performance,manufacturing pmi data signals economic expansion,0,Governance,0,0,2025,0.0
2352,2352,2352,2352,2352,2025-04-14,A massive data breach sends a tech company's stock tumbling,Economic Times,Accounting Fraud Investigation,Euro Stoxx 50,-1.55,61.87,Negative,Agriculture,Low,Ford Motor Company,https://www.business-standard.com/finance/corporate-earnings,a massive data breach sends a tech company's stock tumbling,1,Governance,0,0,2025,-1.0
2353,2353,2353,2353,2353,2025-04-13,Automotive industry faces headwinds from rising material costs,CNBC,Antitrust Investigation,Nikkei 225,-4.7,478.8,Negative,Retail,Low,Microsoft,https://www.moneycontrol.com/us-markets/dow-jones-industrial,automotive industry faces headwinds from rising material costs,11,Governance,0,0,2025,-1.0
2354,2354,2354,2354,2354,2025-04-20,Government spending bill is expected to stimulate the economy,The Motley Fool,Executive Misconduct,ASX 200,0.07,29.08,Positive,Real Estate,Low,Lockheed Martin,https://www.moneycontrol.com/us-markets/dow-jones-industrial,government spending bill is expected to stimulate the economy,5,Governance,0,0,2025,1.0
2355,2355,2355,2355,2355,2025-06-23,New IPO for a popular software firm is oversubscribed,Yahoo Finance,Regulatory Compliance Failure,S&P/TSX Composite,-1.51,4.25,Neutral,Automotive,Medium,Exxon Mobil,https://www.investopedia.com/articles/government-policy-announcement,new ipo for a popular software firm is oversubscribed,16,Governance,1,1,2025,0.0
2356,2356,2356,2356,2356,2025-04-28,,The Economist,Accounting Fraud Investigation,Dow Jones,,255.86,Positive,Energy,Medium,Ford Motor Company,https://www.bloomberg.com/australia/asx-200-performance,,4,Governance,1,1,2025,1.0
2357,2357,2357,2357,2357,2025-07-29,Market braces for a major policy announcement from the EU,Business Standard,Executive Misconduct,Hang Seng,1.27,407.75,Neutral,Technology,Low,Bank of America,https://www.theeconomist.com/finance-and-economics/trade-tariffs,market braces for a major policy announcement from the eu,12,Governance,0,0,2025,0.0
2358,2358,2358,2358,2358,2025-05-15,Central bank maintains status quo on interest rates,Investopedia,Antitrust Investigation,TSX,4.47,366.92,Negative,Healthcare,Medium,Apple Inc.,https://www.bloomberg.com/middle-east/news/bond-market-fluctuation,central bank maintains status quo on interest rates,10,Governance,1,1,2025,-1.0
2359,2359,2359,2359,2359,2025-06-23,Government spending bill is expected to stimulate the economy,Seeking Alpha,Antitrust Investigation,DAX,2.33,249.28,Positive,Materials,Low,JPMorgan Chase,https://www.moneycontrol.com/us-markets/nasdaq-composite,government spending bill is expected to stimulate the economy,10,Governance,0,0,2025,1.0
2360,2360,2360,2360,2360,2025-04-13,Media and Entertainment companies report a surge in streaming revenue,Forbes,Accounting Fraud Investigation,KOSPI,-4.03,252.5,Positive,Retail,Low,Bank of America,https://www.ft.com/content/consumer-confidence-report,media and entertainment companies report a surge in streaming revenue,5,Governance,0,0,2025,1.0
2361,2361,2361,2361,2361,2025-03-13,Pharmaceutical company's drug approval drives stock upward,Reuters,Regulatory Compliance Failure,Russell 2000,0.02,425.98,Neutral,Automotive,Medium,Exxon Mobil,https://www.reuters.com/business/retail-sector-earnings,pharmaceutical company's drug approval drives stock upward,0,Governance,1,1,2025,0.0
2362,2362,2362,2362,2362,2025-02-07,UK's FTSE 100 sees a boost from favorable trade data,Barron's,Regulatory Compliance Failure,CAC 40,-0.34,172.63,Positive,Construction,Low,Chevron Corporation,https://timesofindia.indiatimes.com/business/agriculture-sector,uk's ftse 100 sees a boost from favorable trade data,11,Governance,0,0,2025,1.0
2363,2363,2363,2363,2363,2025-03-28,Central bank maintains status quo on interest rates,Financial Times,Antitrust Investigation,Shanghai Composite,-1.8,233.81,Neutral,Telecommunications,Medium,Exxon Mobil,https://www.bloomberg.com/canada/tsunami-warnings,central bank maintains status quo on interest rates,14,Governance,1,1,2025,0.0
2364,2364,2364,2364,2364,2025-07-12,Geopolitical ceasefire prompts a broad market recovery,Economic Times,Antitrust Investigation,BSE Sensex,3.65,394.62,Negative,Utilities,Low,JPMorgan Chase,https://www.theeconomist.com/world/government-policy-announcement,geopolitical ceasefire prompts a broad market recovery,4,Governance,0,0,2025,-1.0
2365,2365,2365,2365,2365,2025-07-03,Supply chain issues impact manufacturing sector earnings,Barron's,Executive Misconduct,NSE Nifty,3.97,276.7,Negative,Consumer Goods,High,Ford Motor Company,https://www.cnbc.com/2025/11/major-merger-deal-approved,supply chain issues impact manufacturing sector earnings,13,Governance,2,1,2025,-1.0
2366,2366,2366,2366,2366,2025-03-19,Manufacturing PMI data signals economic expansion,Forbes,Regulatory Compliance Failure,Russell 2000,4.04,444.41,Neutral,Media & Entertainment,Low,Lockheed Martin,https://www.reuters.com/markets/indices/nikkei-225,manufacturing pmi data signals economic expansion,7,Governance,0,0,2025,0.0
2367,2367,2367,2367,2367,2025-03-30,Consumer Discretionary stocks outperform as spending increases,Business Standard,Executive Misconduct,S&P/TSX Composite,-3.02,455.37,Negative,Telecommunications,Low,JPMorgan Chase,https://www.bloomberg.com/australia/asx-200-performance,consumer discretionary stocks outperform as spending increases,16,Governance,0,0,2025,-1.0
2368,2368,2368,2368,2368,2025-06-10,Central Bank's dovish tone hints at future rate cuts,Wall Street Journal,Product Safety Recall,Dow Jones,-2.69,490.52,Positive,Telecommunications,Low,Lockheed Martin,https://www.ft.com/content/tech-sector-innovation,central bank's dovish tone hints at future rate cuts,8,Social,0,0,2025,1.0
2369,2369,2369,2369,2369,2025-03-12,Dow Jones plunges as market fears recession,Financial Times,Labor Rights Violation,Nikkei 225,1.13,188.44,,Healthcare,Low,Lockheed Martin,https://www.wsj.com/europe/dax-performance,dow jones plunges as market fears recession,19,Social,0,0,2025,
2370,2370,2370,2370,2370,2025-03-08,Bond yields tumble as investors seek safe havens,Yahoo Finance,Antitrust Investigation,Euro Stoxx 50,3.95,199.68,Negative,Energy,Medium,Intel,https://www.ft.com/content/media-entertainment-merger,bond yields tumble as investors seek safe havens,9,Governance,1,1,2025,-1.0
2371,2371,2371,2371,2371,2025-04-26,Automotive industry faces headwinds from rising material costs,The Motley Fool,Antitrust Investigation,KOSPI,-4.23,159.77,Neutral,Finance,Low,Apple Inc.,https://www.business-standard.com/international-business/trade-policy,automotive industry faces headwinds from rising material costs,0,Governance,0,0,2025,0.0
2372,2372,2372,2372,2372,2025-07-07,Healthcare stocks gain on robust demand and strong outlook,Financial Times,Regulatory Compliance Failure,CAC 40,4.7,489.3,Negative,Telecommunications,Low,Chevron Corporation,https://www.wsj.com/china/market-regulation,healthcare stocks gain on robust demand and strong outlook,6,Governance,0,0,2025,-1.0
2373,2373,2373,2373,2373,2025-06-05,Major oil spill sends energy stocks plummeting,Business Standard,Regulatory Compliance Failure,CAC 40,4.97,246.45,Positive,Consumer Goods,Medium,General Motors,https://www.business-standard.com/economy/inflation-data,major oil spill sends energy stocks plummeting,12,Governance,1,1,2025,1.0
2374,2374,2374,2374,2374,2025-07-29,Healthcare stocks gain on robust demand and strong outlook,MarketWatch,Accounting Fraud Investigation,Euro Stoxx 50,-1.18,197.98,Negative,Pharmaceuticals,Low,Lockheed Martin,https://www.wsj.com/china/market-regulation,healthcare stocks gain on robust demand and strong outlook,18,Governance,0,0,2025,-1.0
2375,2375,2375,2375,2375,2025-02-22,Major oil spill sends energy stocks plummeting,Economic Times,Product Safety Recall,Hang Seng,0.23,118.44,Neutral,Media & Entertainment,Low,Exxon Mobil,https://www.marketwatch.com/story/consumer-goods-report,major oil spill sends energy stocks plummeting,19,Social,0,0,2025,0.0
2376,2376,2376,2376,2376,2025-05-17,Gold prices surge as investors flee riskier assets,Forbes,Executive Misconduct,IBOVESPA,4.4,330.66,Neutral,Media & Entertainment,Medium,Apple Inc.,https://www.business-standard.com/economy/trade-disputes-impact,gold prices surge as investors flee riskier assets,11,Governance,1,1,2025,0.0
2377,2377,2377,2377,2377,2025-02-08,"Global trade talks collapse, causing market turmoil",Times of India,Worker Strike,Nasdaq Composite,-4.61,71.03,Negative,Finance,Medium,Ford Motor Company,,"global trade talks collapse, causing market turmoil",8,Social,1,1,2025,-1.0
2378,2378,2378,2378,2378,2025-07-30,A massive data breach sends a tech company's stock tumbling,Business Standard,Climate Regulation Breach,Hang Seng,,387.37,Negative,Real Estate,Low,Lockheed Martin,https://www.reuters.com/business/retail-sector-earnings,a massive data breach sends a tech company's stock tumbling,2,Environmental,0,0,2025,-1.0
2379,2379,2379,2379,2379,2025-03-09,New IPO for a popular software firm is oversubscribed,Mint,Regulatory Compliance Failure,BSE Sensex,-2.37,112.34,Positive,Aerospace & Defense,Low,JPMorgan Chase,https://www.reuters.com/markets/stocks/tech-rally,new ipo for a popular software firm is oversubscribed,15,Governance,0,0,2025,1.0
2380,2380,2380,2380,2380,2025-03-27,Consumer Discretionary stocks outperform as spending increases,Bloomberg,Regulatory Compliance Failure,S&P 500,-0.53,63.79,Negative,Real Estate,High,Chevron Corporation,https://www.cnbc.com/2025/09/automotive-industry-trends,consumer discretionary stocks outperform as spending increases,18,Governance,2,1,2025,-1.0
2381,2381,2381,2381,2381,2025-05-21,Federal Reserve Chairman's speech causes market volatility,The Hindu Business Line,Executive Misconduct,IBOVESPA,-4.05,204.4,Neutral,Automotive,Low,Microsoft,https://www.investopedia.com/articles/supply-chain-disruption,federal reserve chairman's speech causes market volatility,14,Governance,0,0,2025,0.0
2382,2382,2382,2382,2382,2025-07-09,Record-high inflation data rattles investors,Forbes,Regulatory Compliance Failure,Nasdaq Composite,4.79,232.86,Negative,Transportation,Low,Lockheed Martin,https://timesofindia.indiatimes.com/business/finance/banking-sector-news,record high inflation data rattles investors,6,Governance,0,0,2025,-1.0
2383,2383,2383,2383,2383,2025-05-05,Automotive industry faces headwinds from rising material costs,Seeking Alpha,Executive Misconduct,FTSE 100,3.62,72.1,Neutral,Construction,Medium,Ford Motor Company,https://www.ft.com/content/tech-sector-innovation,automotive industry faces headwinds from rising material costs,7,Governance,1,1,2025,0.0
2384,2384,2384,2384,2384,2025-04-10,Supply chain issues impact manufacturing sector earnings,Bloomberg,Executive Misconduct,BSE Sensex,0.8,103.06,Negative,Automotive,Low,Ford Motor Company,https://www.investopedia.com/articles/supply-chain-disruption,supply chain issues impact manufacturing sector earnings,5,Governance,0,0,2025,-1.0
2385,2385,2385,2385,2385,2025-03-22,Nikkei 225 index benefits from a weaker yen,Times of India,Antitrust Investigation,NSE Nifty,-1.55,241.62,Neutral,Agriculture,Low,Ford Motor Company,https://timesofindia.indiatimes.com/business/finance/banking-sector-news,nikkei 225 index benefits from a weaker yen,18,Governance,0,0,2025,0.0
2386,2386,2386,2386,2386,2025-05-08,Massive stock buyback program announced by a consumer goods company,The Hindu Business Line,Antitrust Investigation,Nikkei 225,-1.43,146.7,Positive,Aerospace & Defense,Low,Lockheed Martin,https://www.theeconomist.com/finance-and-economics/trade-tariffs,massive stock buyback program announced by a consumer goods company,10,Governance,0,0,2025,1.0
2387,2387,2387,2387,2387,2025-05-22,Federal Reserve Chairman's speech causes market volatility,Bloomberg,Executive Misconduct,Euro Stoxx 50,-0.33,73.57,Negative,Healthcare,Low,General Motors,https://www.business-standard.com/economy/economic-stimulus,federal reserve chairman's speech causes market volatility,5,Governance,0,0,2025,-1.0
2388,2388,2388,2388,2388,2025-07-30,Supply chain issues impact manufacturing sector earnings,Bloomberg,Accounting Fraud Investigation,Hang Seng,4.9,466.97,Negative,Healthcare,Medium,Apple Inc.,https://www.forbes.com/crypto/cryptocurrency-regulation,supply chain issues impact manufacturing sector earnings,14,Governance,1,1,2025,-1.0
2389,2389,2389,2389,2389,2025-02-06,Consumer confidence index reaches a decade high,Reuters,Accounting Fraud Investigation,NSE Nifty,3.18,210.88,Negative,Technology,High,Microsoft,https://www.ft.com/content/currency-devaluation,consumer confidence index reaches a decade high,18,Governance,2,1,2025,-1.0
2390,2390,2390,2390,2390,2025-06-02,Crude oil prices drop to a multi-year low,Wall Street Journal,Accounting Fraud Investigation,Russell 2000,-4.52,369.85,Neutral,Utilities,Low,Lockheed Martin,https://www.investopedia.com/articles/government-policy-announcement,crude oil prices drop to a multi year low,1,Governance,0,0,2025,0.0
2391,2391,2391,2391,2391,2025-07-04,Mining company stock surges on commodity price boom,Barron's,Product Safety Recall,DAX,-4.68,163.48,Neutral,Energy,Medium,General Motors,https://www.bloomberg.com/asia/telecommunications-news,mining company stock surges on commodity price boom,8,Social,1,1,2025,0.0
2392,2392,2392,2392,2392,2025-05-27,Massive stock buyback program announced by a consumer goods company,CNBC,Accounting Fraud Investigation,ASX 200,2.75,189.36,Positive,Transportation,Medium,Exxon Mobil,https://www.cnbc.com/2025/12/healthcare-sector-outlook,massive stock buyback program announced by a consumer goods company,15,Governance,1,1,2025,1.0
2393,2393,2393,2393,2393,2025-05-01,New housing data release shows a slowdown in market activity,Forbes,Worker Strike,Euro Stoxx 50,,317.45,Positive,Finance,Low,Apple Inc.,https://www.forbes.com/finance/geopolitical-event-impact,new housing data release shows a slowdown in market activity,17,Social,0,0,2025,1.0
2394,2394,2394,2394,2394,2025-04-19,Federal Reserve Chairman's speech causes market volatility,Wall Street Journal,Executive Misconduct,Russell 2000,1.29,8.14,Negative,Healthcare,High,Intel,https://www.marketwatch.com/story/commodities-price-shock,federal reserve chairman's speech causes market volatility,5,Governance,2,1,2025,-1.0
2395,2395,2395,2395,2395,2025-05-05,Market sentiment turns positive on vaccine trial results,Yahoo Finance,Worker Strike,Hang Seng,4.45,127.08,Negative,Real Estate,High,JPMorgan Chase,https://www.marketwatch.com/story/commodities-price-shock,market sentiment turns positive on vaccine trial results,8,Social,2,1,2025,-1.0
2396,2396,2396,2396,2396,2025-05-30,Banking stocks dip after a major scandal is revealed,Yahoo Finance,Executive Misconduct,Dow Jones,-2.44,25.73,Negative,Industrials,High,Microsoft,https://www.marketwatch.com/story/consumer-goods-report,banking stocks dip after a major scandal is revealed,11,Governance,2,1,2025,-1.0
2397,2397,2397,2397,2397,2025-05-02,Financial sector bracing for new capital requirements,Financial Times,Accounting Fraud Investigation,TSX,,198.91,Negative,Finance,High,Lockheed Martin,https://www.reuters.com/markets/stocks/tech-rally,financial sector bracing for new capital requirements,16,Governance,2,1,2025,-1.0
2398,2398,2398,2398,2398,2025-02-23,Media and Entertainment companies report a surge in streaming revenue,Bloomberg,Accounting Fraud Investigation,ASX 200,-0.84,111.02,Positive,Materials,Low,Microsoft,https://economictimes.indiatimes.com/news/economy/unemployment-rate,media and entertainment companies report a surge in streaming revenue,7,Governance,0,0,2025,1.0
2399,2399,2399,2399,2399,2025-05-13,Merger talks between two banks fall through,Times of India,Regulatory Compliance Failure,TSX,-3.94,106.24,Neutral,Technology,Medium,Chevron Corporation,https://www.wsj.com/japan/economic-data-release,merger talks between two banks fall through,12,Governance,1,1,2025,0.0
2400,2400,2400,2400,2400,2025-05-16,New housing data release shows a slowdown in market activity,The Motley Fool,Regulatory Compliance Failure,CAC 40,-1.76,91.36,Negative,Retail,High,Apple Inc.,https://www.reuters.com/business/retail-sector-earnings,new housing data release shows a slowdown in market activity,18,Governance,2,1,2025,-1.0
2401,2401,2401,2401,2401,2025-03-14,Utilities sector remains stable during market fluctuations,Times of India,Antitrust Investigation,ASX 200,2.51,45.19,Negative,Finance,High,Chevron Corporation,https://www.wsj.com/europe/dax-performance,utilities sector remains stable during market fluctuations,7,Governance,2,1,2025,-1.0
2402,2402,2402,2402,2402,2025-08-06,Retail sales report surpasses all forecasts,MarketWatch,Executive Misconduct,S&P/TSX Composite,1.05,155.94,Positive,Agriculture,Medium,General Motors,https://timesofindia.indiatimes.com/business/agriculture-sector,retail sales report surpasses all forecasts,1,Governance,1,1,2025,1.0
2403,2403,2403,2403,2403,2025-02-16,Nikkei 225 index benefits from a weaker yen,The Economist,Labor Rights Violation,NSE Nifty,-0.19,249.35,Neutral,Materials,Medium,Lockheed Martin,https://www.forbes.com/finance/geopolitical-event-impact,nikkei 225 index benefits from a weaker yen,8,Social,1,1,2025,0.0
2404,2404,2404,2404,2404,2025-03-31,Massive stock buyback program announced by a consumer goods company,The Hindu Business Line,Antitrust Investigation,Dow Jones,1.63,224.13,Negative,Energy,High,Chevron Corporation,https://www.cnbc.com/2025/09/automotive-industry-trends,massive stock buyback program announced by a consumer goods company,1,Governance,2,1,2025,-1.0
2405,2405,2405,2405,2405,2025-06-25,Healthcare stocks gain on robust demand and strong outlook,MarketWatch,Antitrust Investigation,IBOVESPA,,477.42,Positive,Transportation,Low,Intel,https://www.investopedia.com/articles/government-policy-announcement,healthcare stocks gain on robust demand and strong outlook,12,Governance,0,0,2025,1.0
2406,2406,2406,2406,2406,2025-06-09,China's Shanghai Composite falls after new trade restrictions,Reuters,Accounting Fraud Investigation,IBOVESPA,1.62,389.81,Positive,Energy,Medium,Exxon Mobil,https://www.moneycontrol.com/us-markets/dow-jones-industrial,china's shanghai composite falls after new trade restrictions,18,Governance,1,1,2025,1.0
2407,2407,2407,2407,2407,2025-03-22,Utilities sector remains stable during market fluctuations,Mint,Human Rights Allegation,S&P/TSX Composite,1.78,436.36,Neutral,Retail,Medium,Lockheed Martin,,utilities sector remains stable during market fluctuations,17,Social,1,1,2025,0.0
2408,2408,2408,2408,2408,2025-07-10,Consumer Discretionary stocks outperform as spending increases,Economic Times,Product Safety Recall,Shanghai Composite,2.83,178.11,Positive,Retail,Low,Ford Motor Company,https://www.reuters.com/markets/indices/ftse-100,consumer discretionary stocks outperform as spending increases,17,Social,0,0,2025,1.0
2409,2409,2409,2409,2409,2025-05-09,Retail sales report surpasses all forecasts,Times of India,Water Pollution Incident,KOSPI,-3.27,118.23,Negative,Finance,Low,Microsoft,https://www.ft.com/content/currency-devaluation,retail sales report surpasses all forecasts,2,Environmental,0,0,2025,-1.0
2410,2410,2410,2410,2410,2025-07-19,Gold prices surge as investors flee riskier assets,Times of India,Executive Misconduct,IBOVESPA,-1.79,29.42,Positive,Construction,Medium,Microsoft,https://www.reuters.com/markets/indices/ftse-100,gold prices surge as investors flee riskier assets,7,Governance,1,1,2025,1.0
2411,2411,2411,2411,2411,2025-06-15,Massive stock buyback program announced by a consumer goods company,Business Standard,Regulatory Compliance Failure,S&P/TSX Composite,-2.98,199.61,Positive,Materials,Low,Microsoft,https://www.ft.com/content/consumer-confidence-report,massive stock buyback program announced by a consumer goods company,5,Governance,0,0,2025,1.0
2412,2412,2412,2412,2412,2025-08-08,UK's FTSE 100 sees a boost from favorable trade data,Financial Times,Antitrust Investigation,S&P/TSX Composite,4.44,448.75,Positive,Retail,Medium,JPMorgan Chase,https://www.forbes.com/finance/geopolitical-event-impact,uk's ftse 100 sees a boost from favorable trade data,1,Governance,1,1,2025,1.0
2413,2413,2413,2413,2413,2025-04-04,,Bloomberg,Environmental Spill,ASX 200,4.69,389.3,Neutral,Pharmaceuticals,Medium,Microsoft,https://www.cnbc.com/2025/11/major-merger-deal-approved,,2,Environmental,1,1,2025,0.0
2414,2414,2414,2414,2414,2025-04-19,"Global trade talks collapse, causing market turmoil",MarketWatch,Antitrust Investigation,Russell 2000,3.39,178.29,Negative,Retail,High,Chevron Corporation,https://economictimes.indiatimes.com/news/economy/unemployment-rate,"global trade talks collapse, causing market turmoil",6,Governance,2,1,2025,-1.0
2415,2415,2415,2415,2415,2025-05-14,Consumer confidence index reaches a decade high,Times of India,Accounting Fraud Investigation,Euro Stoxx 50,-4.67,59.35,Negative,Pharmaceuticals,Medium,Microsoft,https://www.reuters.com/markets/indices/nikkei-225,consumer confidence index reaches a decade high,1,Governance,1,1,2025,-1.0
2416,2416,2416,2416,2416,2025-03-15,,Forbes,Antitrust Investigation,ASX 200,0.54,292.82,Negative,Finance,Low,JPMorgan Chase,https://www.bloomberg.com/canada/tsunami-warnings,,10,Governance,0,0,2025,-1.0
2417,2417,2417,2417,2417,2025-06-09,Geopolitical ceasefire prompts a broad market recovery,Business Standard,Environmental Spill,FTSE 100,4.68,228.75,Negative,Aerospace & Defense,High,Apple Inc.,https://www.moneycontrol.com/india/ipo-news/new-firm-launches,geopolitical ceasefire prompts a broad market recovery,2,Environmental,2,1,2025,-1.0
2418,2418,2418,2418,2418,2025-08-12,New IPO for a popular software firm is oversubscribed,Wall Street Journal,Worker Strike,S&P/TSX Composite,3.95,119.46,Negative,Industrials,High,JPMorgan Chase,,new ipo for a popular software firm is oversubscribed,8,Social,2,1,2025,-1.0
2419,2419,2419,2419,2419,2025-05-27,Healthcare stocks gain on robust demand and strong outlook,Business Standard,Regulatory Compliance Failure,Nasdaq Composite,2.22,152.35,Positive,Media & Entertainment,Medium,Ford Motor Company,https://www.wsj.com/china/market-regulation,healthcare stocks gain on robust demand and strong outlook,6,Governance,1,1,2025,1.0
2420,2420,2420,2420,2420,2025-07-27,Geopolitical ceasefire prompts a broad market recovery,Times of India,Antitrust Investigation,ASX 200,-2.77,54.77,Negative,Pharmaceuticals,Medium,Chevron Corporation,https://economictimes.indiatimes.com/news/economy/unemployment-rate,geopolitical ceasefire prompts a broad market recovery,6,Governance,1,1,2025,-1.0
2421,2421,2421,2421,2421,2025-03-08,Major technology firm acquires a smaller rival in a multi-billion dollar deal,Times of India,Executive Misconduct,Nikkei 225,3.37,296.22,Negative,Energy,High,JPMorgan Chase,https://www.bloomberg.com/canada/tsunami-warnings,major technology firm acquires a smaller rival in a multi billion dollar deal,5,Governance,2,1,2025,-1.0
2422,2422,2422,2422,2422,2025-05-18,,The Motley Fool,Executive Misconduct,Hang Seng,-4.1,233.68,Negative,Healthcare,High,Chevron Corporation,https://www.forbes.com/crypto/cryptocurrency-regulation,,5,Governance,2,1,2025,-1.0
2423,2423,2423,2423,2423,2025-04-08,UK's FTSE 100 sees a boost from favorable trade data,CNBC,Regulatory Compliance Failure,Shanghai Composite,-3.69,4.06,Neutral,Pharmaceuticals,Low,Apple Inc.,,uk's ftse 100 sees a boost from favorable trade data,13,Governance,0,0,2025,0.0
2424,2424,2424,2424,2424,2025-02-21,Consumer confidence index reaches a decade high,Economic Times,Regulatory Compliance Failure,Euro Stoxx 50,-2.6,329.13,Neutral,Construction,Medium,Apple Inc.,https://www.cnbc.com/2025/11/major-merger-deal-approved,consumer confidence index reaches a decade high,9,Governance,1,1,2025,0.0
2425,2425,2425,2425,2425,2025-06-28,Retail sales report surpasses all forecasts,Investopedia,Worker Strike,S&P 500,3.66,140.88,Negative,Media & Entertainment,Medium,Apple Inc.,https://www.cnbc.com/2025/10/real-estate-market-analysis,retail sales report surpasses all forecasts,8,Social,1,1,2025,-1.0
2426,2426,2426,2426,2426,2025-04-22,Banking stocks dip after a major scandal is revealed,The Economist,Antitrust Investigation,Hang Seng,-1.51,220.82,Neutral,Utilities,Low,JPMorgan Chase,https://www.investopedia.com/articles/supply-chain-disruption,banking stocks dip after a major scandal is revealed,14,Governance,0,0,2025,0.0
2427,2427,2427,2427,2427,2025-05-27,Crude oil prices drop to a multi-year low,Financial Times,Regulatory Compliance Failure,TSX,,302.93,Positive,Healthcare,Low,Intel,https://www.moneycontrol.com/us-markets/nasdaq-composite,crude oil prices drop to a multi year low,9,Governance,0,0,2025,1.0
2428,2428,2428,2428,2428,2025-03-27,Utilities sector remains stable during market fluctuations,Reuters,Climate Regulation Breach,KOSPI,-2.6,472.86,Positive,Retail,Medium,Exxon Mobil,,utilities sector remains stable during market fluctuations,2,Environmental,1,1,2025,1.0
2429,2429,2429,2429,2429,2025-07-11,Geopolitical ceasefire prompts a broad market recovery,Investopedia,Executive Misconduct,CAC 40,1.88,306.66,Negative,Telecommunications,High,Apple Inc.,https://timesofindia.indiatimes.com/business/corporate-governance,geopolitical ceasefire prompts a broad market recovery,5,Governance,2,1,2025,-1.0
2430,2430,2430,2430,2430,2025-03-26,Geopolitical ceasefire prompts a broad market recovery,The Economist,Accounting Fraud Investigation,ASX 200,-2.47,377.79,Negative,Materials,High,JPMorgan Chase,https://www.reuters.com/business/energy/oil-market-update,geopolitical ceasefire prompts a broad market recovery,12,Governance,2,1,2025,-1.0
2431,2431,2431,2431,2431,2025-08-01,UK's FTSE 100 sees a boost from favorable trade data,Bloomberg,Regulatory Compliance Failure,S&P 500,-4.97,136.67,Positive,Materials,Low,Bank of America,,uk's ftse 100 sees a boost from favorable trade data,13,Governance,0,0,2025,1.0
2432,2432,2432,2432,2432,2025-07-01,Merger talks between two banks fall through,MarketWatch,Accounting Fraud Investigation,KOSPI,2.98,270.13,Negative,Utilities,High,General Motors,https://www.business-standard.com/international-business/trade-policy,merger talks between two banks fall through,10,Governance,2,1,2025,-1.0
2433,2433,2433,2433,2433,2025-05-09,Healthcare stocks gain on robust demand and strong outlook,Forbes,Executive Misconduct,KOSPI,-0.65,213.39,Neutral,Materials,Medium,Apple Inc.,https://www.wsj.com/japan/economic-data-release,healthcare stocks gain on robust demand and strong outlook,10,Governance,1,1,2025,0.0
2434,2434,2434,2434,2434,2025-03-19,Semiconductor shortages weigh heavily on tech sector profits,The Hindu Business Line,Executive Misconduct,IBOVESPA,1.3,151.64,Negative,Construction,High,Intel,https://www.moneycontrol.com/us-markets/dow-jones-industrial,semiconductor shortages weigh heavily on tech sector profits,13,Governance,2,1,2025,-1.0
2435,2435,2435,2435,2435,2025-03-11,Real Estate sector shows signs of overheating as interest rates fall,MarketWatch,Executive Misconduct,TSX,1.78,191.66,,Transportation,Medium,Intel,https://www.moneycontrol.com/us-markets/sp-500,real estate sector shows signs of overheating as interest rates fall,0,Governance,1,1,2025,
2436,2436,2436,2436,2436,2025-05-05,Unexpected rise in unemployment fuels market pessimism,Mint,Antitrust Investigation,Russell 2000,-2.1,190.72,Neutral,Utilities,Medium,Ford Motor Company,https://www.marketwatch.com/story/consumer-goods-report,unexpected rise in unemployment fuels market pessimism,6,Governance,1,1,2025,0.0
2437,2437,2437,2437,2437,2025-07-26,,The Motley Fool,Regulatory Compliance Failure,Euro Stoxx 50,-0.24,267.85,Negative,Materials,High,Ford Motor Company,https://www.moneycontrol.com/india/ipo-news/new-firm-launches,,4,Governance,2,1,2025,-1.0
2438,2438,2438,2438,2438,2025-05-11,Market sentiment turns positive on vaccine trial results,MarketWatch,Regulatory Compliance Failure,TSX,3.67,423.34,Neutral,Energy,Low,JPMorgan Chase,https://www.business-standard.com/international-business/trade-policy,market sentiment turns positive on vaccine trial results,13,Governance,0,0,2025,0.0
2439,2439,2439,2439,2439,2025-06-19,Automotive industry faces headwinds from rising material costs,Bloomberg,Accounting Fraud Investigation,IBOVESPA,2.87,171.81,Negative,Materials,Low,General Motors,https://www.business-standard.com/economy/inflation-data,automotive industry faces headwinds from rising material costs,13,Governance,0,0,2025,-1.0
2440,2440,2440,2440,2440,2025-08-01,New housing data release shows a slowdown in market activity,The Economist,Regulatory Compliance Failure,NSE Nifty,-3.48,453.72,Positive,Materials,Low,General Motors,https://timesofindia.indiatimes.com/business/finance/banking-sector-news,new housing data release shows a slowdown in market activity,5,Governance,0,0,2025,1.0
2441,2441,2441,2441,2441,2025-03-05,Pharmaceutical company's drug approval drives stock upward,CNBC,Labor Rights Violation,Shanghai Composite,-1.23,37.5,Neutral,Energy,Medium,Apple Inc.,,pharmaceutical company's drug approval drives stock upward,3,Social,1,1,2025,0.0
2442,2442,2442,2442,2442,2025-07-12,E-commerce earnings report beats all analyst expectations,Barron's,Antitrust Investigation,KOSPI,-3.37,431.95,Neutral,Agriculture,Low,Ford Motor Company,https://www.forbes.com/crypto/cryptocurrency-regulation,e commerce earnings report beats all analyst expectations,0,Governance,0,0,2025,0.0
2443,2443,2443,2443,2443,2025-04-23,Consumer confidence index reaches a decade high,Bloomberg,Antitrust Investigation,S&P/TSX Composite,-4.42,419.11,Negative,Retail,High,Intel,https://www.investopedia.com/articles/supply-chain-disruption,consumer confidence index reaches a decade high,13,Governance,2,1,2025,-1.0
2444,2444,2444,2444,2444,2025-05-04,"Global trade talks collapse, causing market turmoil",Times of India,Accounting Fraud Investigation,BSE Sensex,3.37,454.36,Positive,Utilities,Medium,Apple Inc.,https://www.ft.com/content/consumer-confidence-report,"global trade talks collapse, causing market turmoil",6,Governance,1,1,2025,1.0
2445,2445,2445,2445,2445,2025-03-05,Dow Jones plunges as market fears recession,The Motley Fool,Regulatory Compliance Failure,S&P/TSX Composite,-1.67,381.35,Negative,Consumer Goods,Low,Intel,https://economictimes.indiatimes.com/stocks/bse-sensex-plunges,dow jones plunges as market fears recession,16,Governance,0,0,2025,-1.0
2446,2446,2446,2446,2446,2025-04-14,Financial services stocks rally on strong profit margins,Wall Street Journal,Executive Misconduct,Hang Seng,-0.24,51.45,Negative,Retail,High,Microsoft,https://www.moneycontrol.com/us-markets/nasdaq-composite,financial services stocks rally on strong profit margins,5,Governance,2,1,2025,-1.0
2447,2447,2447,2447,2447,2025-03-18,Energy company's dividend hike excites shareholders,CNBC,Antitrust Investigation,FTSE 100,3.3,486.5,Negative,Automotive,High,Bank of America,https://timesofindia.indiatimes.com/business/markets/stock-market-crash,energy company's dividend hike excites shareholders,18,Governance,2,1,2025,-1.0
2448,2448,2448,2448,2448,2025-03-26,UK's FTSE 100 sees a boost from favorable trade data,The Hindu Business Line,Executive Misconduct,Russell 2000,3.89,468.34,Neutral,Telecommunications,Medium,Exxon Mobil,https://economictimes.indiatimes.com/industry/industrials,uk's ftse 100 sees a boost from favorable trade data,12,Governance,1,1,2025,0.0
2449,2449,2449,2449,2449,2025-07-20,New regulations on cryptocurrencies cause a market dip,Bloomberg,Executive Misconduct,S&P 500,0.75,461.51,Negative,Real Estate,Low,Bank of America,https://www.ft.com/content/currency-devaluation,new regulations on cryptocurrencies cause a market dip,9,Governance,0,0,2025,-1.0
2450,2450,2450,2450,2450,2025-03-19,A massive data breach sends a tech company's stock tumbling,Financial Times,Regulatory Compliance Failure,CAC 40,-3.24,180.81,Positive,Energy,Low,Microsoft,https://www.investopedia.com/articles/government-policy-announcement,a massive data breach sends a tech company's stock tumbling,6,Governance,0,0,2025,1.0
2451,2451,2451,2451,2451,2025-05-31,Consumer Discretionary stocks outperform as spending increases,Barron's,Antitrust Investigation,S&P/TSX Composite,3.09,305.38,,Real Estate,Low,Lockheed Martin,https://www.bloomberg.com/asia/policy/central-bank-meeting,consumer discretionary stocks outperform as spending increases,6,Governance,0,0,2025,
2452,2452,2452,2452,2452,2025-02-16,Financial services stocks rally on strong profit margins,The Economist,Human Rights Allegation,S&P 500,-3.56,470.44,Negative,Utilities,High,General Motors,https://www.wsj.com/europe/regulatory-changes,financial services stocks rally on strong profit margins,8,Social,2,1,2025,-1.0
2453,2453,2453,2453,2453,2025-05-21,,MarketWatch,Worker Strike,TSX,-3.07,489.28,Neutral,Consumer Goods,Low,Microsoft,https://www.bloomberg.com/asia/telecommunications-news,,17,Social,0,0,2025,0.0
2454,2454,2454,2454,2454,2025-07-09,UK's FTSE 100 sees a boost from favorable trade data,Mint,Product Safety Recall,IBOVESPA,-4.97,101.94,Negative,Healthcare,High,General Motors,,uk's ftse 100 sees a boost from favorable trade data,19,Social,2,1,2025,-1.0
2455,2455,2455,2455,2455,2025-07-03,,The Motley Fool,Regulatory Compliance Failure,S&P 500,-1.21,206.8,Negative,Technology,High,Exxon Mobil,https://www.bloomberg.com/middle-east/news/bond-market-fluctuation,,7,Governance,2,1,2025,-1.0
2456,2456,2456,2456,2456,2025-04-28,New housing data release shows a slowdown in market activity,Financial Times,Climate Regulation Breach,Nikkei 225,-0.46,120.11,Positive,Materials,Medium,Apple Inc.,https://www.bloomberg.com/canada/tsunami-warnings,new housing data release shows a slowdown in market activity,2,Environmental,1,1,2025,1.0
2457,2457,2457,2457,2457,2025-03-30,,Wall Street Journal,Accounting Fraud Investigation,ASX 200,2.03,140.39,Positive,Telecommunications,Medium,JPMorgan Chase,https://www.moneycontrol.com/india/ipo-news/new-firm-launches,,15,Governance,1,1,2025,1.0
2458,2458,2458,2458,2458,2025-06-23,Supply chain issues impact manufacturing sector earnings,Barron's,Accounting Fraud Investigation,Russell 2000,4.29,72.1,Negative,Construction,High,Bank of America,https://www.wsj.com/china/market-rally,supply chain issues impact manufacturing sector earnings,4,Governance,2,1,2025,-1.0
2459,2459,2459,2459,2459,2025-07-16,Financial services stocks rally on strong profit margins,Times of India,Executive Misconduct,CAC 40,4.58,42.27,Neutral,Technology,Low,Ford Motor Company,https://www.business-standard.com/economy/economic-stimulus,financial services stocks rally on strong profit margins,10,Governance,0,0,2025,0.0
2460,2460,2460,2460,2460,2025-04-26,Market braces for a major policy announcement from the EU,Wall Street Journal,Antitrust Investigation,Shanghai Composite,-2.55,224.74,Neutral,Healthcare,Medium,General Motors,https://www.business-standard.com/economy/economic-stimulus,market braces for a major policy announcement from the eu,10,Governance,1,1,2025,0.0
2461,2461,2461,2461,2461,2025-03-16,,Reuters,Accounting Fraud Investigation,FTSE 100,2.27,460.69,Neutral,Retail,Low,Intel,https://www.wsj.com/europe/dax-performance,,13,Governance,0,0,2025,0.0
2462,2462,2462,2462,2462,2025-06-10,Central bank maintains status quo on interest rates,The Motley Fool,Worker Strike,ASX 200,3.34,90.39,Negative,Media & Entertainment,High,JPMorgan Chase,https://economictimes.indiatimes.com/news/transportation,central bank maintains status quo on interest rates,8,Social,2,1,2025,-1.0
2463,2463,2463,2463,2463,2025-03-10,New regulations on cryptocurrencies cause a market dip,Yahoo Finance,Climate Regulation Breach,Euro Stoxx 50,-1.82,219.85,Positive,Real Estate,Medium,Bank of America,https://www.wsj.com/japan/economic-data-release,new regulations on cryptocurrencies cause a market dip,2,Environmental,1,1,2025,1.0
2464,2464,2464,2464,2464,2025-07-31,Mining company stock surges on commodity price boom,Forbes,Regulatory Compliance Failure,FTSE 100,-3.7,343.78,Neutral,Agriculture,Low,Lockheed Martin,https://timesofindia.indiatimes.com/business/corporate-governance,mining company stock surges on commodity price boom,16,Governance,0,0,2025,0.0
2465,2465,2465,2465,2465,2025-05-04,Quarterly report shows surprising losses for retail giants,Reuters,Executive Misconduct,S&P 500,-0.56,384.68,Negative,Industrials,High,Bank of America,https://www.marketwatch.com/story/commodities-price-shock,quarterly report shows surprising losses for retail giants,0,Governance,2,1,2025,-1.0
2466,2466,2466,2466,2466,2025-04-08,Dow Jones plunges as market fears recession,Bloomberg,Accounting Fraud Investigation,ASX 200,0.67,181.9,Neutral,Pharmaceuticals,Low,Microsoft,https://www.theeconomist.com/finance-and-economics/trade-tariffs,dow jones plunges as market fears recession,4,Governance,0,0,2025,0.0
2467,2467,2467,2467,2467,2025-05-13,Energy company's dividend hike excites shareholders,The Hindu Business Line,Accounting Fraud Investigation,TSX,4.51,365.62,Neutral,Construction,Medium,Exxon Mobil,https://www.wsj.com/china/market-regulation,energy company's dividend hike excites shareholders,7,Governance,1,1,2025,0.0
2468,2468,2468,2468,2468,2025-08-02,Government subsidy program gives a lift to the agriculture sector,The Motley Fool,Environmental Spill,ASX 200,3.08,124.55,Neutral,Media & Entertainment,Medium,Ford Motor Company,https://www.business-standard.com/economy/economic-stimulus,government subsidy program gives a lift to the agriculture sector,2,Environmental,1,1,2025,0.0
2469,2469,2469,2469,2469,2025-03-27,Energy company's dividend hike excites shareholders,Times of India,Human Rights Allegation,Nasdaq Composite,-3.83,68.53,Positive,Utilities,Low,Apple Inc.,https://timesofindia.indiatimes.com/business/agriculture-sector,energy company's dividend hike excites shareholders,19,Social,0,0,2025,1.0
2470,2470,2470,2470,2470,2025-07-04,Semiconductor shortages weigh heavily on tech sector profits,Barron's,Regulatory Compliance Failure,Dow Jones,-2.71,499.6,Negative,Telecommunications,Medium,Apple Inc.,,semiconductor shortages weigh heavily on tech sector profits,11,Governance,1,1,2025,-1.0
2471,2471,2471,2471,2471,2025-03-11,Merger talks between two banks fall through,Reuters,Antitrust Investigation,NSE Nifty,-4.8,292.33,,Technology,Medium,Intel,https://www.investopedia.com/articles/government-policy-announcement,merger talks between two banks fall through,1,Governance,1,1,2025,
2472,2472,2472,2472,2472,2025-04-27,Pharmaceutical company's drug approval drives stock upward,MarketWatch,Human Rights Allegation,Russell 2000,-1.14,54.95,Positive,Consumer Goods,Medium,Chevron Corporation,https://www.business-standard.com/finance/corporate-earnings,pharmaceutical company's drug approval drives stock upward,19,Social,1,1,2025,1.0
2473,2473,2473,2473,2473,2025-06-28,Crude oil prices drop to a multi-year low,Yahoo Finance,Executive Misconduct,DAX,-3.29,56.27,Negative,Materials,High,Ford Motor Company,https://www.ft.com/content/consumer-confidence-report,crude oil prices drop to a multi year low,16,Governance,2,1,2025,-1.0
2474,2474,2474,2474,2474,2025-04-27,Healthcare stocks gain on robust demand and strong outlook,Bloomberg,Regulatory Compliance Failure,Russell 2000,-3.86,214.24,Negative,Materials,Medium,Chevron Corporation,https://timesofindia.indiatimes.com/business/markets/stock-market-crash,healthcare stocks gain on robust demand and strong outlook,12,Governance,1,1,2025,-1.0
2475,2475,2475,2475,2475,2025-03-08,Record-high inflation data rattles investors,Financial Times,Accounting Fraud Investigation,KOSPI,-3.0,193.03,Negative,Automotive,Low,Microsoft,https://economictimes.indiatimes.com/news/economy/unemployment-rate,record high inflation data rattles investors,7,Governance,0,0,2025,-1.0
2476,2476,2476,2476,2476,2025-06-05,ASX 200 gains on strong export performance,Barron's,Accounting Fraud Investigation,Nikkei 225,-4.79,333.17,Negative,Healthcare,Medium,Lockheed Martin,https://www.bloomberg.com/middle-east/news/bond-market-fluctuation,asx 200 gains on strong export performance,10,Governance,1,1,2025,-1.0
2477,2477,2477,2477,2477,2025-04-17,Aerospace and Defense sector sees rally amid geopolitical tensions,Barron's,Product Safety Recall,NSE Nifty,1.85,107.42,Negative,Transportation,Medium,JPMorgan Chase,https://economictimes.indiatimes.com/news/transportation,aerospace and defense sector sees rally amid geopolitical tensions,3,Social,1,1,2025,-1.0
2478,2478,2478,2478,2478,2025-04-12,Healthcare stocks gain on robust demand and strong outlook,Mint,Accounting Fraud Investigation,Nasdaq Composite,-4.56,462.5,Negative,Automotive,High,JPMorgan Chase,https://www.investopedia.com/articles/supply-chain-disruption,healthcare stocks gain on robust demand and strong outlook,13,Governance,2,1,2025,-1.0
2479,2479,2479,2479,2479,2025-05-08,Market sentiment turns positive on vaccine trial results,Wall Street Journal,Worker Strike,Shanghai Composite,-2.18,445.03,Negative,Utilities,Medium,Exxon Mobil,https://www.moneycontrol.com/us-markets/nasdaq-composite,market sentiment turns positive on vaccine trial results,8,Social,1,1,2025,-1.0
2480,2480,2480,2480,2480,2025-03-10,New IPO for a popular software firm is oversubscribed,Wall Street Journal,Accounting Fraud Investigation,Nasdaq Composite,-4.23,119.57,Negative,Healthcare,Low,General Motors,https://timesofindia.indiatimes.com/business/markets/stock-market-crash,new ipo for a popular software firm is oversubscribed,16,Governance,0,0,2025,-1.0
2481,2481,2481,2481,2481,2025-04-19,,The Hindu Business Line,Executive Misconduct,FTSE 100,-1.51,297.22,Neutral,Media & Entertainment,Low,Bank of America,https://www.reuters.com/markets/indices/ftse-100,,15,Governance,0,0,2025,0.0
2482,2482,2482,2482,2482,2025-07-02,Automotive industry faces headwinds from rising material costs,Wall Street Journal,Worker Strike,S&P 500,,359.85,Negative,Energy,High,Exxon Mobil,https://economictimes.indiatimes.com/news/transportation,automotive industry faces headwinds from rising material costs,17,Social,2,1,2025,-1.0
2483,2483,2483,2483,2483,2025-03-01,Bond yields tumble as investors seek safe havens,Seeking Alpha,Regulatory Compliance Failure,TSX,0.06,311.49,Neutral,Finance,Low,Lockheed Martin,https://www.wsj.com/europe/regulatory-changes,bond yields tumble as investors seek safe havens,7,Governance,0,0,2025,0.0
2484,2484,2484,2484,2484,2025-06-27,Healthcare stocks gain on robust demand and strong outlook,Wall Street Journal,Executive Misconduct,NSE Nifty,-1.44,248.29,Positive,Construction,Low,JPMorgan Chase,https://www.reuters.com/markets/indices/nikkei-225,healthcare stocks gain on robust demand and strong outlook,18,Governance,0,0,2025,1.0
2485,2485,2485,2485,2485,2025-06-04,Record-high inflation data rattles investors,Financial Times,Antitrust Investigation,S&P/TSX Composite,4.67,39.55,Negative,Consumer Goods,Medium,JPMorgan Chase,https://www.bloomberg.com/asia/policy/central-bank-meeting,record high inflation data rattles investors,11,Governance,1,1,2025,-1.0
2486,2486,2486,2486,2486,2025-04-09,Major oil spill sends energy stocks plummeting,The Economist,Executive Misconduct,KOSPI,-1.24,383.73,Negative,Construction,High,General Motors,https://timesofindia.indiatimes.com/business/finance/banking-sector-news,major oil spill sends energy stocks plummeting,10,Governance,2,1,2025,-1.0
2487,2487,2487,2487,2487,2025-04-24,New IPO for a popular software firm is oversubscribed,Financial Times,Antitrust Investigation,BSE Sensex,4.66,215.03,Negative,Aerospace & Defense,High,Bank of America,https://www.theeconomist.com/world/government-policy-announcement,new ipo for a popular software firm is oversubscribed,1,Governance,2,1,2025,-1.0
2488,2488,2488,2488,2488,2025-05-30,Nikkei 225 index benefits from a weaker yen,Reuters,Antitrust Investigation,NSE Nifty,3.61,122.78,Negative,Retail,Medium,Ford Motor Company,https://www.marketwatch.com/story/commodities-price-shock,nikkei 225 index benefits from a weaker yen,10,Governance,1,1,2025,-1.0
2489,2489,2489,2489,2489,2025-05-08,Government policy shift boosts renewable energy sector,The Hindu Business Line,Human Rights Allegation,S&P/TSX Composite,-3.06,179.19,,Agriculture,Medium,Exxon Mobil,https://www.bloomberg.com/asia/policy/central-bank-meeting,government policy shift boosts renewable energy sector,17,Social,1,1,2025,
2490,2490,2490,2490,2490,2025-08-09,Semiconductor shortages weigh heavily on tech sector profits,Economic Times,Accounting Fraud Investigation,IBOVESPA,3.31,290.87,Negative,Healthcare,High,Apple Inc.,https://www.ft.com/content/media-entertainment-merger,semiconductor shortages weigh heavily on tech sector profits,16,Governance,2,1,2025,-1.0
2491,2491,2491,2491,2491,2025-04-03,Central Bank's dovish tone hints at future rate cuts,Yahoo Finance,Antitrust Investigation,Nikkei 225,-1.36,127.38,,Automotive,Low,Intel,https://www.bloomberg.com/asia/policy/central-bank-meeting,central bank's dovish tone hints at future rate cuts,12,Governance,0,0,2025,
2492,2492,2492,2492,2492,2025-02-01,Market sentiment turns positive on vaccine trial results,Reuters,Antitrust Investigation,KOSPI,-4.12,420.19,Negative,Materials,High,Apple Inc.,https://www.wsj.com/japan/economic-data-release,market sentiment turns positive on vaccine trial results,12,Governance,2,1,2025,-1.0
2493,2493,2493,2493,2493,2025-05-16,New housing data release shows a slowdown in market activity,Wall Street Journal,Human Rights Allegation,KOSPI,-3.24,4.07,Negative,Technology,High,Ford Motor Company,https://www.ft.com/content/consumer-confidence-report,new housing data release shows a slowdown in market activity,19,Social,2,1,2025,-1.0
2494,2494,2494,2494,2494,2025-08-02,Banking stocks dip after a major scandal is revealed,CNBC,Executive Misconduct,Euro Stoxx 50,-2.35,112.23,Positive,Media & Entertainment,Low,Exxon Mobil,https://www.bloomberg.com/canada/tsunami-warnings,banking stocks dip after a major scandal is revealed,5,Governance,0,0,2025,1.0
2495,2495,2495,2495,2495,2025-05-05,Government spending bill is expected to stimulate the economy,Business Standard,Antitrust Investigation,Russell 2000,3.33,446.41,Positive,Consumer Goods,Medium,Bank of America,https://www.reuters.com/business/energy/oil-market-update,government spending bill is expected to stimulate the economy,9,Governance,1,1,2025,1.0
2496,2496,2496,2496,2496,2025-06-25,Consumer confidence index reaches a decade high,The Hindu Business Line,Antitrust Investigation,CAC 40,0.48,348.14,Neutral,Materials,Medium,Microsoft,https://economictimes.indiatimes.com/news/transportation,consumer confidence index reaches a decade high,13,Governance,1,1,2025,0.0
2497,2497,2497,2497,2497,2025-08-06,"Global trade talks collapse, causing market turmoil",The Economist,Regulatory Compliance Failure,S&P 500,1.98,84.77,Neutral,Construction,Low,Microsoft,https://www.business-standard.com/economy/trade-disputes-impact,"global trade talks collapse, causing market turmoil",4,Governance,0,0,2025,0.0
2498,2498,2498,2498,2498,2025-02-28,Pharmaceutical company's drug approval drives stock upward,CNBC,Accounting Fraud Investigation,NSE Nifty,3.96,179.92,Positive,Energy,Low,Microsoft,https://www.reuters.com/markets/stocks/tech-rally,pharmaceutical company's drug approval drives stock upward,1,Governance,0,0,2025,1.0
2499,2499,2499,2499,2499,2025-07-15,Manufacturing PMI data signals economic expansion,Bloomberg,Regulatory Compliance Failure,ASX 200,4.26,483.36,Negative,Media & Entertainment,Low,Bank of America,https://www.business-standard.com/finance/corporate-earnings,manufacturing pmi data signals economic expansion,1,Governance,0,0,2025,-1.0
2500,2500,2500,2500,2500,2025-05-29,New IPO for a popular software firm is oversubscribed,The Economist,Executive Misconduct,Euro Stoxx 50,3.85,305.32,Negative,Aerospace & Defense,High,Bank of America,https://www.moneycontrol.com/us-markets/dow-jones-industrial,new ipo for a popular software firm is oversubscribed,0,Governance,2,1,2025,-1.0
2501,2501,2501,2501,2501,2025-06-11,Record-high inflation data rattles investors,Financial Times,Antitrust Investigation,DAX,-3.89,365.89,Negative,Finance,Low,Apple Inc.,https://www.moneycontrol.com/us-markets/sp-500,record high inflation data rattles investors,9,Governance,0,0,2025,-1.0
2502,2502,2502,2502,2502,2025-06-26,Quarterly report shows surprising losses for retail giants,Yahoo Finance,Regulatory Compliance Failure,ASX 200,2.29,287.88,Positive,Energy,Medium,JPMorgan Chase,https://www.cnbc.com/2025/12/healthcare-sector-outlook,quarterly report shows surprising losses for retail giants,16,Governance,1,1,2025,1.0
2503,2503,2503,2503,2503,2025-03-12,Retail sales report surpasses all forecasts,The Hindu Business Line,Executive Misconduct,IBOVESPA,0.9,425.69,Negative,Construction,Medium,Exxon Mobil,https://www.bloomberg.com/asia/policy/central-bank-meeting,retail sales report surpasses all forecasts,16,Governance,1,1,2025,-1.0
2504,2504,2504,2504,2504,2025-04-28,Central Bank Governor signals potential shift in policy,The Economist,Antitrust Investigation,Russell 2000,-1.41,109.02,Negative,Media & Entertainment,Medium,Apple Inc.,https://economictimes.indiatimes.com/stocks/bse-sensex-plunges,central bank governor signals potential shift in policy,1,Governance,1,1,2025,-1.0
2505,2505,2505,2505,2505,2025-04-08,Semiconductor shortages weigh heavily on tech sector profits,CNBC,Antitrust Investigation,DAX,3.06,263.33,Negative,Technology,High,JPMorgan Chase,https://www.forbes.com/crypto/cryptocurrency-regulation,semiconductor shortages weigh heavily on tech sector profits,0,Governance,2,1,2025,-1.0
2506,2506,2506,2506,2506,2025-02-15,Record-high inflation data rattles investors,Business Standard,Accounting Fraud Investigation,IBOVESPA,4.75,473.72,Negative,Technology,Medium,Microsoft,https://www.wsj.com/china/market-regulation,record high inflation data rattles investors,0,Governance,1,1,2025,-1.0
2507,2507,2507,2507,2507,2025-02-03,Quarterly report shows surprising losses for retail giants,Reuters,Accounting Fraud Investigation,Shanghai Composite,1.54,134.13,Negative,Media & Entertainment,High,Chevron Corporation,https://www.business-standard.com/international-business/trade-policy,quarterly report shows surprising losses for retail giants,4,Governance,2,1,2025,-1.0
2508,2508,2508,2508,2508,2025-06-16,Semiconductor shortages weigh heavily on tech sector profits,Forbes,Accounting Fraud Investigation,Shanghai Composite,1.03,321.51,Negative,Consumer Goods,Medium,Apple Inc.,https://www.moneycontrol.com/india/ipo-news/new-firm-launches,semiconductor shortages weigh heavily on tech sector profits,10,Governance,1,1,2025,-1.0
2509,2509,2509,2509,2509,2025-04-20,Unexpected rise in unemployment fuels market pessimism,The Economist,Antitrust Investigation,KOSPI,0.42,179.35,Negative,Telecommunications,High,Intel,https://timesofindia.indiatimes.com/business/corporate-governance,unexpected rise in unemployment fuels market pessimism,7,Governance,2,1,2025,-1.0
2510,2510,2510,2510,2510,2025-04-02,Banking stocks dip after a major scandal is revealed,The Economist,Antitrust Investigation,Hang Seng,-3.77,370.85,Negative,Consumer Goods,Medium,Bank of America,https://timesofindia.indiatimes.com/business/agriculture-sector,banking stocks dip after a major scandal is revealed,9,Governance,1,1,2025,-1.0
2511,2511,2511,2511,2511,2025-05-31,,CNBC,Environmental Spill,KOSPI,1.58,204.62,Negative,Agriculture,High,Apple Inc.,https://www.theeconomist.com/finance-and-economics/trade-tariffs,,2,Environmental,2,1,2025,-1.0
2512,2512,2512,2512,2512,2025-02-26,New IPO for a popular software firm is oversubscribed,Investopedia,Executive Misconduct,Nikkei 225,,187.5,Neutral,Real Estate,Low,Bank of America,https://www.business-standard.com/economy/economic-stimulus,new ipo for a popular software firm is oversubscribed,0,Governance,0,0,2025,0.0
2513,2513,2513,2513,2513,2025-07-17,Government subsidy program gives a lift to the agriculture sector,Forbes,Labor Rights Violation,Russell 2000,2.37,185.5,Neutral,Pharmaceuticals,Medium,JPMorgan Chase,https://www.marketwatch.com/story/commodities-price-shock,government subsidy program gives a lift to the agriculture sector,19,Social,1,1,2025,0.0
2514,2514,2514,2514,2514,2025-05-09,Financial sector bracing for new capital requirements,The Motley Fool,Regulatory Compliance Failure,Dow Jones,-3.31,73.57,Negative,Agriculture,High,Ford Motor Company,https://www.marketwatch.com/story/commodities-price-shock,financial sector bracing for new capital requirements,18,Governance,2,1,2025,-1.0
2515,2515,2515,2515,2515,2025-02-18,Manufacturing PMI data signals economic expansion,CNBC,Executive Misconduct,Euro Stoxx 50,0.08,480.56,Negative,Utilities,Medium,General Motors,https://www.wsj.com/china/market-rally,manufacturing pmi data signals economic expansion,16,Governance,1,1,2025,-1.0
2516,2516,2516,2516,2516,2025-05-01,UK's FTSE 100 sees a boost from favorable trade data,Wall Street Journal,Accounting Fraud Investigation,TSX,-4.4,276.09,Negative,Materials,High,JPMorgan Chase,https://www.investopedia.com/articles/government-policy-announcement,uk's ftse 100 sees a boost from favorable trade data,18,Governance,2,1,2025,-1.0
2517,2517,2517,2517,2517,2025-03-05,Consumer confidence index reaches a decade high,Investopedia,Regulatory Compliance Failure,Dow Jones,-1.76,317.71,Negative,Energy,High,Microsoft,https://www.reuters.com/business/energy/oil-market-update,consumer confidence index reaches a decade high,9,Governance,2,1,2025,-1.0
2518,2518,2518,2518,2518,2025-03-17,,Investopedia,Antitrust Investigation,NSE Nifty,-1.46,234.06,Negative,Aerospace & Defense,High,Intel,https://www.moneycontrol.com/us-markets/dow-jones-industrial,,15,Governance,2,1,2025,-1.0
2519,2519,2519,2519,2519,2025-06-11,China's Shanghai Composite falls after new trade restrictions,Reuters,Human Rights Allegation,Dow Jones,1.53,215.86,Neutral,Technology,Low,Exxon Mobil,https://www.moneycontrol.com/us-markets/sp-500,china's shanghai composite falls after new trade restrictions,8,Social,0,0,2025,0.0
2520,2520,2520,2520,2520,2025-03-21,Semiconductor shortages weigh heavily on tech sector profits,Seeking Alpha,Regulatory Compliance Failure,ASX 200,-1.93,474.49,Negative,Telecommunications,High,Ford Motor Company,https://www.theeconomist.com/world/government-policy-announcement,semiconductor shortages weigh heavily on tech sector profits,11,Governance,2,1,2025,-1.0
2521,2521,2521,2521,2521,2025-03-02,New IPO for a popular software firm is oversubscribed,The Economist,Human Rights Allegation,FTSE 100,-0.09,10.85,Neutral,Real Estate,Medium,Lockheed Martin,https://www.ft.com/content/media-entertainment-merger,new ipo for a popular software firm is oversubscribed,3,Social,1,1,2025,0.0
2522,2522,2522,2522,2522,2025-03-10,Dow Jones plunges as market fears recession,MarketWatch,Accounting Fraud Investigation,DAX,-1.29,106.68,Negative,Retail,High,Apple Inc.,https://www.investopedia.com/articles/supply-chain-disruption,dow jones plunges as market fears recession,7,Governance,2,1,2025,-1.0
2523,2523,2523,2523,2523,2025-07-03,Dow Jones plunges as market fears recession,CNBC,Accounting Fraud Investigation,S&P/TSX Composite,1.22,442.21,Neutral,Transportation,Medium,Apple Inc.,https://www.forbes.com/finance/geopolitical-event-impact,dow jones plunges as market fears recession,18,Governance,1,1,2025,0.0
2524,2524,2524,2524,2524,2025-07-29,Federal Reserve Chairman's speech causes market volatility,MarketWatch,Executive Misconduct,ASX 200,-4.28,106.71,Neutral,Automotive,Medium,JPMorgan Chase,https://www.ft.com/content/currency-devaluation,federal reserve chairman's speech causes market volatility,14,Governance,1,1,2025,0.0
2525,2525,2525,2525,2525,2025-08-04,Consumer confidence index reaches a decade high,Forbes,Antitrust Investigation,S&P 500,-1.22,478.01,Negative,Automotive,Low,Ford Motor Company,https://economictimes.indiatimes.com/news/economy/unemployment-rate,consumer confidence index reaches a decade high,14,Governance,0,0,2025,-1.0
2526,2526,2526,2526,2526,2025-04-19,Government policy shift boosts renewable energy sector,Investopedia,Accounting Fraud Investigation,IBOVESPA,-3.57,480.73,Negative,Media & Entertainment,High,Lockheed Martin,https://economictimes.indiatimes.com/stocks/bse-sensex-plunges,government policy shift boosts renewable energy sector,7,Governance,2,1,2025,-1.0
2527,2527,2527,2527,2527,2025-04-20,Government policy shift boosts renewable energy sector,Forbes,Human Rights Allegation,S&P/TSX Composite,-3.17,465.0,Neutral,Transportation,Low,Exxon Mobil,https://www.ft.com/content/currency-devaluation,government policy shift boosts renewable energy sector,17,Social,0,0,2025,0.0
2528,2528,2528,2528,2528,2025-07-05,New housing data release shows a slowdown in market activity,The Economist,Antitrust Investigation,S&P 500,-0.3,270.92,Neutral,Utilities,Low,Lockheed Martin,https://timesofindia.indiatimes.com/business/agriculture-sector,new housing data release shows a slowdown in market activity,14,Governance,0,0,2025,0.0
2529,2529,2529,2529,2529,2025-05-03,Market braces for a major policy announcement from the EU,CNBC,Antitrust Investigation,S&P 500,-4.67,365.72,Negative,Real Estate,Medium,Microsoft,https://www.cnbc.com/2025/10/real-estate-market-analysis,market braces for a major policy announcement from the eu,9,Governance,1,1,2025,-1.0
2530,2530,2530,2530,2530,2025-02-09,Energy company's dividend hike excites shareholders,Investopedia,Antitrust Investigation,Dow Jones,-3.34,431.23,Negative,Automotive,Medium,Lockheed Martin,https://www.cnbc.com/2025/11/major-merger-deal-approved,energy company's dividend hike excites shareholders,12,Governance,1,1,2025,-1.0
2531,2531,2531,2531,2531,2025-07-25,Central Bank's dovish tone hints at future rate cuts,Wall Street Journal,Accounting Fraud Investigation,FTSE 100,0.87,416.57,Negative,Finance,High,Chevron Corporation,https://www.reuters.com/business/retail-sector-earnings,central bank's dovish tone hints at future rate cuts,5,Governance,2,1,2025,-1.0
2532,2532,2532,2532,2532,2025-03-06,A massive data breach sends a tech company's stock tumbling,Barron's,Accounting Fraud Investigation,Nasdaq Composite,4.59,495.21,Negative,Transportation,High,General Motors,https://economictimes.indiatimes.com/stocks/bse-sensex-plunges,a massive data breach sends a tech company's stock tumbling,15,Governance,2,1,2025,-1.0
2533,2533,2533,2533,2533,2025-06-07,E-commerce earnings report beats all analyst expectations,MarketWatch,Regulatory Compliance Failure,S&P 500,-2.61,473.81,Positive,Construction,Low,Lockheed Martin,https://timesofindia.indiatimes.com/business/finance/banking-sector-news,e commerce earnings report beats all analyst expectations,11,Governance,0,0,2025,1.0
2534,2534,2534,2534,2534,2025-03-19,Market braces for a major policy announcement from the EU,Mint,Executive Misconduct,Dow Jones,-3.07,311.22,Negative,Media & Entertainment,High,Intel,https://www.investopedia.com/articles/supply-chain-disruption,market braces for a major policy announcement from the eu,7,Governance,2,1,2025,-1.0
2535,2535,2535,2535,2535,2025-06-24,Crude oil prices drop to a multi-year low,The Economist,Accounting Fraud Investigation,BSE Sensex,-1.04,213.23,Positive,Media & Entertainment,Low,Microsoft,https://economictimes.indiatimes.com/industry/industrials,crude oil prices drop to a multi year low,14,Governance,0,0,2025,1.0
2536,2536,2536,2536,2536,2025-06-13,New housing data release shows a slowdown in market activity,Investopedia,Human Rights Allegation,NSE Nifty,4.17,238.94,Negative,Transportation,High,Lockheed Martin,https://www.reuters.com/markets/indices/nikkei-225,new housing data release shows a slowdown in market activity,17,Social,2,1,2025,-1.0
2537,2537,2537,2537,2537,2025-04-25,Mining company stock surges on commodity price boom,CNBC,Human Rights Allegation,IBOVESPA,-4.85,184.09,Neutral,Telecommunications,Medium,Exxon Mobil,https://www.bloomberg.com/australia/asx-200-performance,mining company stock surges on commodity price boom,19,Social,1,1,2025,0.0
2538,2538,2538,2538,2538,2025-06-03,Geopolitical ceasefire prompts a broad market recovery,Reuters,Product Safety Recall,Dow Jones,2.18,94.03,Neutral,Aerospace & Defense,Medium,Lockheed Martin,https://www.business-standard.com/economy/inflation-data,geopolitical ceasefire prompts a broad market recovery,8,Social,1,1,2025,0.0
2539,2539,2539,2539,2539,2025-06-16,,The Economist,Product Safety Recall,CAC 40,3.14,182.7,Negative,Finance,Medium,Microsoft,https://www.moneycontrol.com/us-markets/dow-jones-industrial,,8,Social,1,1,2025,-1.0
2540,2540,2540,2540,2540,2025-06-30,Manufacturing PMI data signals economic expansion,The Economist,Accounting Fraud Investigation,Hang Seng,1.72,333.11,Positive,Technology,Medium,Bank of America,https://www.reuters.com/markets/stocks/tech-rally,manufacturing pmi data signals economic expansion,1,Governance,1,1,2025,1.0
2541,2541,2541,2541,2541,2025-02-15,Government subsidy program gives a lift to the agriculture sector,Times of India,Executive Misconduct,DAX,0.62,27.28,Negative,Aerospace & Defense,High,Lockheed Martin,https://economictimes.indiatimes.com/news/transportation,government subsidy program gives a lift to the agriculture sector,13,Governance,2,1,2025,-1.0
2542,2542,2542,2542,2542,2025-05-25,Financial services stocks rally on strong profit margins,CNBC,Antitrust Investigation,Nikkei 225,-2.63,488.63,Negative,Technology,Medium,Microsoft,https://www.cnbc.com/2025/09/automotive-industry-trends,financial services stocks rally on strong profit margins,9,Governance,1,1,2025,-1.0
2543,2543,2543,2543,2543,2025-03-20,Real Estate sector shows signs of overheating as interest rates fall,Investopedia,Antitrust Investigation,NSE Nifty,3.64,432.32,Neutral,Utilities,Medium,Exxon Mobil,https://www.marketwatch.com/story/consumer-goods-report,real estate sector shows signs of overheating as interest rates fall,5,Governance,1,1,2025,0.0
2544,2544,2544,2544,2544,2025-02-10,Supply chain issues impact manufacturing sector earnings,MarketWatch,Executive Misconduct,KOSPI,4.32,139.82,Positive,Healthcare,Low,Chevron Corporation,https://www.ft.com/content/consumer-confidence-report,supply chain issues impact manufacturing sector earnings,13,Governance,0,0,2025,1.0
2545,2545,2545,2545,2545,2025-04-23,Consumer Discretionary stocks outperform as spending increases,Forbes,Antitrust Investigation,KOSPI,-1.91,270.29,Negative,Transportation,High,Ford Motor Company,https://www.theeconomist.com/world/government-policy-announcement,consumer discretionary stocks outperform as spending increases,10,Governance,2,1,2025,-1.0
2546,2546,2546,2546,2546,2025-06-14,ASX 200 gains on strong export performance,Bloomberg,Accounting Fraud Investigation,NSE Nifty,1.56,11.76,Negative,Technology,High,Chevron Corporation,https://www.marketwatch.com/story/commodities-price-shock,asx 200 gains on strong export performance,4,Governance,2,1,2025,-1.0
2547,2547,2547,2547,2547,2025-04-26,Aerospace and Defense sector sees rally amid geopolitical tensions,Financial Times,Accounting Fraud Investigation,BSE Sensex,2.99,480.22,Neutral,Telecommunications,Low,Microsoft,https://www.bloomberg.com/canada/tsunami-warnings,aerospace and defense sector sees rally amid geopolitical tensions,11,Governance,0,0,2025,0.0
2548,2548,2548,2548,2548,2025-02-06,Real Estate sector shows signs of overheating as interest rates fall,The Economist,Product Safety Recall,FTSE 100,-1.18,2.54,Negative,Healthcare,High,Bank of America,https://economictimes.indiatimes.com/stocks/bse-sensex-plunges,real estate sector shows signs of overheating as interest rates fall,19,Social,2,1,2025,-1.0
2549,2549,2549,2549,2549,2025-08-02,Geopolitical ceasefire prompts a broad market recovery,Barron's,Antitrust Investigation,Dow Jones,,486.01,Neutral,Media & Entertainment,Medium,Intel,https://www.bloomberg.com/asia/policy/central-bank-meeting,geopolitical ceasefire prompts a broad market recovery,18,Governance,1,1,2025,0.0
2550,2550,2550,2550,2550,2025-02-23,Real Estate sector shows signs of overheating as interest rates fall,Reuters,Antitrust Investigation,BSE Sensex,-2.84,208.77,Negative,Technology,Medium,Intel,https://www.wsj.com/china/market-rally,real estate sector shows signs of overheating as interest rates fall,4,Governance,1,1,2025,-1.0
2551,2551,2551,2551,2551,2025-03-04,E-commerce earnings report beats all analyst expectations,Business Standard,Antitrust Investigation,Shanghai Composite,1.15,77.29,Negative,Industrials,High,JPMorgan Chase,https://www.bloomberg.com/asia/telecommunications-news,e commerce earnings report beats all analyst expectations,11,Governance,2,1,2025,-1.0
2552,2552,2552,2552,2552,2025-02-13,Tech Giant's New Product Launch Sparks Sector-Wide Gains,Barron's,Executive Misconduct,TSX,-4.37,108.31,Negative,Retail,High,Ford Motor Company,https://www.cnbc.com/2025/10/real-estate-market-analysis,tech giant's new product launch sparks sector wide gains,1,Governance,2,1,2025,-1.0
2553,2553,2553,2553,2553,2025-02-03,Mining company stock surges on commodity price boom,Mint,Antitrust Investigation,S&P/TSX Composite,,204.52,Positive,Media & Entertainment,Medium,Intel,https://www.marketwatch.com/story/commodities-price-shock,mining company stock surges on commodity price boom,1,Governance,1,1,2025,1.0
2554,2554,2554,2554,2554,2025-08-12,ASX 200 gains on strong export performance,Seeking Alpha,Executive Misconduct,DAX,1.04,45.03,Negative,Retail,Low,Microsoft,https://www.moneycontrol.com/us-markets/dow-jones-industrial,asx 200 gains on strong export performance,11,Governance,0,0,2025,-1.0
2555,2555,2555,2555,2555,2025-05-14,Gold prices surge as investors flee riskier assets,Economic Times,Product Safety Recall,Shanghai Composite,0.43,463.86,Neutral,Healthcare,Medium,Ford Motor Company,https://economictimes.indiatimes.com/stocks/bse-sensex-plunges,gold prices surge as investors flee riskier assets,3,Social,1,1,2025,0.0
2556,2556,2556,2556,2556,2025-05-31,New regulations on cryptocurrencies cause a market dip,Financial Times,Regulatory Compliance Failure,TSX,1.82,179.64,Negative,Media & Entertainment,Medium,Lockheed Martin,https://economictimes.indiatimes.com/industry/industrials,new regulations on cryptocurrencies cause a market dip,9,Governance,1,1,2025,-1.0
2557,2557,2557,2557,2557,2025-06-16,Market sentiment turns positive on vaccine trial results,Mint,Accounting Fraud Investigation,TSX,-4.2,485.96,Negative,Construction,High,Exxon Mobil,https://www.cnbc.com/2025/11/major-merger-deal-approved,market sentiment turns positive on vaccine trial results,14,Governance,2,1,2025,-1.0
2558,2558,2558,2558,2558,2025-08-03,,CNBC,Executive Misconduct,KOSPI,-3.08,52.8,Neutral,Pharmaceuticals,Low,Bank of America,https://www.forbes.com/finance/geopolitical-event-impact,,13,Governance,0,0,2025,0.0
2559,2559,2559,2559,2559,2025-07-20,Record-high inflation data rattles investors,The Economist,Executive Misconduct,Shanghai Composite,-0.05,41.92,Neutral,Energy,Medium,General Motors,https://www.cnbc.com/2025/11/major-merger-deal-approved,record high inflation data rattles investors,7,Governance,1,1,2025,0.0
2560,2560,2560,2560,2560,2025-07-04,Major technology firm acquires a smaller rival in a multi-billion dollar deal,The Motley Fool,Executive Misconduct,Euro Stoxx 50,-2.27,183.97,,Consumer Goods,Low,Bank of America,https://timesofindia.indiatimes.com/business/finance/banking-sector-news,major technology firm acquires a smaller rival in a multi billion dollar deal,4,Governance,0,0,2025,
2561,2561,2561,2561,2561,2025-04-10,Major oil spill sends energy stocks plummeting,The Motley Fool,Executive Misconduct,Euro Stoxx 50,0.49,68.44,Positive,Materials,Medium,General Motors,https://www.business-standard.com/economy/trade-disputes-impact,major oil spill sends energy stocks plummeting,7,Governance,1,1,2025,1.0
2562,2562,2562,2562,2562,2025-04-05,Major oil spill sends energy stocks plummeting,The Hindu Business Line,Accounting Fraud Investigation,TSX,-3.83,28.62,Negative,Consumer Goods,High,Chevron Corporation,https://www.investopedia.com/articles/government-policy-announcement,major oil spill sends energy stocks plummeting,12,Governance,2,1,2025,-1.0
2563,2563,2563,2563,2563,2025-06-08,Market braces for a major policy announcement from the EU,The Motley Fool,Accounting Fraud Investigation,Hang Seng,-0.49,361.02,Negative,Real Estate,High,Intel,https://timesofindia.indiatimes.com/business/finance/banking-sector-news,market braces for a major policy announcement from the eu,1,Governance,2,1,2025,-1.0
2564,2564,2564,2564,2564,2025-05-02,Financial services stocks rally on strong profit margins,Business Standard,Environmental Spill,CAC 40,4.94,405.23,Negative,Agriculture,High,Intel,https://www.investopedia.com/articles/supply-chain-disruption,financial services stocks rally on strong profit margins,2,Environmental,2,1,2025,-1.0
2565,2565,2565,2565,2565,2025-03-07,Unexpected rise in unemployment fuels market pessimism,Barron's,Labor Rights Violation,ASX 200,1.69,27.3,Negative,Consumer Goods,Medium,JPMorgan Chase,,unexpected rise in unemployment fuels market pessimism,3,Social,1,1,2025,-1.0
2566,2566,2566,2566,2566,2025-06-26,Major oil spill sends energy stocks plummeting,Barron's,Antitrust Investigation,DAX,2.32,245.28,Negative,Automotive,Medium,General Motors,https://www.marketwatch.com/story/commodities-price-shock,major oil spill sends energy stocks plummeting,4,Governance,1,1,2025,-1.0
2567,2567,2567,2567,2567,2025-02-13,Gold prices surge as investors flee riskier assets,Barron's,Executive Misconduct,NSE Nifty,-3.77,404.95,Positive,Finance,Low,JPMorgan Chase,https://timesofindia.indiatimes.com/business/corporate-governance,gold prices surge as investors flee riskier assets,7,Governance,0,0,2025,1.0
2568,2568,2568,2568,2568,2025-04-28,Pharmaceutical company's drug approval drives stock upward,Barron's,Human Rights Allegation,Hang Seng,-1.58,307.3,Negative,Consumer Goods,Low,Microsoft,https://www.business-standard.com/finance/corporate-earnings,pharmaceutical company's drug approval drives stock upward,19,Social,0,0,2025,-1.0
2569,2569,2569,2569,2569,2025-06-12,Banking stocks dip after a major scandal is revealed,Business Standard,Climate Regulation Breach,DAX,-4.3,128.21,Neutral,Industrials,Medium,JPMorgan Chase,https://www.cnbc.com/2025/11/major-merger-deal-approved,banking stocks dip after a major scandal is revealed,2,Environmental,1,1,2025,0.0
2570,2570,2570,2570,2570,2025-08-05,Aerospace and Defense sector sees rally amid geopolitical tensions,The Economist,Antitrust Investigation,FTSE 100,-4.34,83.57,Negative,Pharmaceuticals,Medium,Exxon Mobil,https://www.wsj.com/europe/dax-performance,aerospace and defense sector sees rally amid geopolitical tensions,11,Governance,1,1,2025,-1.0
2571,2571,2571,2571,2571,2025-03-04,Government spending bill is expected to stimulate the economy,Financial Times,Antitrust Investigation,KOSPI,4.89,315.65,Neutral,Technology,Medium,Exxon Mobil,https://www.reuters.com/business/retail-sector-earnings,government spending bill is expected to stimulate the economy,12,Governance,1,1,2025,0.0
2572,2572,2572,2572,2572,2025-02-26,Real Estate sector shows signs of overheating as interest rates fall,Wall Street Journal,Antitrust Investigation,CAC 40,-3.0,463.36,Positive,Finance,Medium,Lockheed Martin,https://www.business-standard.com/international-business/trade-policy,real estate sector shows signs of overheating as interest rates fall,18,Governance,1,1,2025,1.0
2573,2573,2573,2573,2573,2025-04-08,Semiconductor shortages weigh heavily on tech sector profits,Reuters,Executive Misconduct,CAC 40,1.36,440.83,Negative,Agriculture,Medium,Apple Inc.,,semiconductor shortages weigh heavily on tech sector profits,15,Governance,1,1,2025,-1.0
2574,2574,2574,2574,2574,2025-02-20,Dow Jones plunges as market fears recession,Yahoo Finance,Antitrust Investigation,Nasdaq Composite,-2.45,355.31,Positive,Technology,Medium,Apple Inc.,https://www.reuters.com/markets/stocks/tech-rally,dow jones plunges as market fears recession,12,Governance,1,1,2025,1.0
2575,2575,2575,2575,2575,2025-07-24,Major technology firm acquires a smaller rival in a multi-billion dollar deal,CNBC,Water Pollution Incident,Russell 2000,-3.22,161.85,Negative,Telecommunications,High,General Motors,https://www.wsj.com/japan/economic-data-release,major technology firm acquires a smaller rival in a multi billion dollar deal,2,Environmental,2,1,2025,-1.0
2576,2576,2576,2576,2576,2025-03-30,E-commerce earnings report beats all analyst expectations,The Hindu Business Line,Accounting Fraud Investigation,Dow Jones,-1.19,259.6,Negative,Agriculture,High,Bank of America,https://economictimes.indiatimes.com/industry/industrials,e commerce earnings report beats all analyst expectations,10,Governance,2,1,2025,-1.0
2577,2577,2577,2577,2577,2025-06-22,Massive stock buyback program announced by a consumer goods company,Reuters,Regulatory Compliance Failure,TSX,-2.97,234.22,Positive,Technology,Low,Apple Inc.,https://www.wsj.com/china/market-regulation,massive stock buyback program announced by a consumer goods company,14,Governance,0,0,2025,1.0
2578,2578,2578,2578,2578,2025-06-04,Aerospace and Defense sector sees rally amid geopolitical tensions,CNBC,Antitrust Investigation,CAC 40,3.52,423.44,Neutral,Media & Entertainment,Low,Apple Inc.,https://www.ft.com/content/currency-devaluation,aerospace and defense sector sees rally amid geopolitical tensions,9,Governance,0,0,2025,0.0
2579,2579,2579,2579,2579,2025-04-15,Automotive industry faces headwinds from rising material costs,The Motley Fool,Antitrust Investigation,TSX,0.73,107.58,Neutral,Transportation,Medium,Apple Inc.,https://www.marketwatch.com/story/consumer-goods-report,automotive industry faces headwinds from rising material costs,14,Governance,1,1,2025,0.0
2580,2580,2580,2580,2580,2025-05-15,Central bank maintains status quo on interest rates,Barron's,Regulatory Compliance Failure,Nikkei 225,0.2,316.37,,Telecommunications,Low,General Motors,https://www.ft.com/content/tech-sector-innovation,central bank maintains status quo on interest rates,4,Governance,0,0,2025,
2581,2581,2581,2581,2581,2025-08-08,"Global trade talks collapse, causing market turmoil",Investopedia,Antitrust Investigation,DAX,-1.83,250.03,Positive,Automotive,Medium,Bank of America,https://www.business-standard.com/finance/corporate-earnings,"global trade talks collapse, causing market turmoil",5,Governance,1,1,2025,1.0
2582,2582,2582,2582,2582,2025-04-10,Crude oil prices drop to a multi-year low,Wall Street Journal,Regulatory Compliance Failure,Nikkei 225,4.42,35.22,Neutral,Pharmaceuticals,Low,Exxon Mobil,https://www.cnbc.com/2025/10/real-estate-market-analysis,crude oil prices drop to a multi year low,4,Governance,0,0,2025,0.0
2583,2583,2583,2583,2583,2025-07-09,Utilities sector remains stable during market fluctuations,Financial Times,Labor Rights Violation,Russell 2000,2.48,132.7,Negative,Finance,High,JPMorgan Chase,https://www.bloomberg.com/asia/policy/central-bank-meeting,utilities sector remains stable during market fluctuations,17,Social,2,1,2025,-1.0
2584,2584,2584,2584,2584,2025-06-28,Energy company's dividend hike excites shareholders,Mint,Antitrust Investigation,FTSE 100,-3.9,482.35,Negative,Agriculture,Medium,Ford Motor Company,https://timesofindia.indiatimes.com/business/agriculture-sector,energy company's dividend hike excites shareholders,0,Governance,1,1,2025,-1.0
2585,2585,2585,2585,2585,2025-07-28,A massive data breach sends a tech company's stock tumbling,Barron's,Product Safety Recall,Nikkei 225,3.91,189.7,Positive,Telecommunications,Low,Intel,https://www.reuters.com/business/retail-sector-earnings,a massive data breach sends a tech company's stock tumbling,19,Social,0,0,2025,1.0
2586,2586,2586,2586,2586,2025-04-22,Real Estate sector shows signs of overheating as interest rates fall,Investopedia,Antitrust Investigation,ASX 200,2.81,462.68,Negative,Automotive,High,Exxon Mobil,https://www.moneycontrol.com/us-markets/sp-500,real estate sector shows signs of overheating as interest rates fall,10,Governance,2,1,2025,-1.0
2587,2587,2587,2587,2587,2025-03-17,Healthcare stocks gain on robust demand and strong outlook,The Motley Fool,Antitrust Investigation,IBOVESPA,-2.79,449.58,Neutral,Materials,Medium,Chevron Corporation,https://www.bloomberg.com/australia/asx-200-performance,healthcare stocks gain on robust demand and strong outlook,0,Governance,1,1,2025,0.0
2588,2588,2588,2588,2588,2025-07-04,,Bloomberg,Accounting Fraud Investigation,Nikkei 225,1.97,103.52,Negative,Healthcare,High,General Motors,https://www.ft.com/content/media-entertainment-merger,,15,Governance,2,1,2025,-1.0
2589,2589,2589,2589,2589,2025-02-09,ASX 200 gains on strong export performance,Economic Times,Antitrust Investigation,ASX 200,2.0,212.08,Positive,Transportation,Medium,Apple Inc.,,asx 200 gains on strong export performance,18,Governance,1,1,2025,1.0
2590,2590,2590,2590,2590,2025-08-13,Real Estate sector shows signs of overheating as interest rates fall,Business Standard,Human Rights Allegation,S&P/TSX Composite,4.97,394.21,Negative,Agriculture,Low,Microsoft,https://www.ft.com/content/geopolitical-summit,real estate sector shows signs of overheating as interest rates fall,19,Social,0,0,2025,-1.0
2591,2591,2591,2591,2591,2025-06-19,UK's FTSE 100 sees a boost from favorable trade data,The Economist,Executive Misconduct,Euro Stoxx 50,-1.75,340.66,Neutral,Finance,Medium,Chevron Corporation,https://timesofindia.indiatimes.com/business/finance/banking-sector-news,uk's ftse 100 sees a boost from favorable trade data,9,Governance,1,1,2025,0.0
2592,2592,2592,2592,2592,2025-02-06,Geopolitical ceasefire prompts a broad market recovery,Mint,Antitrust Investigation,FTSE 100,0.58,415.52,Positive,Media & Entertainment,Low,Apple Inc.,https://www.ft.com/content/currency-devaluation,geopolitical ceasefire prompts a broad market recovery,10,Governance,0,0,2025,1.0
2593,2593,2593,2593,2593,2025-06-13,Media and Entertainment companies report a surge in streaming revenue,CNBC,Executive Misconduct,S&P 500,0.88,154.2,Negative,Real Estate,High,JPMorgan Chase,https://www.cnbc.com/2025/11/major-merger-deal-approved,media and entertainment companies report a surge in streaming revenue,1,Governance,2,1,2025,-1.0
2594,2594,2594,2594,2594,2025-04-08,Dow Jones plunges as market fears recession,CNBC,Accounting Fraud Investigation,ASX 200,-1.33,394.91,Negative,Industrials,High,Exxon Mobil,https://www.bloomberg.com/asia/telecommunications-news,dow jones plunges as market fears recession,16,Governance,2,1,2025,-1.0
2595,2595,2595,2595,2595,2025-04-03,Crude oil prices drop to a multi-year low,Business Standard,Executive Misconduct,Dow Jones,-3.81,422.17,Negative,Technology,High,JPMorgan Chase,https://www.wsj.com/china/market-rally,crude oil prices drop to a multi year low,12,Governance,2,1,2025,-1.0
2596,2596,2596,2596,2596,2025-05-11,Market sentiment turns positive on vaccine trial results,CNBC,Antitrust Investigation,DAX,1.26,140.58,Neutral,Aerospace & Defense,Medium,Ford Motor Company,https://www.forbes.com/crypto/cryptocurrency-regulation,market sentiment turns positive on vaccine trial results,5,Governance,1,1,2025,0.0
2597,2597,2597,2597,2597,2025-08-13,Government subsidy program gives a lift to the agriculture sector,Economic Times,Labor Rights Violation,TSX,-4.63,384.35,Negative,Technology,High,Bank of America,https://www.reuters.com/markets/indices/nikkei-225,government subsidy program gives a lift to the agriculture sector,8,Social,2,1,2025,-1.0
2598,2598,2598,2598,2598,2025-03-27,New regulations on cryptocurrencies cause a market dip,Financial Times,Accounting Fraud Investigation,Dow Jones,0.79,274.58,Positive,Healthcare,Low,Exxon Mobil,https://www.business-standard.com/economy/inflation-data,new regulations on cryptocurrencies cause a market dip,6,Governance,0,0,2025,1.0
2599,2599,2599,2599,2599,2025-07-22,China's Shanghai Composite falls after new trade restrictions,Business Standard,Labor Rights Violation,Shanghai Composite,-4.13,194.81,Positive,Transportation,Medium,Chevron Corporation,https://www.investopedia.com/articles/government-policy-announcement,china's shanghai composite falls after new trade restrictions,17,Social,1,1,2025,1.0
2600,2600,2600,2600,2600,2025-03-30,Real Estate sector shows signs of overheating as interest rates fall,Business Standard,Executive Misconduct,DAX,2.15,316.84,Negative,Construction,High,Exxon Mobil,https://economictimes.indiatimes.com/news/economy/unemployment-rate,real estate sector shows signs of overheating as interest rates fall,0,Governance,2,1,2025,-1.0
2601,2601,2601,2601,2601,2025-03-29,Merger talks between two banks fall through,Reuters,Labor Rights Violation,Dow Jones,0.1,258.33,Positive,Construction,Medium,JPMorgan Chase,https://www.reuters.com/markets/indices/nikkei-225,merger talks between two banks fall through,19,Social,1,1,2025,1.0
2602,2602,2602,2602,2602,2025-05-17,A massive data breach sends a tech company's stock tumbling,The Motley Fool,Antitrust Investigation,Shanghai Composite,,47.66,Negative,Agriculture,Low,Lockheed Martin,https://www.business-standard.com/economy/economic-stimulus,a massive data breach sends a tech company's stock tumbling,0,Governance,0,0,2025,-1.0
2603,2603,2603,2603,2603,2025-04-14,Government subsidy program gives a lift to the agriculture sector,Mint,Product Safety Recall,Nasdaq Composite,3.66,470.48,Negative,Automotive,High,Microsoft,https://www.ft.com/content/tech-sector-innovation,government subsidy program gives a lift to the agriculture sector,8,Social,2,1,2025,-1.0
2604,2604,2604,2604,2604,2025-07-19,Utilities sector remains stable during market fluctuations,Barron's,Executive Misconduct,Shanghai Composite,-1.34,173.06,Negative,Retail,Medium,Chevron Corporation,https://timesofindia.indiatimes.com/business/corporate-governance,utilities sector remains stable during market fluctuations,14,Governance,1,1,2025,-1.0
2605,2605,2605,2605,2605,2025-04-23,Crude oil prices drop to a multi-year low,The Economist,Environmental Spill,FTSE 100,-2.83,258.36,Negative,Pharmaceuticals,Medium,JPMorgan Chase,,crude oil prices drop to a multi year low,2,Environmental,1,1,2025,-1.0
2606,2606,2606,2606,2606,2025-05-22,Manufacturing PMI data signals economic expansion,Barron's,Labor Rights Violation,KOSPI,-1.11,451.15,Neutral,Finance,Low,Intel,https://www.bloomberg.com/asia/policy/central-bank-meeting,manufacturing pmi data signals economic expansion,8,Social,0,0,2025,0.0
2607,2607,2607,2607,2607,2025-05-07,Central Bank's dovish tone hints at future rate cuts,Forbes,Regulatory Compliance Failure,ASX 200,-3.65,397.78,Negative,Utilities,Low,Chevron Corporation,https://www.cnbc.com/2025/08/russia-ukraine-war-economic-impact,central bank's dovish tone hints at future rate cuts,14,Governance,0,0,2025,-1.0
2608,2608,2608,2608,2608,2025-04-27,Record-high inflation data rattles investors,MarketWatch,Executive Misconduct,Dow Jones,4.68,352.32,Neutral,Finance,Medium,JPMorgan Chase,https://economictimes.indiatimes.com/news/economy/unemployment-rate,record high inflation data rattles investors,4,Governance,1,1,2025,0.0
2609,2609,2609,2609,2609,2025-08-08,Energy company's dividend hike excites shareholders,Mint,Executive Misconduct,Dow Jones,3.16,317.93,Negative,Real Estate,High,Apple Inc.,https://www.bloomberg.com/australia/asx-200-performance,energy company's dividend hike excites shareholders,13,Governance,2,1,2025,-1.0
2610,2610,2610,2610,2610,2025-06-09,Market braces for a major policy announcement from the EU,MarketWatch,Carbon Emissions Violation,Dow Jones,3.37,424.76,Negative,Agriculture,High,Exxon Mobil,https://www.forbes.com/crypto/cryptocurrency-regulation,market braces for a major policy announcement from the eu,2,Environmental,2,1,2025,-1.0
2611,2611,2611,2611,2611,2025-03-08,Media and Entertainment companies report a surge in streaming revenue,Reuters,Regulatory Compliance Failure,Hang Seng,-3.58,488.85,Negative,Media & Entertainment,High,Lockheed Martin,https://www.reuters.com/business/energy/oil-market-update,media and entertainment companies report a surge in streaming revenue,14,Governance,2,1,2025,-1.0
2612,2612,2612,2612,2612,2025-06-23,"Global trade talks collapse, causing market turmoil",Economic Times,Labor Rights Violation,Nasdaq Composite,1.49,47.48,Neutral,Consumer Goods,Low,Microsoft,https://www.business-standard.com/international-business/trade-policy,"global trade talks collapse, causing market turmoil",17,Social,0,0,2025,0.0
2613,2613,2613,2613,2613,2025-07-10,Central Bank Governor signals potential shift in policy,Investopedia,Executive Misconduct,ASX 200,3.23,154.87,Negative,Industrials,Low,Intel,https://www.marketwatch.com/story/commodities-price-shock,central bank governor signals potential shift in policy,13,Governance,0,0,2025,-1.0
2614,2614,2614,2614,2614,2025-08-01,Tech Giant's New Product Launch Sparks Sector-Wide Gains,Times of India,Antitrust Investigation,Dow Jones,-2.88,241.25,Negative,Construction,Low,JPMorgan Chase,https://www.business-standard.com/economy/economic-stimulus,tech giant's new product launch sparks sector wide gains,5,Governance,0,0,2025,-1.0
2615,2615,2615,2615,2615,2025-04-23,,Yahoo Finance,Executive Misconduct,S&P 500,-4.27,103.27,Negative,Transportation,High,General Motors,https://www.bloomberg.com/canada/tsunami-warnings,,11,Governance,2,1,2025,-1.0
2616,2616,2616,2616,2616,2025-04-23,Financial services stocks rally on strong profit margins,The Motley Fool,Carbon Emissions Violation,Nikkei 225,,439.31,Neutral,Aerospace & Defense,Low,Ford Motor Company,https://www.business-standard.com/finance/corporate-earnings,financial services stocks rally on strong profit margins,2,Environmental,0,0,2025,0.0
2617,2617,2617,2617,2617,2025-07-23,ASX 200 gains on strong export performance,The Motley Fool,Accounting Fraud Investigation,Nasdaq Composite,-3.84,366.16,Negative,Finance,High,Intel,https://www.theeconomist.com/world/government-policy-announcement,asx 200 gains on strong export performance,4,Governance,2,1,2025,-1.0
2618,2618,2618,2618,2618,2025-06-08,Market sentiment turns positive on vaccine trial results,Mint,Accounting Fraud Investigation,Shanghai Composite,-2.34,84.12,,Pharmaceuticals,Low,General Motors,https://www.moneycontrol.com/us-markets/dow-jones-industrial,market sentiment turns positive on vaccine trial results,16,Governance,0,0,2025,
2619,2619,2619,2619,2619,2025-06-28,Tech Giant's New Product Launch Sparks Sector-Wide Gains,Economic Times,Human Rights Allegation,FTSE 100,-2.62,416.49,Negative,Industrials,High,Microsoft,https://www.reuters.com/business/retail-sector-earnings,tech giant's new product launch sparks sector wide gains,19,Social,2,1,2025,-1.0
2620,2620,2620,2620,2620,2025-05-23,Market braces for a major policy announcement from the EU,Mint,Accounting Fraud Investigation,Hang Seng,-2.04,129.71,Negative,Energy,High,Microsoft,https://www.bloomberg.com/canada/tsunami-warnings,market braces for a major policy announcement from the eu,10,Governance,2,1,2025,-1.0
2621,2621,2621,2621,2621,2025-02-11,Federal Reserve Chairman's speech causes market volatility,Barron's,Accounting Fraud Investigation,S&P 500,,331.12,Negative,Energy,Medium,Lockheed Martin,https://www.bloomberg.com/australia/asx-200-performance,federal reserve chairman's speech causes market volatility,1,Governance,1,1,2025,-1.0
2622,2622,2622,2622,2622,2025-06-23,China's Shanghai Composite falls after new trade restrictions,MarketWatch,Executive Misconduct,CAC 40,-4.16,470.01,Negative,Technology,High,Exxon Mobil,https://www.ft.com/content/consumer-confidence-report,china's shanghai composite falls after new trade restrictions,7,Governance,2,1,2025,-1.0
2623,2623,2623,2623,2623,2025-03-14,Energy company's dividend hike excites shareholders,Forbes,Accounting Fraud Investigation,S&P 500,4.51,325.76,Negative,Automotive,Medium,Lockheed Martin,https://www.cnbc.com/2025/08/russia-ukraine-war-economic-impact,energy company's dividend hike excites shareholders,5,Governance,1,1,2025,-1.0
2624,2624,2624,2624,2624,2025-03-29,Crude oil prices drop to a multi-year low,Times of India,Antitrust Investigation,Russell 2000,-1.88,274.27,Negative,Media & Entertainment,Medium,Bank of America,https://www.wsj.com/china/market-rally,crude oil prices drop to a multi year low,4,Governance,1,1,2025,-1.0
2625,2625,2625,2625,2625,2025-06-23,Record-high inflation data rattles investors,The Economist,Regulatory Compliance Failure,FTSE 100,-4.37,87.34,Negative,Technology,Low,Microsoft,https://www.marketwatch.com/story/commodities-price-shock,record high inflation data rattles investors,13,Governance,0,0,2025,-1.0
2626,2626,2626,2626,2626,2025-07-10,Pharmaceutical company's drug approval drives stock upward,Investopedia,Accounting Fraud Investigation,S&P 500,3.27,457.02,Negative,Consumer Goods,High,JPMorgan Chase,https://timesofindia.indiatimes.com/business/corporate-governance,pharmaceutical company's drug approval drives stock upward,1,Governance,2,1,2025,-1.0
2627,2627,2627,2627,2627,2025-05-28,E-commerce earnings report beats all analyst expectations,Business Standard,Antitrust Investigation,Euro Stoxx 50,-0.49,491.62,Negative,Retail,Low,Exxon Mobil,https://timesofindia.indiatimes.com/business/corporate-governance,e commerce earnings report beats all analyst expectations,4,Governance,0,0,2025,-1.0
2628,2628,2628,2628,2628,2025-02-24,Consumer Discretionary stocks outperform as spending increases,The Motley Fool,Labor Rights Violation,Russell 2000,4.99,176.58,Negative,Utilities,High,Exxon Mobil,https://www.business-standard.com/international-business/trade-policy,consumer discretionary stocks outperform as spending increases,17,Social,2,1,2025,-1.0
2629,2629,2629,2629,2629,2025-04-19,E-commerce earnings report beats all analyst expectations,The Hindu Business Line,Worker Strike,S&P/TSX Composite,1.88,96.52,Neutral,Transportation,Medium,Intel,https://www.investopedia.com/articles/supply-chain-disruption,e commerce earnings report beats all analyst expectations,3,Social,1,1,2025,0.0
2630,2630,2630,2630,2630,2025-05-28,Automotive industry faces headwinds from rising material costs,Mint,Regulatory Compliance Failure,Hang Seng,1.51,98.41,Negative,Healthcare,High,Exxon Mobil,https://www.wsj.com/japan/economic-data-release,automotive industry faces headwinds from rising material costs,12,Governance,2,1,2025,-1.0
2631,2631,2631,2631,2631,2025-07-15,Major oil spill sends energy stocks plummeting,Bloomberg,Human Rights Allegation,FTSE 100,1.48,451.49,Negative,Media & Entertainment,High,Microsoft,https://www.wsj.com/europe/regulatory-changes,major oil spill sends energy stocks plummeting,19,Social,2,1,2025,-1.0
2632,2632,2632,2632,2632,2025-07-24,ASX 200 gains on strong export performance,The Economist,Accounting Fraud Investigation,S&P 500,2.3,58.05,Negative,Agriculture,Medium,Ford Motor Company,https://www.cnbc.com/2025/09/automotive-industry-trends,asx 200 gains on strong export performance,16,Governance,1,1,2025,-1.0
2633,2633,2633,2633,2633,2025-08-07,Consumer confidence index reaches a decade high,Yahoo Finance,Accounting Fraud Investigation,ASX 200,3.59,193.95,Negative,Pharmaceuticals,High,Chevron Corporation,https://www.theeconomist.com/world/government-policy-announcement,consumer confidence index reaches a decade high,12,Governance,2,1,2025,-1.0
2634,2634,2634,2634,2634,2025-04-02,Financial services stocks rally on strong profit margins,The Economist,Antitrust Investigation,Russell 2000,0.24,17.83,Neutral,Consumer Goods,Medium,Exxon Mobil,https://www.bloomberg.com/middle-east/news/bond-market-fluctuation,financial services stocks rally on strong profit margins,6,Governance,1,1,2025,0.0
2635,2635,2635,2635,2635,2025-05-28,Energy company's dividend hike excites shareholders,Barron's,Executive Misconduct,S&P 500,0.58,355.33,Negative,Real Estate,Medium,JPMorgan Chase,https://economictimes.indiatimes.com/stocks/bse-sensex-plunges,energy company's dividend hike excites shareholders,4,Governance,1,1,2025,-1.0
2636,2636,2636,2636,2636,2025-07-18,Semiconductor shortages weigh heavily on tech sector profits,The Economist,Regulatory Compliance Failure,TSX,-1.54,173.19,Negative,Healthcare,High,General Motors,https://economictimes.indiatimes.com/news/economy/unemployment-rate,semiconductor shortages weigh heavily on tech sector profits,18,Governance,2,1,2025,-1.0
2637,2637,2637,2637,2637,2025-06-01,Aerospace and Defense sector sees rally amid geopolitical tensions,Financial Times,Human Rights Allegation,Shanghai Composite,-0.14,456.4,Neutral,Automotive,Medium,Microsoft,https://www.ft.com/content/currency-devaluation,aerospace and defense sector sees rally amid geopolitical tensions,19,Social,1,1,2025,0.0
2638,2638,2638,2638,2638,2025-03-12,E-commerce earnings report beats all analyst expectations,MarketWatch,Regulatory Compliance Failure,KOSPI,-1.03,427.76,Negative,Transportation,Medium,Intel,https://www.cnbc.com/2025/12/healthcare-sector-outlook,e commerce earnings report beats all analyst expectations,14,Governance,1,1,2025,-1.0
2639,2639,2639,2639,2639,2025-03-18,Financial services stocks rally on strong profit margins,Wall Street Journal,Product Safety Recall,CAC 40,3.13,373.73,Positive,Retail,Low,Intel,https://www.wsj.com/europe/dax-performance,financial services stocks rally on strong profit margins,3,Social,0,0,2025,1.0
2640,2640,2640,2640,2640,2025-02-26,,Wall Street Journal,Labor Rights Violation,Nikkei 225,3.77,398.94,Positive,Utilities,Low,Apple Inc.,https://www.wsj.com/china/market-regulation,,19,Social,0,0,2025,1.0
2641,2641,2641,2641,2641,2025-04-06,Mining company stock surges on commodity price boom,Barron's,Human Rights Allegation,NSE Nifty,-4.96,281.52,Negative,Industrials,Medium,Bank of America,https://www.theeconomist.com/finance-and-economics/trade-tariffs,mining company stock surges on commodity price boom,17,Social,1,1,2025,-1.0
2642,2642,2642,2642,2642,2025-05-27,Mining company stock surges on commodity price boom,Business Standard,Accounting Fraud Investigation,ASX 200,2.17,18.98,Negative,Retail,High,Exxon Mobil,https://www.reuters.com/business/retail-sector-earnings,mining company stock surges on commodity price boom,15,Governance,2,1,2025,-1.0
2643,2643,2643,2643,2643,2025-03-04,Aerospace and Defense sector sees rally amid geopolitical tensions,Forbes,Worker Strike,IBOVESPA,2.12,37.72,Negative,Automotive,High,Lockheed Martin,https://www.business-standard.com/finance/corporate-earnings,aerospace and defense sector sees rally amid geopolitical tensions,3,Social,2,1,2025,-1.0
2644,2644,2644,2644,2644,2025-03-17,Retail sales report surpasses all forecasts,Times of India,Antitrust Investigation,IBOVESPA,-4.02,273.11,Positive,Media & Entertainment,Medium,JPMorgan Chase,https://www.wsj.com/china/market-rally,retail sales report surpasses all forecasts,11,Governance,1,1,2025,1.0
2645,2645,2645,2645,2645,2025-05-26,Manufacturing PMI data signals economic expansion,Barron's,Accounting Fraud Investigation,DAX,-2.45,396.26,Positive,Telecommunications,Low,Chevron Corporation,https://www.wsj.com/china/market-regulation,manufacturing pmi data signals economic expansion,9,Governance,0,0,2025,1.0
2646,2646,2646,2646,2646,2025-07-24,Central Bank Governor signals potential shift in policy,The Motley Fool,Regulatory Compliance Failure,Nasdaq Composite,,42.52,Neutral,Materials,Medium,Apple Inc.,https://www.ft.com/content/currency-devaluation,central bank governor signals potential shift in policy,14,Governance,1,1,2025,0.0
2647,2647,2647,2647,2647,2025-02-19,Gold prices surge as investors flee riskier assets,Financial Times,Accounting Fraud Investigation,S&P/TSX Composite,3.57,44.78,Negative,Technology,High,Lockheed Martin,,gold prices surge as investors flee riskier assets,5,Governance,2,1,2025,-1.0
2648,2648,2648,2648,2648,2025-03-19,Manufacturing PMI data signals economic expansion,Seeking Alpha,Executive Misconduct,S&P 500,-0.76,308.44,,Retail,Medium,Bank of America,https://www.wsj.com/japan/economic-data-release,manufacturing pmi data signals economic expansion,7,Governance,1,1,2025,
2649,2649,2649,2649,2649,2025-03-25,Manufacturing PMI data signals economic expansion,Forbes,Human Rights Allegation,CAC 40,1.95,359.84,Positive,Materials,Medium,Exxon Mobil,https://www.reuters.com/markets/indices/nikkei-225,manufacturing pmi data signals economic expansion,19,Social,1,1,2025,1.0
2650,2650,2650,2650,2650,2025-06-10,,The Hindu Business Line,Antitrust Investigation,Russell 2000,3.41,243.98,Neutral,Finance,Medium,Chevron Corporation,https://www.bloomberg.com/canada/tsunami-warnings,,16,Governance,1,1,2025,0.0
2651,2651,2651,2651,2651,2025-07-03,New IPO for a popular software firm is oversubscribed,Mint,Executive Misconduct,BSE Sensex,0.32,215.13,Negative,Finance,Medium,Microsoft,https://www.theeconomist.com/world/government-policy-announcement,new ipo for a popular software firm is oversubscribed,13,Governance,1,1,2025,-1.0
2652,2652,2652,2652,2652,2025-03-20,Consumer Discretionary stocks outperform as spending increases,The Hindu Business Line,Accounting Fraud Investigation,KOSPI,-0.48,289.69,Positive,Technology,Low,Bank of America,https://www.reuters.com/business/retail-sector-earnings,consumer discretionary stocks outperform as spending increases,5,Governance,0,0,2025,1.0
2653,2653,2653,2653,2653,2025-04-27,Financial sector bracing for new capital requirements,Times of India,Regulatory Compliance Failure,CAC 40,3.66,425.01,Positive,Consumer Goods,Medium,Microsoft,https://www.marketwatch.com/story/commodities-price-shock,financial sector bracing for new capital requirements,18,Governance,1,1,2025,1.0
2654,2654,2654,2654,2654,2025-06-17,,Barron's,Human Rights Allegation,NSE Nifty,-2.61,87.01,Neutral,Agriculture,Medium,Intel,https://www.ft.com/content/consumer-confidence-report,,19,Social,1,1,2025,0.0
2655,2655,2655,2655,2655,2025-02-22,Financial services stocks rally on strong profit margins,Wall Street Journal,Labor Rights Violation,S&P 500,0.95,157.86,Negative,Real Estate,Medium,Apple Inc.,https://timesofindia.indiatimes.com/business/finance/banking-sector-news,financial services stocks rally on strong profit margins,3,Social,1,1,2025,-1.0
2656,2656,2656,2656,2656,2025-05-19,China's Shanghai Composite falls after new trade restrictions,Business Standard,Antitrust Investigation,TSX,-0.67,310.13,Negative,Finance,Medium,Lockheed Martin,https://www.wsj.com/japan/economic-data-release,china's shanghai composite falls after new trade restrictions,9,Governance,1,1,2025,-1.0
2657,2657,2657,2657,2657,2025-02-20,Market sentiment turns positive on vaccine trial results,Financial Times,Regulatory Compliance Failure,NSE Nifty,-1.07,185.85,Negative,Media & Entertainment,High,JPMorgan Chase,https://www.reuters.com/markets/indices/nikkei-225,market sentiment turns positive on vaccine trial results,16,Governance,2,1,2025,-1.0
2658,2658,2658,2658,2658,2025-04-11,Nikkei 225 index benefits from a weaker yen,The Hindu Business Line,Antitrust Investigation,CAC 40,2.38,420.65,Neutral,Technology,Low,Bank of America,https://www.business-standard.com/international-business/trade-policy,nikkei 225 index benefits from a weaker yen,11,Governance,0,0,2025,0.0
2659,2659,2659,2659,2659,2025-02-12,Gold prices surge as investors flee riskier assets,Yahoo Finance,Carbon Emissions Violation,S&P/TSX Composite,-2.19,448.56,Negative,Pharmaceuticals,High,Intel,https://www.reuters.com/business/retail-sector-earnings,gold prices surge as investors flee riskier assets,2,Environmental,2,1,2025,-1.0
2660,2660,2660,2660,2660,2025-02-13,Government spending bill is expected to stimulate the economy,The Economist,Antitrust Investigation,CAC 40,2.09,221.56,Positive,Retail,Medium,Lockheed Martin,https://www.cnbc.com/2025/08/russia-ukraine-war-economic-impact,government spending bill is expected to stimulate the economy,16,Governance,1,1,2025,1.0
2661,2661,2661,2661,2661,2025-04-10,Federal Reserve Chairman's speech causes market volatility,Investopedia,Executive Misconduct,NSE Nifty,-0.52,320.21,Positive,Agriculture,Low,Chevron Corporation,https://www.theeconomist.com/world/government-policy-announcement,federal reserve chairman's speech causes market volatility,5,Governance,0,0,2025,1.0
2662,2662,2662,2662,2662,2025-02-28,Mining company stock surges on commodity price boom,The Motley Fool,Human Rights Allegation,CAC 40,-1.06,355.42,Positive,Aerospace & Defense,Medium,Lockheed Martin,https://www.wsj.com/china/market-rally,mining company stock surges on commodity price boom,3,Social,1,1,2025,1.0
2663,2663,2663,2663,2663,2025-04-23,Tech Giant's New Product Launch Sparks Sector-Wide Gains,Investopedia,Executive Misconduct,ASX 200,2.61,111.46,Neutral,Consumer Goods,Medium,Ford Motor Company,https://www.moneycontrol.com/us-markets/sp-500,tech giant's new product launch sparks sector wide gains,6,Governance,1,1,2025,0.0
2664,2664,2664,2664,2664,2025-04-12,Federal Reserve Chairman's speech causes market volatility,Economic Times,Antitrust Investigation,Shanghai Composite,0.71,312.79,Negative,Real Estate,High,Exxon Mobil,https://timesofindia.indiatimes.com/business/markets/stock-market-crash,federal reserve chairman's speech causes market volatility,4,Governance,2,1,2025,-1.0
2665,2665,2665,2665,2665,2025-06-01,Unexpected rise in unemployment fuels market pessimism,CNBC,Climate Regulation Breach,CAC 40,,33.83,Neutral,Real Estate,Medium,Exxon Mobil,https://timesofindia.indiatimes.com/business/agriculture-sector,unexpected rise in unemployment fuels market pessimism,2,Environmental,1,1,2025,0.0
2666,2666,2666,2666,2666,2025-05-05,Government policy shift boosts renewable energy sector,Financial Times,Executive Misconduct,S&P/TSX Composite,-0.64,302.19,,Technology,Low,General Motors,https://www.cnbc.com/2025/09/automotive-industry-trends,government policy shift boosts renewable energy sector,1,Governance,0,0,2025,
2667,2667,2667,2667,2667,2025-07-25,Semiconductor shortages weigh heavily on tech sector profits,Bloomberg,Antitrust Investigation,KOSPI,3.65,124.19,Negative,Telecommunications,High,Apple Inc.,https://www.theeconomist.com/world/government-policy-announcement,semiconductor shortages weigh heavily on tech sector profits,18,Governance,2,1,2025,-1.0
2668,2668,2668,2668,2668,2025-06-02,New regulations on cryptocurrencies cause a market dip,The Hindu Business Line,Carbon Emissions Violation,Nasdaq Composite,2.4,358.72,Negative,Construction,Medium,JPMorgan Chase,https://www.wsj.com/europe/regulatory-changes,new regulations on cryptocurrencies cause a market dip,2,Environmental,1,1,2025,-1.0
2669,2669,2669,2669,2669,2025-04-18,"Global trade talks collapse, causing market turmoil",Barron's,Accounting Fraud Investigation,FTSE 100,0.7,297.02,Positive,Energy,Medium,Intel,https://www.ft.com/content/media-entertainment-merger,"global trade talks collapse, causing market turmoil",7,Governance,1,1,2025,1.0
2670,2670,2670,2670,2670,2025-06-19,,MarketWatch,Antitrust Investigation,Russell 2000,1.68,483.93,Positive,Retail,Low,Apple Inc.,https://www.reuters.com/markets/indices/ftse-100,,6,Governance,0,0,2025,1.0
2671,2671,2671,2671,2671,2025-05-14,Semiconductor shortages weigh heavily on tech sector profits,Seeking Alpha,Executive Misconduct,CAC 40,1.33,32.79,Neutral,Industrials,Medium,Apple Inc.,https://www.moneycontrol.com/us-markets/nasdaq-composite,semiconductor shortages weigh heavily on tech sector profits,12,Governance,1,1,2025,0.0
2672,2672,2672,2672,2672,2025-05-01,Major oil spill sends energy stocks plummeting,The Hindu Business Line,Executive Misconduct,Shanghai Composite,-1.42,147.03,Negative,Agriculture,High,Microsoft,https://www.bloomberg.com/middle-east/news/bond-market-fluctuation,major oil spill sends energy stocks plummeting,18,Governance,2,1,2025,-1.0
2673,2673,2673,2673,2673,2025-07-08,Market sentiment turns positive on vaccine trial results,Economic Times,Regulatory Compliance Failure,CAC 40,1.99,33.73,Negative,Retail,High,Microsoft,https://www.cnbc.com/2025/10/real-estate-market-analysis,market sentiment turns positive on vaccine trial results,10,Governance,2,1,2025,-1.0
2674,2674,2674,2674,2674,2025-05-24,Central Bank's dovish tone hints at future rate cuts,MarketWatch,Climate Regulation Breach,Shanghai Composite,,450.77,Positive,Pharmaceuticals,Medium,Chevron Corporation,https://www.ft.com/content/tech-sector-innovation,central bank's dovish tone hints at future rate cuts,2,Environmental,1,1,2025,1.0
2675,2675,2675,2675,2675,2025-02-21,Federal Reserve Chairman's speech causes market volatility,Economic Times,Antitrust Investigation,NSE Nifty,2.24,194.4,Neutral,Agriculture,Medium,Ford Motor Company,,federal reserve chairman's speech causes market volatility,14,Governance,1,1,2025,0.0
2676,2676,2676,2676,2676,2025-02-16,Market sentiment turns positive on vaccine trial results,Economic Times,Regulatory Compliance Failure,Euro Stoxx 50,2.26,194.9,Positive,Retail,Medium,Microsoft,https://www.wsj.com/japan/economic-data-release,market sentiment turns positive on vaccine trial results,18,Governance,1,1,2025,1.0
2677,2677,2677,2677,2677,2025-02-20,Market sentiment turns positive on vaccine trial results,Seeking Alpha,Executive Misconduct,NSE Nifty,-1.48,479.46,Neutral,Transportation,Low,General Motors,https://www.business-standard.com/economy/trade-disputes-impact,market sentiment turns positive on vaccine trial results,12,Governance,0,0,2025,0.0
2678,2678,2678,2678,2678,2025-05-17,Nikkei 225 index benefits from a weaker yen,CNBC,Executive Misconduct,TSX,-0.25,197.32,Negative,Retail,Low,General Motors,https://www.moneycontrol.com/us-markets/nasdaq-composite,nikkei 225 index benefits from a weaker yen,15,Governance,0,0,2025,-1.0
2679,2679,2679,2679,2679,2025-04-08,E-commerce earnings report beats all analyst expectations,Yahoo Finance,Antitrust Investigation,FTSE 100,,224.9,Negative,Healthcare,Medium,Intel,https://www.ft.com/content/geopolitical-summit,e commerce earnings report beats all analyst expectations,7,Governance,1,1,2025,-1.0
2680,2680,2680,2680,2680,2025-06-03,Government spending bill is expected to stimulate the economy,Investopedia,Executive Misconduct,CAC 40,-3.62,370.38,Positive,Transportation,Medium,JPMorgan Chase,https://economictimes.indiatimes.com/stocks/bse-sensex-plunges,government spending bill is expected to stimulate the economy,10,Governance,1,1,2025,1.0
2681,2681,2681,2681,2681,2025-03-05,,Times of India,Antitrust Investigation,Euro Stoxx 50,0.38,300.37,Negative,Materials,High,Bank of America,https://www.investopedia.com/articles/supply-chain-disruption,,15,Governance,2,1,2025,-1.0
2682,2682,2682,2682,2682,2025-06-25,Government policy shift boosts renewable energy sector,MarketWatch,Antitrust Investigation,S&P 500,0.42,273.05,Positive,Real Estate,Low,Apple Inc.,https://www.wsj.com/europe/dax-performance,government policy shift boosts renewable energy sector,10,Governance,0,0,2025,1.0
2683,2683,2683,2683,2683,2025-07-14,,Reuters,Antitrust Investigation,KOSPI,0.96,446.4,Negative,Media & Entertainment,High,General Motors,https://www.reuters.com/business/energy/oil-market-update,,12,Governance,2,1,2025,-1.0
2684,2684,2684,2684,2684,2025-07-24,Central Bank's dovish tone hints at future rate cuts,Business Standard,Accounting Fraud Investigation,Russell 2000,-1.59,63.42,Positive,Consumer Goods,Low,Apple Inc.,https://www.wsj.com/europe/dax-performance,central bank's dovish tone hints at future rate cuts,6,Governance,0,0,2025,1.0
2685,2685,2685,2685,2685,2025-06-08,UK's FTSE 100 sees a boost from favorable trade data,MarketWatch,Accounting Fraud Investigation,Nikkei 225,-2.7,325.21,Negative,Construction,High,Microsoft,https://www.business-standard.com/economy/economic-stimulus,uk's ftse 100 sees a boost from favorable trade data,16,Governance,2,1,2025,-1.0
2686,2686,2686,2686,2686,2025-02-28,New regulations on cryptocurrencies cause a market dip,Times of India,Labor Rights Violation,KOSPI,3.07,296.92,Positive,Technology,Low,Lockheed Martin,https://www.business-standard.com/international-business/trade-policy,new regulations on cryptocurrencies cause a market dip,3,Social,0,0,2025,1.0
2687,2687,2687,2687,2687,2025-06-05,Federal Reserve Chairman's speech causes market volatility,Mint,Worker Strike,NSE Nifty,-3.41,152.02,Neutral,Energy,Medium,Bank of America,https://www.cnbc.com/2025/12/healthcare-sector-outlook,federal reserve chairman's speech causes market volatility,19,Social,1,1,2025,0.0
2688,2688,2688,2688,2688,2025-03-27,ASX 200 gains on strong export performance,Mint,Environmental Spill,Euro Stoxx 50,-2.15,464.65,,Consumer Goods,Medium,General Motors,https://www.cnbc.com/2025/11/major-merger-deal-approved,asx 200 gains on strong export performance,2,Environmental,1,1,2025,
2689,2689,2689,2689,2689,2025-08-08,Geopolitical ceasefire prompts a broad market recovery,The Motley Fool,Antitrust Investigation,ASX 200,4.23,53.56,Negative,Agriculture,High,Intel,https://economictimes.indiatimes.com/industry/industrials,geopolitical ceasefire prompts a broad market recovery,6,Governance,2,1,2025,-1.0
2690,2690,2690,2690,2690,2025-08-12,Dow Jones plunges as market fears recession,The Economist,Executive Misconduct,BSE Sensex,-0.04,392.32,Neutral,Consumer Goods,Low,Bank of America,https://www.business-standard.com/finance/corporate-earnings,dow jones plunges as market fears recession,11,Governance,0,0,2025,0.0
2691,2691,2691,2691,2691,2025-02-09,Central Bank Governor signals potential shift in policy,Barron's,Product Safety Recall,S&P 500,-4.19,24.15,Neutral,Telecommunications,Low,Ford Motor Company,https://www.ft.com/content/consumer-confidence-report,central bank governor signals potential shift in policy,3,Social,0,0,2025,0.0
2692,2692,2692,2692,2692,2025-07-17,Market braces for a major policy announcement from the EU,The Hindu Business Line,Regulatory Compliance Failure,Shanghai Composite,-0.31,372.01,Neutral,Finance,Low,Chevron Corporation,https://www.bloomberg.com/asia/telecommunications-news,market braces for a major policy announcement from the eu,9,Governance,0,0,2025,0.0
2693,2693,2693,2693,2693,2025-07-26,Tech Giant's New Product Launch Sparks Sector-Wide Gains,Bloomberg,Executive Misconduct,FTSE 100,-4.4,273.99,Negative,Agriculture,High,General Motors,https://www.bloomberg.com/australia/asx-200-performance,tech giant's new product launch sparks sector wide gains,11,Governance,2,1,2025,-1.0
2694,2694,2694,2694,2694,2025-05-23,Financial sector bracing for new capital requirements,The Hindu Business Line,Antitrust Investigation,S&P 500,-4.39,332.75,Negative,Technology,Low,Intel,https://www.bloomberg.com/asia/telecommunications-news,financial sector bracing for new capital requirements,7,Governance,0,0,2025,-1.0
2695,2695,2695,2695,2695,2025-07-13,Consumer Discretionary stocks outperform as spending increases,Wall Street Journal,Product Safety Recall,S&P 500,-4.43,164.73,Negative,Materials,High,Apple Inc.,https://timesofindia.indiatimes.com/business/corporate-governance,consumer discretionary stocks outperform as spending increases,3,Social,2,1,2025,-1.0
2696,2696,2696,2696,2696,2025-08-08,Media and Entertainment companies report a surge in streaming revenue,Investopedia,Product Safety Recall,BSE Sensex,2.43,478.5,,Pharmaceuticals,Low,JPMorgan Chase,https://www.business-standard.com/finance/corporate-earnings,media and entertainment companies report a surge in streaming revenue,8,Social,0,0,2025,
2697,2697,2697,2697,2697,2025-07-31,Merger talks between two banks fall through,The Hindu Business Line,Accounting Fraud Investigation,Nasdaq Composite,-0.46,188.26,Positive,Aerospace & Defense,Medium,Exxon Mobil,https://www.wsj.com/europe/regulatory-changes,merger talks between two banks fall through,7,Governance,1,1,2025,1.0
2698,2698,2698,2698,2698,2025-03-09,Real Estate sector shows signs of overheating as interest rates fall,Barron's,Regulatory Compliance Failure,KOSPI,4.74,177.21,Negative,Telecommunications,High,Exxon Mobil,https://www.cnbc.com/2025/08/russia-ukraine-war-economic-impact,real estate sector shows signs of overheating as interest rates fall,16,Governance,2,1,2025,-1.0
2699,2699,2699,2699,2699,2025-03-01,Consumer Discretionary stocks outperform as spending increases,Seeking Alpha,Accounting Fraud Investigation,CAC 40,2.43,158.15,Positive,Telecommunications,Medium,Chevron Corporation,https://www.theeconomist.com/world/government-policy-announcement,consumer discretionary stocks outperform as spending increases,7,Governance,1,1,2025,1.0
2700,2700,2700,2700,2700,2025-03-12,New IPO for a popular software firm is oversubscribed,MarketWatch,Antitrust Investigation,Nikkei 225,1.45,343.87,Negative,Construction,Low,Apple Inc.,https://www.cnbc.com/2025/10/real-estate-market-analysis,new ipo for a popular software firm is oversubscribed,4,Governance,0,0,2025,-1.0
2701,2701,2701,2701,2701,2025-06-30,Tech Giant's New Product Launch Sparks Sector-Wide Gains,MarketWatch,Accounting Fraud Investigation,CAC 40,-2.65,37.26,Positive,Agriculture,Medium,General Motors,https://www.investopedia.com/articles/government-policy-announcement,tech giant's new product launch sparks sector wide gains,9,Governance,1,1,2025,1.0
2702,2702,2702,2702,2702,2025-02-10,Utilities sector remains stable during market fluctuations,MarketWatch,Labor Rights Violation,S&P 500,3.73,486.34,Negative,Agriculture,Low,Ford Motor Company,https://www.wsj.com/japan/economic-data-release,utilities sector remains stable during market fluctuations,19,Social,0,0,2025,-1.0
2703,2703,2703,2703,2703,2025-05-24,Mining company stock surges on commodity price boom,Reuters,Antitrust Investigation,Hang Seng,,10.37,Neutral,Real Estate,Low,Bank of America,https://www.cnbc.com/2025/11/major-merger-deal-approved,mining company stock surges on commodity price boom,12,Governance,0,0,2025,0.0
2704,2704,2704,2704,2704,2025-03-18,Healthcare stocks gain on robust demand and strong outlook,The Motley Fool,Antitrust Investigation,FTSE 100,-4.95,404.57,Neutral,Technology,Low,Microsoft,https://www.reuters.com/markets/indices/nikkei-225,healthcare stocks gain on robust demand and strong outlook,14,Governance,0,0,2025,0.0
2705,2705,2705,2705,2705,2025-06-25,Media and Entertainment companies report a surge in streaming revenue,Investopedia,Antitrust Investigation,ASX 200,0.42,323.15,Negative,Real Estate,Low,Lockheed Martin,https://www.reuters.com/markets/stocks/tech-rally,media and entertainment companies report a surge in streaming revenue,16,Governance,0,0,2025,-1.0
2706,2706,2706,2706,2706,2025-02-09,China's Shanghai Composite falls after new trade restrictions,The Economist,Regulatory Compliance Failure,TSX,2.48,443.28,Positive,Utilities,Medium,Lockheed Martin,https://www.business-standard.com/economy/inflation-data,china's shanghai composite falls after new trade restrictions,9,Governance,1,1,2025,1.0
2707,2707,2707,2707,2707,2025-05-15,Banking stocks dip after a major scandal is revealed,Seeking Alpha,Accounting Fraud Investigation,FTSE 100,3.22,385.06,Negative,Construction,Medium,Microsoft,https://www.forbes.com/crypto/cryptocurrency-regulation,banking stocks dip after a major scandal is revealed,0,Governance,1,1,2025,-1.0
2708,2708,2708,2708,2708,2025-08-09,Banking stocks dip after a major scandal is revealed,The Economist,Accounting Fraud Investigation,IBOVESPA,0.94,369.55,Negative,Aerospace & Defense,Low,Bank of America,https://timesofindia.indiatimes.com/business/finance/banking-sector-news,banking stocks dip after a major scandal is revealed,16,Governance,0,0,2025,-1.0
2709,2709,2709,2709,2709,2025-04-30,Consumer Discretionary stocks outperform as spending increases,Times of India,Regulatory Compliance Failure,Hang Seng,-4.94,244.06,Negative,Consumer Goods,Medium,JPMorgan Chase,https://www.bloomberg.com/asia/policy/central-bank-meeting,consumer discretionary stocks outperform as spending increases,9,Governance,1,1,2025,-1.0
2710,2710,2710,2710,2710,2025-03-07,Supply chain issues impact manufacturing sector earnings,Seeking Alpha,Antitrust Investigation,NSE Nifty,-1.04,418.03,Negative,Industrials,High,Exxon Mobil,https://www.cnbc.com/2025/11/major-merger-deal-approved,supply chain issues impact manufacturing sector earnings,6,Governance,2,1,2025,-1.0
2711,2711,2711,2711,2711,2025-02-03,ASX 200 gains on strong export performance,Yahoo Finance,Human Rights Allegation,KOSPI,0.78,227.71,Neutral,Construction,Medium,Bank of America,https://www.cnbc.com/2025/09/automotive-industry-trends,asx 200 gains on strong export performance,19,Social,1,1,2025,0.0
2712,2712,2712,2712,2712,2025-04-28,Central Bank's dovish tone hints at future rate cuts,Times of India,Antitrust Investigation,ASX 200,2.27,333.69,Neutral,Pharmaceuticals,Medium,Bank of America,,central bank's dovish tone hints at future rate cuts,12,Governance,1,1,2025,0.0
2713,2713,2713,2713,2713,2025-03-04,ASX 200 gains on strong export performance,Mint,Antitrust Investigation,ASX 200,3.16,365.43,Negative,Telecommunications,Medium,Apple Inc.,https://www.ft.com/content/media-entertainment-merger,asx 200 gains on strong export performance,18,Governance,1,1,2025,-1.0
2714,2714,2714,2714,2714,2025-02-22,Real Estate sector shows signs of overheating as interest rates fall,Forbes,Executive Misconduct,Hang Seng,-0.02,24.06,Neutral,Agriculture,Low,Apple Inc.,https://www.marketwatch.com/story/consumer-goods-report,real estate sector shows signs of overheating as interest rates fall,16,Governance,0,0,2025,0.0
2715,2715,2715,2715,2715,2025-05-11,Real Estate sector shows signs of overheating as interest rates fall,Investopedia,Accounting Fraud Investigation,NSE Nifty,-3.86,242.03,Negative,Technology,High,Ford Motor Company,https://www.cnbc.com/2025/10/real-estate-market-analysis,real estate sector shows signs of overheating as interest rates fall,13,Governance,2,1,2025,-1.0
2716,2716,2716,2716,2716,2025-07-07,Automotive industry faces headwinds from rising material costs,Investopedia,Executive Misconduct,CAC 40,-2.05,474.57,Negative,Aerospace & Defense,High,Lockheed Martin,https://www.bloomberg.com/australia/asx-200-performance,automotive industry faces headwinds from rising material costs,14,Governance,2,1,2025,-1.0
2717,2717,2717,2717,2717,2025-07-19,Tech Giant's New Product Launch Sparks Sector-Wide Gains,CNBC,Regulatory Compliance Failure,CAC 40,2.17,137.67,Neutral,Aerospace & Defense,Medium,Intel,https://www.reuters.com/markets/indices/nikkei-225,tech giant's new product launch sparks sector wide gains,11,Governance,1,1,2025,0.0
2718,2718,2718,2718,2718,2025-04-24,Media and Entertainment companies report a surge in streaming revenue,Seeking Alpha,Labor Rights Violation,Nasdaq Composite,4.93,331.63,Negative,Healthcare,High,Bank of America,https://www.reuters.com/markets/stocks/tech-rally,media and entertainment companies report a surge in streaming revenue,17,Social,2,1,2025,-1.0
2719,2719,2719,2719,2719,2025-06-01,Merger talks between two banks fall through,The Economist,Regulatory Compliance Failure,CAC 40,-1.46,10.19,Neutral,Aerospace & Defense,Medium,JPMorgan Chase,https://www.business-standard.com/economy/economic-stimulus,merger talks between two banks fall through,12,Governance,1,1,2025,0.0
2720,2720,2720,2720,2720,2025-04-09,Merger talks between two banks fall through,Barron's,Carbon Emissions Violation,DAX,4.3,220.09,Positive,Finance,Low,Lockheed Martin,https://www.moneycontrol.com/india/ipo-news/new-firm-launches,merger talks between two banks fall through,2,Environmental,0,0,2025,1.0
2721,2721,2721,2721,2721,2025-08-07,ASX 200 gains on strong export performance,Wall Street Journal,Accounting Fraud Investigation,BSE Sensex,-3.8,452.09,Positive,Utilities,Medium,Ford Motor Company,https://www.business-standard.com/economy/economic-stimulus,asx 200 gains on strong export performance,12,Governance,1,1,2025,1.0
2722,2722,2722,2722,2722,2025-05-16,Automotive industry faces headwinds from rising material costs,Business Standard,Executive Misconduct,DAX,-0.85,364.62,Positive,Automotive,Low,Apple Inc.,https://www.business-standard.com/economy/trade-disputes-impact,automotive industry faces headwinds from rising material costs,1,Governance,0,0,2025,1.0
2723,2723,2723,2723,2723,2025-06-08,Financial sector bracing for new capital requirements,Seeking Alpha,Climate Regulation Breach,IBOVESPA,0.81,43.31,Neutral,Technology,Medium,Chevron Corporation,,financial sector bracing for new capital requirements,2,Environmental,1,1,2025,0.0
2724,2724,2724,2724,2724,2025-07-23,Major technology firm acquires a smaller rival in a multi-billion dollar deal,Bloomberg,Regulatory Compliance Failure,DAX,-3.65,136.75,Negative,Industrials,High,General Motors,https://www.wsj.com/europe/dax-performance,major technology firm acquires a smaller rival in a multi billion dollar deal,14,Governance,2,1,2025,-1.0
2725,2725,2725,2725,2725,2025-03-16,E-commerce earnings report beats all analyst expectations,The Economist,Human Rights Allegation,ASX 200,1.57,3.16,Negative,Finance,High,Chevron Corporation,https://www.cnbc.com/2025/08/russia-ukraine-war-economic-impact,e commerce earnings report beats all analyst expectations,19,Social,2,1,2025,-1.0
2726,2726,2726,2726,2726,2025-06-02,New IPO for a popular software firm is oversubscribed,The Economist,Antitrust Investigation,Dow Jones,-2.24,498.74,Neutral,Construction,Medium,JPMorgan Chase,https://www.moneycontrol.com/us-markets/dow-jones-industrial,new ipo for a popular software firm is oversubscribed,11,Governance,1,1,2025,0.0
2727,2727,2727,2727,2727,2025-06-16,Pharmaceutical company's drug approval drives stock upward,The Motley Fool,Regulatory Compliance Failure,Euro Stoxx 50,,27.48,Neutral,Healthcare,Medium,Ford Motor Company,https://www.business-standard.com/economy/trade-disputes-impact,pharmaceutical company's drug approval drives stock upward,9,Governance,1,1,2025,0.0
2728,2728,2728,2728,2728,2025-03-25,Unexpected rise in unemployment fuels market pessimism,Times of India,Executive Misconduct,CAC 40,1.12,14.41,Negative,Aerospace & Defense,High,JPMorgan Chase,https://www.marketwatch.com/story/consumer-goods-report,unexpected rise in unemployment fuels market pessimism,4,Governance,2,1,2025,-1.0
2729,2729,2729,2729,2729,2025-07-10,Media and Entertainment companies report a surge in streaming revenue,Business Standard,Antitrust Investigation,Russell 2000,,109.12,Negative,Agriculture,Medium,JPMorgan Chase,https://www.wsj.com/europe/regulatory-changes,media and entertainment companies report a surge in streaming revenue,6,Governance,1,1,2025,-1.0
2730,2730,2730,2730,2730,2025-07-05,Manufacturing PMI data signals economic expansion,Financial Times,Executive Misconduct,Hang Seng,0.93,153.69,Positive,Consumer Goods,Medium,Apple Inc.,https://www.bloomberg.com/australia/asx-200-performance,manufacturing pmi data signals economic expansion,6,Governance,1,1,2025,1.0
2731,2731,2731,2731,2731,2025-06-02,Market sentiment turns positive on vaccine trial results,The Hindu Business Line,Worker Strike,CAC 40,0.64,99.76,Negative,Automotive,High,Intel,https://economictimes.indiatimes.com/stocks/bse-sensex-plunges,market sentiment turns positive on vaccine trial results,17,Social,2,1,2025,-1.0
2732,2732,2732,2732,2732,2025-02-05,New IPO for a popular software firm is oversubscribed,The Economist,Regulatory Compliance Failure,ASX 200,-1.76,180.51,Negative,Technology,Medium,Chevron Corporation,https://www.business-standard.com/economy/inflation-data,new ipo for a popular software firm is oversubscribed,0,Governance,1,1,2025,-1.0
2733,2733,2733,2733,2733,2025-06-29,Central Bank's dovish tone hints at future rate cuts,The Motley Fool,Executive Misconduct,Nikkei 225,1.89,118.05,Neutral,Finance,Low,Ford Motor Company,https://www.bloomberg.com/asia/policy/central-bank-meeting,central bank's dovish tone hints at future rate cuts,14,Governance,0,0,2025,0.0
2734,2734,2734,2734,2734,2025-08-12,"Global trade talks collapse, causing market turmoil",Barron's,Executive Misconduct,IBOVESPA,0.74,159.86,Negative,Industrials,High,Chevron Corporation,https://www.business-standard.com/economy/trade-disputes-impact,"global trade talks collapse, causing market turmoil",7,Governance,2,1,2025,-1.0
2735,2735,2735,2735,2735,2025-05-01,Market sentiment turns positive on vaccine trial results,The Hindu Business Line,Antitrust Investigation,IBOVESPA,,429.99,Neutral,Industrials,Medium,Chevron Corporation,https://www.moneycontrol.com/india/ipo-news/new-firm-launches,market sentiment turns positive on vaccine trial results,15,Governance,1,1,2025,0.0
2736,2736,2736,2736,2736,2025-08-12,Government spending bill is expected to stimulate the economy,Yahoo Finance,Executive Misconduct,DAX,-2.64,156.0,Negative,Transportation,High,Microsoft,https://www.moneycontrol.com/us-markets/nasdaq-composite,government spending bill is expected to stimulate the economy,6,Governance,2,1,2025,-1.0
2737,2737,2737,2737,2737,2025-05-10,Manufacturing PMI data signals economic expansion,CNBC,Executive Misconduct,NSE Nifty,-2.92,490.14,Negative,Media & Entertainment,Medium,Exxon Mobil,https://www.business-standard.com/international-business/trade-policy,manufacturing pmi data signals economic expansion,18,Governance,1,1,2025,-1.0
2738,2738,2738,2738,2738,2025-05-19,Real Estate sector shows signs of overheating as interest rates fall,Investopedia,Antitrust Investigation,CAC 40,-3.58,86.42,Neutral,Transportation,Medium,General Motors,https://www.moneycontrol.com/us-markets/sp-500,real estate sector shows signs of overheating as interest rates fall,12,Governance,1,1,2025,0.0
2739,2739,2739,2739,2739,2025-07-14,China's Shanghai Composite falls after new trade restrictions,MarketWatch,Accounting Fraud Investigation,FTSE 100,-3.68,126.26,Positive,Media & Entertainment,Medium,Intel,,china's shanghai composite falls after new trade restrictions,15,Governance,1,1,2025,1.0
2740,2740,2740,2740,2740,2025-07-14,New regulations on cryptocurrencies cause a market dip,The Economist,Human Rights Allegation,Russell 2000,-4.42,83.6,Negative,Healthcare,High,Chevron Corporation,https://economictimes.indiatimes.com/news/transportation,new regulations on cryptocurrencies cause a market dip,17,Social,2,1,2025,-1.0
2741,2741,2741,2741,2741,2025-02-27,Dow Jones plunges as market fears recession,Forbes,Executive Misconduct,TSX,0.23,337.73,Positive,Technology,Low,Lockheed Martin,,dow jones plunges as market fears recession,10,Governance,0,0,2025,1.0
2742,2742,2742,2742,2742,2025-07-15,Government subsidy program gives a lift to the agriculture sector,Financial Times,Antitrust Investigation,TSX,-1.21,121.51,Negative,Healthcare,High,Chevron Corporation,https://www.bloomberg.com/australia/asx-200-performance,government subsidy program gives a lift to the agriculture sector,0,Governance,2,1,2025,-1.0
2743,2743,2743,2743,2743,2025-04-05,Healthcare stocks gain on robust demand and strong outlook,CNBC,Antitrust Investigation,Russell 2000,-1.24,354.76,Negative,Aerospace & Defense,Medium,Exxon Mobil,https://www.cnbc.com/2025/12/healthcare-sector-outlook,healthcare stocks gain on robust demand and strong outlook,7,Governance,1,1,2025,-1.0
2744,2744,2744,2744,2744,2025-06-05,Semiconductor shortages weigh heavily on tech sector profits,Financial Times,Executive Misconduct,Russell 2000,-4.06,182.34,Neutral,Finance,Medium,Intel,https://www.wsj.com/japan/economic-data-release,semiconductor shortages weigh heavily on tech sector profits,0,Governance,1,1,2025,0.0
2745,2745,2745,2745,2745,2025-06-30,Market braces for a major policy announcement from the EU,Wall Street Journal,Antitrust Investigation,Nasdaq Composite,3.04,438.63,Neutral,Agriculture,Low,Chevron Corporation,https://www.bloomberg.com/australia/asx-200-performance,market braces for a major policy announcement from the eu,9,Governance,0,0,2025,0.0
2746,2746,2746,2746,2746,2025-04-20,New IPO for a popular software firm is oversubscribed,CNBC,Antitrust Investigation,Hang Seng,,261.5,,Materials,Low,Apple Inc.,https://www.reuters.com/markets/stocks/tech-rally,new ipo for a popular software firm is oversubscribed,13,Governance,0,0,2025,
2747,2747,2747,2747,2747,2025-05-13,,Seeking Alpha,Antitrust Investigation,Shanghai Composite,0.37,279.0,Negative,Aerospace & Defense,High,General Motors,https://www.business-standard.com/finance/corporate-earnings,,4,Governance,2,1,2025,-1.0
2748,2748,2748,2748,2748,2025-02-28,Record-high inflation data rattles investors,Reuters,Antitrust Investigation,Nasdaq Composite,-3.29,421.72,Negative,Telecommunications,Low,Bank of America,https://www.theeconomist.com/finance-and-economics/trade-tariffs,record high inflation data rattles investors,10,Governance,0,0,2025,-1.0
2749,2749,2749,2749,2749,2025-06-19,Major technology firm acquires a smaller rival in a multi-billion dollar deal,The Hindu Business Line,Regulatory Compliance Failure,S&P 500,4.05,241.45,Negative,Healthcare,Low,Ford Motor Company,https://www.ft.com/content/consumer-confidence-report,major technology firm acquires a smaller rival in a multi billion dollar deal,0,Governance,0,0,2025,-1.0
2750,2750,2750,2750,2750,2025-04-02,E-commerce earnings report beats all analyst expectations,The Motley Fool,Human Rights Allegation,Dow Jones,,48.97,Negative,Industrials,Low,General Motors,https://www.ft.com/content/currency-devaluation,e commerce earnings report beats all analyst expectations,3,Social,0,0,2025,-1.0
2751,2751,2751,2751,2751,2025-05-11,UK's FTSE 100 sees a boost from favorable trade data,MarketWatch,Antitrust Investigation,Shanghai Composite,1.49,387.64,Neutral,Media & Entertainment,Medium,Chevron Corporation,https://www.cnbc.com/2025/12/healthcare-sector-outlook,uk's ftse 100 sees a boost from favorable trade data,10,Governance,1,1,2025,0.0
2752,2752,2752,2752,2752,2025-05-21,Supply chain issues impact manufacturing sector earnings,Reuters,Executive Misconduct,IBOVESPA,-1.12,204.65,Neutral,Aerospace & Defense,Low,General Motors,https://www.forbes.com/finance/geopolitical-event-impact,supply chain issues impact manufacturing sector earnings,10,Governance,0,0,2025,0.0
2753,2753,2753,2753,2753,2025-05-30,Manufacturing PMI data signals economic expansion,Forbes,Labor Rights Violation,Nasdaq Composite,-2.32,20.43,Negative,Energy,High,Chevron Corporation,https://www.ft.com/content/currency-devaluation,manufacturing pmi data signals economic expansion,19,Social,2,1,2025,-1.0
2754,2754,2754,2754,2754,2025-07-26,New IPO for a popular software firm is oversubscribed,The Hindu Business Line,Antitrust Investigation,Shanghai Composite,-1.32,376.78,Positive,Energy,Medium,Chevron Corporation,https://timesofindia.indiatimes.com/business/agriculture-sector,new ipo for a popular software firm is oversubscribed,12,Governance,1,1,2025,1.0
2755,2755,2755,2755,2755,2025-03-12,Market braces for a major policy announcement from the EU,The Motley Fool,Human Rights Allegation,Euro Stoxx 50,0.4,404.41,Negative,Real Estate,Medium,Microsoft,https://www.marketwatch.com/story/commodities-price-shock,market braces for a major policy announcement from the eu,19,Social,1,1,2025,-1.0
2756,2756,2756,2756,2756,2025-04-12,Media and Entertainment companies report a surge in streaming revenue,Bloomberg,Executive Misconduct,BSE Sensex,-0.69,242.54,Neutral,Agriculture,Low,Lockheed Martin,https://timesofindia.indiatimes.com/business/corporate-governance,media and entertainment companies report a surge in streaming revenue,0,Governance,0,0,2025,0.0
2757,2757,2757,2757,2757,2025-04-25,Retail sales report surpasses all forecasts,Times of India,Labor Rights Violation,DAX,-1.04,351.83,Neutral,Technology,Low,Exxon Mobil,https://www.bloomberg.com/canada/tsunami-warnings,retail sales report surpasses all forecasts,19,Social,0,0,2025,0.0
2758,2758,2758,2758,2758,2025-03-11,Banking stocks dip after a major scandal is revealed,MarketWatch,Regulatory Compliance Failure,DAX,3.29,61.5,Negative,Energy,High,Chevron Corporation,https://www.ft.com/content/tech-sector-innovation,banking stocks dip after a major scandal is revealed,13,Governance,2,1,2025,-1.0
2759,2759,2759,2759,2759,2025-05-19,"Global trade talks collapse, causing market turmoil",Forbes,Executive Misconduct,ASX 200,,134.77,Negative,Retail,Medium,General Motors,https://www.cnbc.com/2025/12/healthcare-sector-outlook,"global trade talks collapse, causing market turmoil",4,Governance,1,1,2025,-1.0
2760,2760,2760,2760,2760,2025-07-06,Utilities sector remains stable during market fluctuations,The Hindu Business Line,Executive Misconduct,S&P 500,,263.92,Negative,Automotive,High,Apple Inc.,https://www.ft.com/content/media-entertainment-merger,utilities sector remains stable during market fluctuations,12,Governance,2,1,2025,-1.0
2761,2761,2761,2761,2761,2025-04-22,"Global trade talks collapse, causing market turmoil",Wall Street Journal,Worker Strike,Shanghai Composite,3.95,361.06,Negative,Finance,High,Apple Inc.,https://www.reuters.com/markets/indices/nikkei-225,"global trade talks collapse, causing market turmoil",17,Social,2,1,2025,-1.0
2762,2762,2762,2762,2762,2025-06-06,Massive stock buyback program announced by a consumer goods company,Yahoo Finance,Antitrust Investigation,FTSE 100,-0.38,355.18,,Telecommunications,Medium,Apple Inc.,https://www.bloomberg.com/middle-east/news/bond-market-fluctuation,massive stock buyback program announced by a consumer goods company,0,Governance,1,1,2025,
2763,2763,2763,2763,2763,2025-03-15,Central bank maintains status quo on interest rates,Seeking Alpha,Accounting Fraud Investigation,BSE Sensex,-1.34,394.84,Negative,Consumer Goods,High,JPMorgan Chase,https://economictimes.indiatimes.com/industry/industrials,central bank maintains status quo on interest rates,10,Governance,2,1,2025,-1.0
2764,2764,2764,2764,2764,2025-02-06,Government spending bill is expected to stimulate the economy,Business Standard,Accounting Fraud Investigation,Hang Seng,-0.1,154.33,Neutral,Retail,Medium,Apple Inc.,https://economictimes.indiatimes.com/news/economy/unemployment-rate,government spending bill is expected to stimulate the economy,14,Governance,1,1,2025,0.0
2765,2765,2765,2765,2765,2025-08-02,Banking stocks dip after a major scandal is revealed,CNBC,Accounting Fraud Investigation,NSE Nifty,1.83,404.03,Negative,Materials,High,Lockheed Martin,https://www.business-standard.com/economy/trade-disputes-impact,banking stocks dip after a major scandal is revealed,7,Governance,2,1,2025,-1.0
2766,2766,2766,2766,2766,2025-05-29,A massive data breach sends a tech company's stock tumbling,Financial Times,Regulatory Compliance Failure,S&P/TSX Composite,-4.93,153.24,Negative,Materials,High,Chevron Corporation,https://www.bloomberg.com/australia/asx-200-performance,a massive data breach sends a tech company's stock tumbling,14,Governance,2,1,2025,-1.0
2767,2767,2767,2767,2767,2025-07-12,Consumer confidence index reaches a decade high,Business Standard,Executive Misconduct,IBOVESPA,-3.58,182.42,Positive,Energy,Medium,Lockheed Martin,https://timesofindia.indiatimes.com/business/corporate-governance,consumer confidence index reaches a decade high,4,Governance,1,1,2025,1.0
2768,2768,2768,2768,2768,2025-05-20,New housing data release shows a slowdown in market activity,Yahoo Finance,Accounting Fraud Investigation,ASX 200,-2.42,409.82,Neutral,Media & Entertainment,Low,General Motors,https://economictimes.indiatimes.com/stocks/bse-sensex-plunges,new housing data release shows a slowdown in market activity,4,Governance,0,0,2025,0.0
2769,2769,2769,2769,2769,2025-04-03,Energy company's dividend hike excites shareholders,Investopedia,Regulatory Compliance Failure,Dow Jones,-3.19,51.61,Negative,Utilities,Low,Exxon Mobil,https://www.business-standard.com/international-business/trade-policy,energy company's dividend hike excites shareholders,16,Governance,0,0,2025,-1.0
2770,2770,2770,2770,2770,2025-05-12,Major technology firm acquires a smaller rival in a multi-billion dollar deal,Mint,Worker Strike,DAX,-2.37,225.22,Negative,Retail,Low,JPMorgan Chase,https://www.marketwatch.com/story/consumer-goods-report,major technology firm acquires a smaller rival in a multi billion dollar deal,19,Social,0,0,2025,-1.0
2771,2771,2771,2771,2771,2025-08-09,Government policy shift boosts renewable energy sector,Financial Times,Worker Strike,TSX,-0.7,437.87,Positive,Automotive,Low,Lockheed Martin,https://economictimes.indiatimes.com/news/economy/unemployment-rate,government policy shift boosts renewable energy sector,19,Social,0,0,2025,1.0
2772,2772,2772,2772,2772,2025-02-05,Market braces for a major policy announcement from the EU,Bloomberg,Worker Strike,DAX,2.94,154.83,Neutral,Healthcare,Medium,Ford Motor Company,https://www.wsj.com/china/market-regulation,market braces for a major policy announcement from the eu,19,Social,1,1,2025,0.0
2773,2773,2773,2773,2773,2025-07-14,Automotive industry faces headwinds from rising material costs,Business Standard,Product Safety Recall,BSE Sensex,-0.99,64.21,Neutral,Energy,Medium,Lockheed Martin,https://timesofindia.indiatimes.com/business/agriculture-sector,automotive industry faces headwinds from rising material costs,17,Social,1,1,2025,0.0
2774,2774,2774,2774,2774,2025-02-25,Energy company's dividend hike excites shareholders,The Economist,Regulatory Compliance Failure,Hang Seng,1.53,333.5,Negative,Transportation,Medium,General Motors,https://www.moneycontrol.com/us-markets/nasdaq-composite,energy company's dividend hike excites shareholders,9,Governance,1,1,2025,-1.0
2775,2775,2775,2775,2775,2025-02-23,Market sentiment turns positive on vaccine trial results,MarketWatch,Product Safety Recall,Nasdaq Composite,-3.22,354.14,Negative,Utilities,High,Microsoft,https://www.ft.com/content/geopolitical-summit,market sentiment turns positive on vaccine trial results,19,Social,2,1,2025,-1.0
2776,2776,2776,2776,2776,2025-04-11,A massive data breach sends a tech company's stock tumbling,Yahoo Finance,Executive Misconduct,ASX 200,-4.33,261.06,Negative,Real Estate,Low,Chevron Corporation,https://www.moneycontrol.com/us-markets/sp-500,a massive data breach sends a tech company's stock tumbling,10,Governance,0,0,2025,-1.0
2777,2777,2777,2777,2777,2025-06-04,E-commerce earnings report beats all analyst expectations,CNBC,Executive Misconduct,Nasdaq Composite,2.25,487.38,Positive,Transportation,Medium,Bank of America,https://economictimes.indiatimes.com/news/transportation,e commerce earnings report beats all analyst expectations,10,Governance,1,1,2025,1.0
2778,2778,2778,2778,2778,2025-05-17,Utilities sector remains stable during market fluctuations,Forbes,Accounting Fraud Investigation,ASX 200,3.51,402.06,Negative,Finance,High,Lockheed Martin,https://www.marketwatch.com/story/consumer-goods-report,utilities sector remains stable during market fluctuations,11,Governance,2,1,2025,-1.0
2779,2779,2779,2779,2779,2025-08-07,Media and Entertainment companies report a surge in streaming revenue,The Economist,Executive Misconduct,ASX 200,2.39,132.28,Negative,Transportation,Low,Lockheed Martin,https://www.cnbc.com/2025/08/russia-ukraine-war-economic-impact,media and entertainment companies report a surge in streaming revenue,14,Governance,0,0,2025,-1.0
2780,2780,2780,2780,2780,2025-07-07,Tech Giant's New Product Launch Sparks Sector-Wide Gains,MarketWatch,Regulatory Compliance Failure,Dow Jones,-1.13,101.43,Negative,Consumer Goods,High,Apple Inc.,https://www.marketwatch.com/story/consumer-goods-report,tech giant's new product launch sparks sector wide gains,1,Governance,2,1,2025,-1.0
2781,2781,2781,2781,2781,2025-07-22,Mining company stock surges on commodity price boom,CNBC,Antitrust Investigation,Dow Jones,4.54,360.82,Neutral,Finance,Medium,Apple Inc.,https://www.bloomberg.com/asia/policy/central-bank-meeting,mining company stock surges on commodity price boom,15,Governance,1,1,2025,0.0
2782,2782,2782,2782,2782,2025-04-09,Government subsidy program gives a lift to the agriculture sector,Forbes,Executive Misconduct,S&P/TSX Composite,-1.38,52.24,Negative,Finance,High,Chevron Corporation,https://www.business-standard.com/economy/economic-stimulus,government subsidy program gives a lift to the agriculture sector,6,Governance,2,1,2025,-1.0
2783,2783,2783,2783,2783,2025-06-20,Manufacturing PMI data signals economic expansion,MarketWatch,Regulatory Compliance Failure,Nasdaq Composite,,30.7,Negative,Automotive,High,Microsoft,https://www.wsj.com/china/market-rally,manufacturing pmi data signals economic expansion,1,Governance,2,1,2025,-1.0
2784,2784,2784,2784,2784,2025-04-21,,Forbes,Accounting Fraud Investigation,Shanghai Composite,-0.24,117.37,Negative,Telecommunications,Low,Bank of America,https://www.business-standard.com/economy/economic-stimulus,,14,Governance,0,0,2025,-1.0
2785,2785,2785,2785,2785,2025-03-10,Government spending bill is expected to stimulate the economy,The Hindu Business Line,Executive Misconduct,Dow Jones,-4.51,371.21,Neutral,Healthcare,Low,Microsoft,https://timesofindia.indiatimes.com/business/markets/stock-market-crash,government spending bill is expected to stimulate the economy,13,Governance,0,0,2025,0.0
2786,2786,2786,2786,2786,2025-02-20,ASX 200 gains on strong export performance,MarketWatch,Antitrust Investigation,Nasdaq Composite,-4.19,328.48,,Retail,Medium,Bank of America,https://www.bloomberg.com/asia/policy/central-bank-meeting,asx 200 gains on strong export performance,7,Governance,1,1,2025,
2787,2787,2787,2787,2787,2025-06-16,Media and Entertainment companies report a surge in streaming revenue,Forbes,Water Pollution Incident,KOSPI,-1.37,283.49,Negative,Telecommunications,Medium,Bank of America,https://www.reuters.com/markets/indices/ftse-100,media and entertainment companies report a surge in streaming revenue,2,Environmental,1,1,2025,-1.0
2788,2788,2788,2788,2788,2025-04-18,Merger talks between two banks fall through,Barron's,Antitrust Investigation,IBOVESPA,-2.14,480.9,Negative,Utilities,High,Intel,https://www.marketwatch.com/story/commodities-price-shock,merger talks between two banks fall through,7,Governance,2,1,2025,-1.0
2789,2789,2789,2789,2789,2025-02-25,Retail sales report surpasses all forecasts,Economic Times,Product Safety Recall,BSE Sensex,-3.13,226.46,Negative,Materials,High,Microsoft,https://www.forbes.com/finance/geopolitical-event-impact,retail sales report surpasses all forecasts,17,Social,2,1,2025,-1.0
2790,2790,2790,2790,2790,2025-02-09,Consumer confidence index reaches a decade high,Mint,Executive Misconduct,BSE Sensex,0.49,439.42,Negative,Media & Entertainment,High,Chevron Corporation,https://www.bloomberg.com/asia/telecommunications-news,consumer confidence index reaches a decade high,1,Governance,2,1,2025,-1.0
2791,2791,2791,2791,2791,2025-02-26,Automotive industry faces headwinds from rising material costs,Wall Street Journal,Accounting Fraud Investigation,Nasdaq Composite,-4.1,32.73,Negative,Real Estate,High,Chevron Corporation,https://www.ft.com/content/geopolitical-summit,automotive industry faces headwinds from rising material costs,7,Governance,2,1,2025,-1.0
2792,2792,2792,2792,2792,2025-08-04,,Yahoo Finance,Accounting Fraud Investigation,Hang Seng,2.67,409.61,Positive,Real Estate,Medium,Chevron Corporation,https://www.bloomberg.com/asia/policy/central-bank-meeting,,12,Governance,1,1,2025,1.0
2793,2793,2793,2793,2793,2025-06-27,Government subsidy program gives a lift to the agriculture sector,Investopedia,Antitrust Investigation,S&P/TSX Composite,0.79,147.71,,Healthcare,Medium,Intel,https://www.moneycontrol.com/us-markets/sp-500,government subsidy program gives a lift to the agriculture sector,15,Governance,1,1,2025,
2794,2794,2794,2794,2794,2025-03-09,Media and Entertainment companies report a surge in streaming revenue,The Motley Fool,Regulatory Compliance Failure,CAC 40,0.03,4.24,Positive,Automotive,Low,Chevron Corporation,https://www.moneycontrol.com/us-markets/dow-jones-industrial,media and entertainment companies report a surge in streaming revenue,4,Governance,0,0,2025,1.0
2795,2795,2795,2795,2795,2025-06-11,Tech Giant's New Product Launch Sparks Sector-Wide Gains,Investopedia,Executive Misconduct,Russell 2000,2.06,480.73,Positive,Retail,Low,Exxon Mobil,https://www.forbes.com/finance/geopolitical-event-impact,tech giant's new product launch sparks sector wide gains,1,Governance,0,0,2025,1.0
2796,2796,2796,2796,2796,2025-04-04,Crude oil prices drop to a multi-year low,The Motley Fool,Executive Misconduct,Russell 2000,4.2,184.5,Negative,Technology,Low,Microsoft,https://www.wsj.com/china/market-regulation,crude oil prices drop to a multi year low,7,Governance,0,0,2025,-1.0
2797,2797,2797,2797,2797,2025-04-01,Merger talks between two banks fall through,Barron's,Accounting Fraud Investigation,CAC 40,-0.96,242.0,Negative,Consumer Goods,High,Chevron Corporation,https://www.reuters.com/markets/indices/nikkei-225,merger talks between two banks fall through,18,Governance,2,1,2025,-1.0
2798,2798,2798,2798,2798,2025-04-26,Semiconductor shortages weigh heavily on tech sector profits,Barron's,Accounting Fraud Investigation,FTSE 100,-0.81,316.35,Positive,Agriculture,Medium,Intel,https://timesofindia.indiatimes.com/business/markets/stock-market-crash,semiconductor shortages weigh heavily on tech sector profits,4,Governance,1,1,2025,1.0
2799,2799,2799,2799,2799,2025-06-21,Massive stock buyback program announced by a consumer goods company,Financial Times,Product Safety Recall,Hang Seng,-1.93,115.99,Positive,Retail,Low,Lockheed Martin,https://www.cnbc.com/2025/09/automotive-industry-trends,massive stock buyback program announced by a consumer goods company,3,Social,0,0,2025,1.0
2800,2800,2800,2800,2800,2025-05-06,Government subsidy program gives a lift to the agriculture sector,Mint,Regulatory Compliance Failure,S&P 500,0.66,247.47,,Utilities,Medium,Intel,,government subsidy program gives a lift to the agriculture sector,6,Governance,1,1,2025,
2801,2801,2801,2801,2801,2025-08-13,Bond yields tumble as investors seek safe havens,The Motley Fool,Executive Misconduct,Nikkei 225,1.49,488.07,Negative,Utilities,Medium,Lockheed Martin,https://www.marketwatch.com/story/consumer-goods-report,bond yields tumble as investors seek safe havens,0,Governance,1,1,2025,-1.0
2802,2802,2802,2802,2802,2025-07-20,UK's FTSE 100 sees a boost from favorable trade data,Investopedia,Climate Regulation Breach,Nikkei 225,0.21,179.99,Positive,Materials,Medium,Exxon Mobil,https://www.reuters.com/business/retail-sector-earnings,uk's ftse 100 sees a boost from favorable trade data,2,Environmental,1,1,2025,1.0
2803,2803,2803,2803,2803,2025-03-06,Semiconductor shortages weigh heavily on tech sector profits,Wall Street Journal,Product Safety Recall,NSE Nifty,0.07,273.79,Negative,Utilities,Low,Intel,https://timesofindia.indiatimes.com/business/corporate-governance,semiconductor shortages weigh heavily on tech sector profits,17,Social,0,0,2025,-1.0
2804,2804,2804,2804,2804,2025-04-21,Financial sector bracing for new capital requirements,Business Standard,Regulatory Compliance Failure,Russell 2000,-2.11,234.75,Negative,Industrials,Medium,Intel,https://timesofindia.indiatimes.com/business/agriculture-sector,financial sector bracing for new capital requirements,13,Governance,1,1,2025,-1.0
2805,2805,2805,2805,2805,2025-04-05,UK's FTSE 100 sees a boost from favorable trade data,Wall Street Journal,Executive Misconduct,Nikkei 225,-1.31,442.86,Positive,Retail,Low,Ford Motor Company,,uk's ftse 100 sees a boost from favorable trade data,4,Governance,0,0,2025,1.0
2806,2806,2806,2806,2806,2025-04-12,Banking stocks dip after a major scandal is revealed,CNBC,Climate Regulation Breach,Hang Seng,-0.44,318.12,Positive,Transportation,Medium,Lockheed Martin,https://www.cnbc.com/2025/08/russia-ukraine-war-economic-impact,banking stocks dip after a major scandal is revealed,2,Environmental,1,1,2025,1.0
2807,2807,2807,2807,2807,2025-07-27,Crude oil prices drop to a multi-year low,Investopedia,Executive Misconduct,S&P/TSX Composite,0.96,192.92,,Real Estate,Medium,Microsoft,https://www.forbes.com/finance/geopolitical-event-impact,crude oil prices drop to a multi year low,7,Governance,1,1,2025,
2808,2808,2808,2808,2808,2025-02-26,Nikkei 225 index benefits from a weaker yen,CNBC,Executive Misconduct,Shanghai Composite,0.73,65.06,Negative,Media & Entertainment,Low,Microsoft,https://www.theeconomist.com/world/government-policy-announcement,nikkei 225 index benefits from a weaker yen,0,Governance,0,0,2025,-1.0
2809,2809,2809,2809,2809,2025-04-23,Major technology firm acquires a smaller rival in a multi-billion dollar deal,Mint,Accounting Fraud Investigation,Dow Jones,1.4,481.88,Negative,Aerospace & Defense,High,Apple Inc.,https://www.wsj.com/japan/economic-data-release,major technology firm acquires a smaller rival in a multi billion dollar deal,7,Governance,2,1,2025,-1.0
2810,2810,2810,2810,2810,2025-04-06,Government spending bill is expected to stimulate the economy,Financial Times,Executive Misconduct,FTSE 100,-2.77,264.55,Positive,Telecommunications,Low,Apple Inc.,https://www.ft.com/content/geopolitical-summit,government spending bill is expected to stimulate the economy,11,Governance,0,0,2025,1.0
2811,2811,2811,2811,2811,2025-07-17,Tech Giant's New Product Launch Sparks Sector-Wide Gains,Business Standard,Antitrust Investigation,FTSE 100,-4.04,433.99,Negative,Transportation,High,Ford Motor Company,https://www.wsj.com/japan/economic-data-release,tech giant's new product launch sparks sector wide gains,13,Governance,2,1,2025,-1.0
2812,2812,2812,2812,2812,2025-06-10,E-commerce earnings report beats all analyst expectations,The Economist,Regulatory Compliance Failure,S&P/TSX Composite,-4.97,173.42,Negative,Real Estate,Medium,General Motors,https://www.bloomberg.com/asia/telecommunications-news,e commerce earnings report beats all analyst expectations,14,Governance,1,1,2025,-1.0
2813,2813,2813,2813,2813,2025-02-16,Healthcare stocks gain on robust demand and strong outlook,Yahoo Finance,Human Rights Allegation,Nasdaq Composite,-1.51,56.18,Negative,Healthcare,High,Lockheed Martin,https://www.business-standard.com/economy/inflation-data,healthcare stocks gain on robust demand and strong outlook,8,Social,2,1,2025,-1.0
2814,2814,2814,2814,2814,2025-06-26,New housing data release shows a slowdown in market activity,Seeking Alpha,Executive Misconduct,TSX,4.64,310.91,Positive,Technology,Low,Lockheed Martin,https://www.reuters.com/markets/stocks/tech-rally,new housing data release shows a slowdown in market activity,18,Governance,0,0,2025,1.0
2815,2815,2815,2815,2815,2025-08-03,Market sentiment turns positive on vaccine trial results,Bloomberg,Labor Rights Violation,DAX,-3.17,120.46,Negative,Construction,High,Bank of America,https://www.ft.com/content/tech-sector-innovation,market sentiment turns positive on vaccine trial results,17,Social,2,1,2025,-1.0
2816,2816,2816,2816,2816,2025-04-27,Nikkei 225 index benefits from a weaker yen,The Economist,Worker Strike,TSX,,332.69,Negative,Industrials,Medium,Ford Motor Company,https://www.forbes.com/finance/geopolitical-event-impact,nikkei 225 index benefits from a weaker yen,3,Social,1,1,2025,-1.0
2817,2817,2817,2817,2817,2025-03-22,Automotive industry faces headwinds from rising material costs,Economic Times,Labor Rights Violation,TSX,-2.98,218.71,Negative,Agriculture,High,Ford Motor Company,https://www.ft.com/content/tech-sector-innovation,automotive industry faces headwinds from rising material costs,17,Social,2,1,2025,-1.0
2818,2818,2818,2818,2818,2025-02-27,Consumer Discretionary stocks outperform as spending increases,Seeking Alpha,Executive Misconduct,Shanghai Composite,-4.56,86.15,Negative,Utilities,High,Lockheed Martin,https://www.reuters.com/business/retail-sector-earnings,consumer discretionary stocks outperform as spending increases,12,Governance,2,1,2025,-1.0
2819,2819,2819,2819,2819,2025-07-09,Aerospace and Defense sector sees rally amid geopolitical tensions,The Motley Fool,Climate Regulation Breach,Euro Stoxx 50,-0.44,379.18,Positive,Automotive,Medium,Ford Motor Company,https://www.cnbc.com/2025/11/major-merger-deal-approved,aerospace and defense sector sees rally amid geopolitical tensions,2,Environmental,1,1,2025,1.0
2820,2820,2820,2820,2820,2025-03-28,Consumer confidence index reaches a decade high,Wall Street Journal,Worker Strike,Hang Seng,-2.16,251.69,Negative,Consumer Goods,High,Microsoft,,consumer confidence index reaches a decade high,17,Social,2,1,2025,-1.0
2821,2821,2821,2821,2821,2025-07-11,Government spending bill is expected to stimulate the economy,Reuters,Executive Misconduct,DAX,-2.69,11.32,Negative,Healthcare,High,Chevron Corporation,https://timesofindia.indiatimes.com/business/markets/stock-market-crash,government spending bill is expected to stimulate the economy,7,Governance,2,1,2025,-1.0
2822,2822,2822,2822,2822,2025-03-20,A massive data breach sends a tech company's stock tumbling,Wall Street Journal,Product Safety Recall,Shanghai Composite,0.26,46.91,Neutral,Retail,Low,Bank of America,https://www.marketwatch.com/story/commodities-price-shock,a massive data breach sends a tech company's stock tumbling,17,Social,0,0,2025,0.0
2823,2823,2823,2823,2823,2025-04-09,Semiconductor shortages weigh heavily on tech sector profits,MarketWatch,Executive Misconduct,Dow Jones,-2.2,470.15,Positive,Pharmaceuticals,Low,General Motors,https://www.bloomberg.com/asia/telecommunications-news,semiconductor shortages weigh heavily on tech sector profits,4,Governance,0,0,2025,1.0
2824,2824,2824,2824,2824,2025-06-22,Automotive industry faces headwinds from rising material costs,The Motley Fool,Product Safety Recall,Euro Stoxx 50,0.1,378.12,Positive,Consumer Goods,Low,JPMorgan Chase,https://economictimes.indiatimes.com/news/economy/unemployment-rate,automotive industry faces headwinds from rising material costs,19,Social,0,0,2025,1.0
2825,2825,2825,2825,2825,2025-06-26,New housing data release shows a slowdown in market activity,The Motley Fool,Labor Rights Violation,Euro Stoxx 50,1.08,441.77,Positive,Telecommunications,Low,Bank of America,https://www.forbes.com/crypto/cryptocurrency-regulation,new housing data release shows a slowdown in market activity,19,Social,0,0,2025,1.0
2826,2826,2826,2826,2826,2025-02-01,Geopolitical ceasefire prompts a broad market recovery,The Motley Fool,Regulatory Compliance Failure,DAX,2.92,228.21,Negative,Aerospace & Defense,High,Exxon Mobil,https://www.moneycontrol.com/us-markets/nasdaq-composite,geopolitical ceasefire prompts a broad market recovery,15,Governance,2,1,2025,-1.0
2827,2827,2827,2827,2827,2025-06-04,New housing data release shows a slowdown in market activity,Times of India,Regulatory Compliance Failure,ASX 200,,189.95,Neutral,Pharmaceuticals,Medium,Chevron Corporation,https://www.reuters.com/markets/indices/ftse-100,new housing data release shows a slowdown in market activity,6,Governance,1,1,2025,0.0
2828,2828,2828,2828,2828,2025-07-07,Major technology firm acquires a smaller rival in a multi-billion dollar deal,Business Standard,Labor Rights Violation,FTSE 100,,15.34,Negative,Pharmaceuticals,High,Apple Inc.,https://timesofindia.indiatimes.com/business/finance/banking-sector-news,major technology firm acquires a smaller rival in a multi billion dollar deal,8,Social,2,1,2025,-1.0
2829,2829,2829,2829,2829,2025-05-14,Unexpected rise in unemployment fuels market pessimism,Barron's,Product Safety Recall,FTSE 100,1.56,464.42,,Technology,Low,Microsoft,https://www.moneycontrol.com/us-markets/nasdaq-composite,unexpected rise in unemployment fuels market pessimism,8,Social,0,0,2025,
2830,2830,2830,2830,2830,2025-05-29,Government subsidy program gives a lift to the agriculture sector,The Motley Fool,Accounting Fraud Investigation,BSE Sensex,-0.52,127.33,Neutral,Industrials,Medium,General Motors,https://www.reuters.com/markets/stocks/tech-rally,government subsidy program gives a lift to the agriculture sector,13,Governance,1,1,2025,0.0
2831,2831,2831,2831,2831,2025-03-30,Financial sector bracing for new capital requirements,Times of India,Executive Misconduct,KOSPI,2.47,302.24,,Agriculture,Low,Bank of America,https://www.moneycontrol.com/us-markets/nasdaq-composite,financial sector bracing for new capital requirements,12,Governance,0,0,2025,
2832,2832,2832,2832,2832,2025-08-13,Banking stocks dip after a major scandal is revealed,The Economist,Regulatory Compliance Failure,Shanghai Composite,-1.7,195.69,Negative,Industrials,Medium,Bank of America,https://timesofindia.indiatimes.com/business/markets/stock-market-crash,banking stocks dip after a major scandal is revealed,9,Governance,1,1,2025,-1.0
2833,2833,2833,2833,2833,2025-02-09,New IPO for a popular software firm is oversubscribed,The Motley Fool,Human Rights Allegation,TSX,,47.34,Positive,Technology,Medium,Chevron Corporation,https://www.forbes.com/finance/geopolitical-event-impact,new ipo for a popular software firm is oversubscribed,19,Social,1,1,2025,1.0
2834,2834,2834,2834,2834,2025-04-30,UK's FTSE 100 sees a boost from favorable trade data,Seeking Alpha,Regulatory Compliance Failure,IBOVESPA,2.26,17.89,Neutral,Agriculture,Low,Microsoft,https://www.business-standard.com/finance/corporate-earnings,uk's ftse 100 sees a boost from favorable trade data,12,Governance,0,0,2025,0.0
2835,2835,2835,2835,2835,2025-04-05,Automotive industry faces headwinds from rising material costs,Economic Times,Executive Misconduct,Nasdaq Composite,-2.55,99.7,Negative,Utilities,High,Ford Motor Company,https://www.wsj.com/europe/regulatory-changes,automotive industry faces headwinds from rising material costs,6,Governance,2,1,2025,-1.0
2836,2836,2836,2836,2836,2025-03-13,China's Shanghai Composite falls after new trade restrictions,Yahoo Finance,Antitrust Investigation,Nasdaq Composite,0.52,375.62,Negative,Real Estate,Medium,Lockheed Martin,https://economictimes.indiatimes.com/news/economy/unemployment-rate,china's shanghai composite falls after new trade restrictions,16,Governance,1,1,2025,-1.0
2837,2837,2837,2837,2837,2025-07-18,E-commerce earnings report beats all analyst expectations,Reuters,Labor Rights Violation,FTSE 100,-3.94,199.67,Neutral,Aerospace & Defense,Medium,Exxon Mobil,https://timesofindia.indiatimes.com/business/finance/banking-sector-news,e commerce earnings report beats all analyst expectations,8,Social,1,1,2025,0.0
2838,2838,2838,2838,2838,2025-04-21,Bond yields tumble as investors seek safe havens,Forbes,Labor Rights Violation,Nasdaq Composite,1.75,244.51,Negative,Pharmaceuticals,High,Lockheed Martin,https://www.wsj.com/china/market-rally,bond yields tumble as investors seek safe havens,17,Social,2,1,2025,-1.0
2839,2839,2839,2839,2839,2025-07-17,Geopolitical ceasefire prompts a broad market recovery,Forbes,Antitrust Investigation,CAC 40,-1.06,172.24,Negative,Industrials,High,General Motors,https://www.cnbc.com/2025/08/russia-ukraine-war-economic-impact,geopolitical ceasefire prompts a broad market recovery,0,Governance,2,1,2025,-1.0
2840,2840,2840,2840,2840,2025-04-22,,Business Standard,Accounting Fraud Investigation,Russell 2000,-0.44,339.9,Negative,Utilities,High,Apple Inc.,https://www.bloomberg.com/canada/tsunami-warnings,,12,Governance,2,1,2025,-1.0
2841,2841,2841,2841,2841,2025-06-06,Market sentiment turns positive on vaccine trial results,Business Standard,Water Pollution Incident,Russell 2000,-0.29,14.32,Negative,Technology,High,JPMorgan Chase,https://www.investopedia.com/articles/supply-chain-disruption,market sentiment turns positive on vaccine trial results,2,Environmental,2,1,2025,-1.0
2842,2842,2842,2842,2842,2025-07-21,Energy company's dividend hike excites shareholders,Seeking Alpha,Executive Misconduct,S&P 500,-2.2,46.49,Negative,Consumer Goods,Low,Apple Inc.,https://www.ft.com/content/media-entertainment-merger,energy company's dividend hike excites shareholders,18,Governance,0,0,2025,-1.0
2843,2843,2843,2843,2843,2025-05-24,Mining company stock surges on commodity price boom,Wall Street Journal,Accounting Fraud Investigation,S&P/TSX Composite,4.72,233.38,Positive,Transportation,Low,Apple Inc.,https://www.business-standard.com/economy/inflation-data,mining company stock surges on commodity price boom,5,Governance,0,0,2025,1.0
2844,2844,2844,2844,2844,2025-03-29,Mining company stock surges on commodity price boom,Investopedia,Labor Rights Violation,IBOVESPA,-1.33,324.43,Negative,Construction,Low,Chevron Corporation,https://www.investopedia.com/articles/government-policy-announcement,mining company stock surges on commodity price boom,19,Social,0,0,2025,-1.0
2845,2845,2845,2845,2845,2025-04-01,New housing data release shows a slowdown in market activity,Business Standard,Regulatory Compliance Failure,DAX,,208.57,Neutral,Automotive,Medium,Chevron Corporation,https://www.ft.com/content/consumer-confidence-report,new housing data release shows a slowdown in market activity,18,Governance,1,1,2025,0.0
2846,2846,2846,2846,2846,2025-07-04,Media and Entertainment companies report a surge in streaming revenue,The Economist,Executive Misconduct,S&P 500,-4.2,252.03,Neutral,Aerospace & Defense,Medium,Lockheed Martin,https://www.forbes.com/crypto/cryptocurrency-regulation,media and entertainment companies report a surge in streaming revenue,6,Governance,1,1,2025,0.0
2847,2847,2847,2847,2847,2025-05-07,Financial sector bracing for new capital requirements,Investopedia,Climate Regulation Breach,BSE Sensex,4.33,468.48,Negative,Energy,Medium,Chevron Corporation,https://www.forbes.com/crypto/cryptocurrency-regulation,financial sector bracing for new capital requirements,2,Environmental,1,1,2025,-1.0
2848,2848,2848,2848,2848,2025-03-02,Consumer Discretionary stocks outperform as spending increases,Forbes,Accounting Fraud Investigation,KOSPI,4.93,154.8,Negative,Transportation,High,Lockheed Martin,https://www.moneycontrol.com/us-markets/nasdaq-composite,consumer discretionary stocks outperform as spending increases,15,Governance,2,1,2025,-1.0
2849,2849,2849,2849,2849,2025-06-15,Market braces for a major policy announcement from the EU,Bloomberg,Executive Misconduct,Hang Seng,2.53,355.07,Negative,Transportation,High,Intel,https://www.business-standard.com/economy/economic-stimulus,market braces for a major policy announcement from the eu,13,Governance,2,1,2025,-1.0
2850,2850,2850,2850,2850,2025-04-01,Energy company's dividend hike excites shareholders,Times of India,Executive Misconduct,Nikkei 225,,44.31,Positive,Transportation,Medium,Ford Motor Company,,energy company's dividend hike excites shareholders,14,Governance,1,1,2025,1.0
2851,2851,2851,2851,2851,2025-08-08,Central bank maintains status quo on interest rates,Bloomberg,Regulatory Compliance Failure,Russell 2000,,238.68,Neutral,Automotive,Medium,Exxon Mobil,https://timesofindia.indiatimes.com/business/markets/stock-market-crash,central bank maintains status quo on interest rates,14,Governance,1,1,2025,0.0
2852,2852,2852,2852,2852,2025-07-08,Banking stocks dip after a major scandal is revealed,Forbes,Regulatory Compliance Failure,IBOVESPA,-0.31,178.44,Negative,Agriculture,Medium,Exxon Mobil,https://www.bloomberg.com/canada/tsunami-warnings,banking stocks dip after a major scandal is revealed,15,Governance,1,1,2025,-1.0
2853,2853,2853,2853,2853,2025-08-10,E-commerce earnings report beats all analyst expectations,The Economist,Accounting Fraud Investigation,NSE Nifty,-3.14,292.36,Positive,Retail,Low,Intel,https://www.bloomberg.com/australia/asx-200-performance,e commerce earnings report beats all analyst expectations,1,Governance,0,0,2025,1.0
2854,2854,2854,2854,2854,2025-06-25,Healthcare stocks gain on robust demand and strong outlook,Wall Street Journal,Executive Misconduct,DAX,-2.95,382.12,Positive,Real Estate,Low,Microsoft,https://www.investopedia.com/articles/supply-chain-disruption,healthcare stocks gain on robust demand and strong outlook,15,Governance,0,0,2025,1.0
2855,2855,2855,2855,2855,2025-03-04,Consumer Discretionary stocks outperform as spending increases,Financial Times,Regulatory Compliance Failure,Dow Jones,-0.94,1.22,Neutral,Automotive,Medium,General Motors,https://www.reuters.com/markets/stocks/tech-rally,consumer discretionary stocks outperform as spending increases,16,Governance,1,1,2025,0.0
2856,2856,2856,2856,2856,2025-05-27,ASX 200 gains on strong export performance,MarketWatch,Antitrust Investigation,KOSPI,-2.14,470.81,Neutral,Construction,Low,JPMorgan Chase,https://www.wsj.com/europe/regulatory-changes,asx 200 gains on strong export performance,5,Governance,0,0,2025,0.0
2857,2857,2857,2857,2857,2025-08-11,Aerospace and Defense sector sees rally amid geopolitical tensions,MarketWatch,Worker Strike,Nasdaq Composite,-1.44,196.51,Negative,Healthcare,High,Chevron Corporation,https://www.ft.com/content/consumer-confidence-report,aerospace and defense sector sees rally amid geopolitical tensions,8,Social,2,1,2025,-1.0
2858,2858,2858,2858,2858,2025-05-19,Nikkei 225 index benefits from a weaker yen,Wall Street Journal,Executive Misconduct,Russell 2000,1.41,467.1,Positive,Healthcare,Medium,Lockheed Martin,https://www.cnbc.com/2025/08/russia-ukraine-war-economic-impact,nikkei 225 index benefits from a weaker yen,7,Governance,1,1,2025,1.0
2859,2859,2859,2859,2859,2025-04-05,Mining company stock surges on commodity price boom,Forbes,Antitrust Investigation,S&P/TSX Composite,-4.57,365.93,Negative,Telecommunications,Medium,JPMorgan Chase,https://www.investopedia.com/articles/government-policy-announcement,mining company stock surges on commodity price boom,18,Governance,1,1,2025,-1.0
2860,2860,2860,2860,2860,2025-05-19,Geopolitical ceasefire prompts a broad market recovery,Mint,Antitrust Investigation,Nasdaq Composite,-1.73,339.17,Negative,Consumer Goods,High,Bank of America,https://www.reuters.com/markets/indices/nikkei-225,geopolitical ceasefire prompts a broad market recovery,9,Governance,2,1,2025,-1.0
2861,2861,2861,2861,2861,2025-02-06,Central Bank's dovish tone hints at future rate cuts,MarketWatch,Antitrust Investigation,Nikkei 225,,272.7,Negative,Utilities,Low,Chevron Corporation,https://www.cnbc.com/2025/12/healthcare-sector-outlook,central bank's dovish tone hints at future rate cuts,15,Governance,0,0,2025,-1.0
2862,2862,2862,2862,2862,2025-07-17,Government policy shift boosts renewable energy sector,Yahoo Finance,Executive Misconduct,NSE Nifty,0.4,428.68,Negative,Technology,High,Exxon Mobil,https://www.marketwatch.com/story/commodities-price-shock,government policy shift boosts renewable energy sector,4,Governance,2,1,2025,-1.0
2863,2863,2863,2863,2863,2025-08-10,Manufacturing PMI data signals economic expansion,Forbes,Antitrust Investigation,IBOVESPA,-1.92,257.4,Positive,Media & Entertainment,Low,Bank of America,https://www.bloomberg.com/asia/policy/central-bank-meeting,manufacturing pmi data signals economic expansion,10,Governance,0,0,2025,1.0
2864,2864,2864,2864,2864,2025-03-05,Central Bank Governor signals potential shift in policy,Wall Street Journal,Executive Misconduct,TSX,-4.11,393.04,Negative,Energy,High,Microsoft,https://www.moneycontrol.com/us-markets/nasdaq-composite,central bank governor signals potential shift in policy,10,Governance,2,1,2025,-1.0
2865,2865,2865,2865,2865,2025-05-08,Banking stocks dip after a major scandal is revealed,Wall Street Journal,Executive Misconduct,DAX,2.0,66.63,Negative,Technology,High,General Motors,https://economictimes.indiatimes.com/news/transportation,banking stocks dip after a major scandal is revealed,6,Governance,2,1,2025,-1.0
2866,2866,2866,2866,2866,2025-04-23,New IPO for a popular software firm is oversubscribed,Wall Street Journal,Regulatory Compliance Failure,Russell 2000,2.16,204.34,Neutral,Consumer Goods,Medium,Exxon Mobil,https://www.moneycontrol.com/us-markets/dow-jones-industrial,new ipo for a popular software firm is oversubscribed,4,Governance,1,1,2025,0.0
2867,2867,2867,2867,2867,2025-04-22,Bond yields tumble as investors seek safe havens,Reuters,Antitrust Investigation,Nasdaq Composite,-4.26,108.69,Neutral,Automotive,Low,Intel,https://www.business-standard.com/economy/inflation-data,bond yields tumble as investors seek safe havens,10,Governance,0,0,2025,0.0
2868,2868,2868,2868,2868,2025-05-18,Geopolitical ceasefire prompts a broad market recovery,Yahoo Finance,Product Safety Recall,TSX,0.44,477.28,Negative,Technology,High,Bank of America,https://economictimes.indiatimes.com/news/economy/unemployment-rate,geopolitical ceasefire prompts a broad market recovery,8,Social,2,1,2025,-1.0
2869,2869,2869,2869,2869,2025-05-17,Automotive industry faces headwinds from rising material costs,CNBC,Regulatory Compliance Failure,S&P 500,-1.04,89.99,Neutral,Construction,Medium,Intel,https://www.wsj.com/europe/dax-performance,automotive industry faces headwinds from rising material costs,14,Governance,1,1,2025,0.0
2870,2870,2870,2870,2870,2025-05-23,Retail sales report surpasses all forecasts,Bloomberg,Antitrust Investigation,Shanghai Composite,2.2,48.44,Negative,Energy,High,Chevron Corporation,https://economictimes.indiatimes.com/industry/industrials,retail sales report surpasses all forecasts,18,Governance,2,1,2025,-1.0
2871,2871,2871,2871,2871,2025-03-14,Healthcare stocks gain on robust demand and strong outlook,The Motley Fool,Antitrust Investigation,Dow Jones,-0.68,212.41,Neutral,Utilities,Low,Bank of America,https://www.wsj.com/japan/economic-data-release,healthcare stocks gain on robust demand and strong outlook,11,Governance,0,0,2025,0.0
2872,2872,2872,2872,2872,2025-03-15,Major technology firm acquires a smaller rival in a multi-billion dollar deal,The Economist,Executive Misconduct,Nikkei 225,-0.63,443.12,Neutral,Transportation,Low,Ford Motor Company,https://www.theeconomist.com/world/government-policy-announcement,major technology firm acquires a smaller rival in a multi billion dollar deal,6,Governance,0,0,2025,0.0
2873,2873,2873,2873,2873,2025-03-24,Retail sales report surpasses all forecasts,The Motley Fool,Product Safety Recall,Hang Seng,2.18,157.21,Negative,Real Estate,High,JPMorgan Chase,https://www.reuters.com/markets/indices/nikkei-225,retail sales report surpasses all forecasts,17,Social,2,1,2025,-1.0
2874,2874,2874,2874,2874,2025-04-30,Consumer confidence index reaches a decade high,Mint,Accounting Fraud Investigation,KOSPI,-3.43,387.72,Positive,Technology,Low,Bank of America,https://www.business-standard.com/economy/inflation-data,consumer confidence index reaches a decade high,15,Governance,0,0,2025,1.0
2875,2875,2875,2875,2875,2025-07-07,Government subsidy program gives a lift to the agriculture sector,The Hindu Business Line,Regulatory Compliance Failure,TSX,3.47,24.29,Positive,Materials,Medium,Bank of America,https://www.investopedia.com/articles/government-policy-announcement,government subsidy program gives a lift to the agriculture sector,13,Governance,1,1,2025,1.0
2876,2876,2876,2876,2876,2025-07-17,"Global trade talks collapse, causing market turmoil",The Hindu Business Line,Accounting Fraud Investigation,Euro Stoxx 50,-0.06,315.77,,Agriculture,Low,Intel,https://www.business-standard.com/economy/trade-disputes-impact,"global trade talks collapse, causing market turmoil",7,Governance,0,0,2025,
2877,2877,2877,2877,2877,2025-05-18,Unexpected rise in unemployment fuels market pessimism,MarketWatch,Regulatory Compliance Failure,Nikkei 225,-0.72,442.16,Neutral,Finance,Low,Chevron Corporation,https://www.moneycontrol.com/us-markets/dow-jones-industrial,unexpected rise in unemployment fuels market pessimism,16,Governance,0,0,2025,0.0
2878,2878,2878,2878,2878,2025-04-30,Aerospace and Defense sector sees rally amid geopolitical tensions,Forbes,Executive Misconduct,S&P/TSX Composite,-4.86,173.85,Negative,Industrials,Low,JPMorgan Chase,https://www.reuters.com/business/retail-sector-earnings,aerospace and defense sector sees rally amid geopolitical tensions,10,Governance,0,0,2025,-1.0
2879,2879,2879,2879,2879,2025-08-13,New IPO for a popular software firm is oversubscribed,Forbes,Regulatory Compliance Failure,Euro Stoxx 50,1.23,91.39,Negative,Aerospace & Defense,High,Apple Inc.,https://www.marketwatch.com/story/commodities-price-shock,new ipo for a popular software firm is oversubscribed,4,Governance,2,1,2025,-1.0
2880,2880,2880,2880,2880,2025-02-07,UK's FTSE 100 sees a boost from favorable trade data,Mint,Antitrust Investigation,FTSE 100,-3.86,272.62,Negative,Consumer Goods,Medium,Intel,https://www.business-standard.com/economy/economic-stimulus,uk's ftse 100 sees a boost from favorable trade data,18,Governance,1,1,2025,-1.0
2881,2881,2881,2881,2881,2025-07-03,Aerospace and Defense sector sees rally amid geopolitical tensions,Seeking Alpha,Labor Rights Violation,NSE Nifty,0.32,76.5,Positive,Materials,Medium,Intel,https://timesofindia.indiatimes.com/business/corporate-governance,aerospace and defense sector sees rally amid geopolitical tensions,3,Social,1,1,2025,1.0
2882,2882,2882,2882,2882,2025-05-02,Financial services stocks rally on strong profit margins,Yahoo Finance,Accounting Fraud Investigation,Nasdaq Composite,4.19,124.55,Negative,Pharmaceuticals,Low,Ford Motor Company,https://www.business-standard.com/economy/trade-disputes-impact,financial services stocks rally on strong profit margins,11,Governance,0,0,2025,-1.0
2883,2883,2883,2883,2883,2025-06-14,Dow Jones plunges as market fears recession,Mint,Accounting Fraud Investigation,Russell 2000,-0.98,121.99,Negative,Utilities,High,Ford Motor Company,https://www.forbes.com/crypto/cryptocurrency-regulation,dow jones plunges as market fears recession,1,Governance,2,1,2025,-1.0
2884,2884,2884,2884,2884,2025-02-22,Financial sector bracing for new capital requirements,CNBC,Executive Misconduct,FTSE 100,-0.67,57.04,Negative,Retail,High,Chevron Corporation,https://www.cnbc.com/2025/12/healthcare-sector-outlook,financial sector bracing for new capital requirements,5,Governance,2,1,2025,-1.0
2885,2885,2885,2885,2885,2025-07-27,Major technology firm acquires a smaller rival in a multi-billion dollar deal,The Hindu Business Line,Executive Misconduct,DAX,-3.03,464.47,Neutral,Industrials,Low,Microsoft,,major technology firm acquires a smaller rival in a multi billion dollar deal,12,Governance,0,0,2025,0.0
2886,2886,2886,2886,2886,2025-05-10,,The Hindu Business Line,Human Rights Allegation,IBOVESPA,1.38,439.23,Neutral,Automotive,Medium,General Motors,https://www.investopedia.com/articles/government-policy-announcement,,3,Social,1,1,2025,0.0
2887,2887,2887,2887,2887,2025-03-12,Federal Reserve Chairman's speech causes market volatility,Bloomberg,Regulatory Compliance Failure,TSX,4.66,363.54,Negative,Real Estate,High,Microsoft,https://www.ft.com/content/media-entertainment-merger,federal reserve chairman's speech causes market volatility,9,Governance,2,1,2025,-1.0
2888,2888,2888,2888,2888,2025-07-17,Government subsidy program gives a lift to the agriculture sector,CNBC,Executive Misconduct,Nasdaq Composite,3.81,29.86,Negative,Healthcare,High,Bank of America,https://www.ft.com/content/currency-devaluation,government subsidy program gives a lift to the agriculture sector,13,Governance,2,1,2025,-1.0
2889,2889,2889,2889,2889,2025-06-09,Massive stock buyback program announced by a consumer goods company,Reuters,Antitrust Investigation,S&P 500,-0.94,471.01,Negative,Technology,High,Ford Motor Company,https://www.ft.com/content/currency-devaluation,massive stock buyback program announced by a consumer goods company,4,Governance,2,1,2025,-1.0
2890,2890,2890,2890,2890,2025-03-04,Automotive industry faces headwinds from rising material costs,The Motley Fool,Accounting Fraud Investigation,DAX,3.43,473.52,Negative,Industrials,Medium,Intel,https://economictimes.indiatimes.com/industry/industrials,automotive industry faces headwinds from rising material costs,18,Governance,1,1,2025,-1.0
2891,2891,2891,2891,2891,2025-05-02,,Wall Street Journal,Executive Misconduct,TSX,2.86,111.97,Negative,Materials,Low,Intel,https://www.business-standard.com/economy/economic-stimulus,,0,Governance,0,0,2025,-1.0
2892,2892,2892,2892,2892,2025-06-21,Consumer confidence index reaches a decade high,Reuters,Accounting Fraud Investigation,BSE Sensex,-0.19,167.42,Negative,Agriculture,High,Microsoft,https://www.ft.com/content/consumer-confidence-report,consumer confidence index reaches a decade high,5,Governance,2,1,2025,-1.0
2893,2893,2893,2893,2893,2025-06-27,Financial sector bracing for new capital requirements,Economic Times,Labor Rights Violation,Nikkei 225,0.14,294.45,Neutral,Materials,Low,Chevron Corporation,https://economictimes.indiatimes.com/industry/industrials,financial sector bracing for new capital requirements,17,Social,0,0,2025,0.0
2894,2894,2894,2894,2894,2025-08-01,Mining company stock surges on commodity price boom,Yahoo Finance,Carbon Emissions Violation,KOSPI,3.11,293.95,Neutral,Utilities,Low,Exxon Mobil,https://www.cnbc.com/2025/08/russia-ukraine-war-economic-impact,mining company stock surges on commodity price boom,2,Environmental,0,0,2025,0.0
2895,2895,2895,2895,2895,2025-03-10,Supply chain issues impact manufacturing sector earnings,Economic Times,Antitrust Investigation,DAX,-1.87,214.15,Positive,Consumer Goods,Low,JPMorgan Chase,https://economictimes.indiatimes.com/stocks/bse-sensex-plunges,supply chain issues impact manufacturing sector earnings,15,Governance,0,0,2025,1.0
2896,2896,2896,2896,2896,2025-05-19,Unexpected rise in unemployment fuels market pessimism,Forbes,Climate Regulation Breach,Russell 2000,0.35,341.17,Negative,Healthcare,High,Bank of America,https://www.forbes.com/finance/geopolitical-event-impact,unexpected rise in unemployment fuels market pessimism,2,Environmental,2,1,2025,-1.0
2897,2897,2897,2897,2897,2025-07-21,Consumer Discretionary stocks outperform as spending increases,Forbes,Worker Strike,Dow Jones,-2.18,344.72,Neutral,Materials,Low,Chevron Corporation,https://www.cnbc.com/2025/09/automotive-industry-trends,consumer discretionary stocks outperform as spending increases,3,Social,0,0,2025,0.0
2898,2898,2898,2898,2898,2025-06-29,Manufacturing PMI data signals economic expansion,Forbes,Accounting Fraud Investigation,TSX,4.68,75.45,Positive,Telecommunications,Low,Lockheed Martin,https://www.reuters.com/markets/indices/ftse-100,manufacturing pmi data signals economic expansion,13,Governance,0,0,2025,1.0
2899,2899,2899,2899,2899,2025-03-23,,Investopedia,Labor Rights Violation,ASX 200,-0.6,63.44,,Finance,Medium,Chevron Corporation,https://www.reuters.com/markets/indices/ftse-100,,17,Social,1,1,2025,
2900,2900,2900,2900,2900,2025-04-03,E-commerce earnings report beats all analyst expectations,The Economist,Accounting Fraud Investigation,KOSPI,-3.02,101.73,Negative,Materials,High,Chevron Corporation,https://www.bloomberg.com/middle-east/news/bond-market-fluctuation,e commerce earnings report beats all analyst expectations,11,Governance,2,1,2025,-1.0
2901,2901,2901,2901,2901,2025-04-15,Real Estate sector shows signs of overheating as interest rates fall,Investopedia,Executive Misconduct,DAX,-2.17,454.89,Positive,Aerospace & Defense,Medium,Intel,https://www.marketwatch.com/story/consumer-goods-report,real estate sector shows signs of overheating as interest rates fall,18,Governance,1,1,2025,1.0
2902,2902,2902,2902,2902,2025-04-11,Central Bank Governor signals potential shift in policy,Times of India,Carbon Emissions Violation,Nasdaq Composite,-0.97,369.19,Negative,Energy,High,Ford Motor Company,,central bank governor signals potential shift in policy,2,Environmental,2,1,2025,-1.0
2903,2903,2903,2903,2903,2025-02-24,Market braces for a major policy announcement from the EU,Forbes,Regulatory Compliance Failure,CAC 40,-2.96,331.41,Negative,Real Estate,Medium,Chevron Corporation,https://www.wsj.com/china/market-regulation,market braces for a major policy announcement from the eu,7,Governance,1,1,2025,-1.0
2904,2904,2904,2904,2904,2025-03-31,Aerospace and Defense sector sees rally amid geopolitical tensions,Forbes,Antitrust Investigation,IBOVESPA,-1.44,208.5,Positive,Real Estate,Medium,Exxon Mobil,https://www.bloomberg.com/australia/asx-200-performance,aerospace and defense sector sees rally amid geopolitical tensions,4,Governance,1,1,2025,1.0
2905,2905,2905,2905,2905,2025-03-21,Manufacturing PMI data signals economic expansion,Times of India,Accounting Fraud Investigation,Hang Seng,,35.19,Neutral,Consumer Goods,Low,Lockheed Martin,https://www.theeconomist.com/finance-and-economics/trade-tariffs,manufacturing pmi data signals economic expansion,14,Governance,0,0,2025,0.0
2906,2906,2906,2906,2906,2025-08-12,Utilities sector remains stable during market fluctuations,MarketWatch,Executive Misconduct,Russell 2000,0.49,24.27,Positive,Energy,Low,Chevron Corporation,https://www.moneycontrol.com/us-markets/sp-500,utilities sector remains stable during market fluctuations,15,Governance,0,0,2025,1.0
2907,2907,2907,2907,2907,2025-04-03,A massive data breach sends a tech company's stock tumbling,Seeking Alpha,Regulatory Compliance Failure,Dow Jones,-1.18,331.91,Negative,Automotive,High,Bank of America,https://www.bloomberg.com/canada/tsunami-warnings,a massive data breach sends a tech company's stock tumbling,1,Governance,2,1,2025,-1.0
2908,2908,2908,2908,2908,2025-06-30,Massive stock buyback program announced by a consumer goods company,Seeking Alpha,Labor Rights Violation,Dow Jones,-1.3,24.46,Negative,Pharmaceuticals,High,Lockheed Martin,https://www.wsj.com/china/market-regulation,massive stock buyback program announced by a consumer goods company,19,Social,2,1,2025,-1.0
2909,2909,2909,2909,2909,2025-06-29,China's Shanghai Composite falls after new trade restrictions,Times of India,Executive Misconduct,DAX,2.97,236.26,Negative,Automotive,Low,Bank of America,https://www.cnbc.com/2025/11/major-merger-deal-approved,china's shanghai composite falls after new trade restrictions,6,Governance,0,0,2025,-1.0
2910,2910,2910,2910,2910,2025-04-12,Energy company's dividend hike excites shareholders,Reuters,Antitrust Investigation,Shanghai Composite,2.71,204.29,Negative,Transportation,High,General Motors,https://economictimes.indiatimes.com/industry/industrials,energy company's dividend hike excites shareholders,14,Governance,2,1,2025,-1.0
2911,2911,2911,2911,2911,2025-08-02,Major oil spill sends energy stocks plummeting,The Motley Fool,Human Rights Allegation,NSE Nifty,2.74,263.38,Positive,Construction,Low,Lockheed Martin,https://www.wsj.com/europe/regulatory-changes,major oil spill sends energy stocks plummeting,3,Social,0,0,2025,1.0
2912,2912,2912,2912,2912,2025-04-06,,Financial Times,Executive Misconduct,KOSPI,0.23,255.89,Negative,Materials,High,Microsoft,https://www.reuters.com/business/energy/oil-market-update,,6,Governance,2,1,2025,-1.0
2913,2913,2913,2913,2913,2025-06-05,Record-high inflation data rattles investors,Financial Times,Worker Strike,Hang Seng,3.99,193.51,Negative,Pharmaceuticals,High,Bank of America,https://www.marketwatch.com/story/commodities-price-shock,record high inflation data rattles investors,19,Social,2,1,2025,-1.0
2914,2914,2914,2914,2914,2025-07-20,Healthcare stocks gain on robust demand and strong outlook,Reuters,Antitrust Investigation,Hang Seng,0.13,404.83,Negative,Utilities,High,Intel,https://www.cnbc.com/2025/08/russia-ukraine-war-economic-impact,healthcare stocks gain on robust demand and strong outlook,16,Governance,2,1,2025,-1.0
2915,2915,2915,2915,2915,2025-07-15,Manufacturing PMI data signals economic expansion,Forbes,Accounting Fraud Investigation,BSE Sensex,1.03,371.82,Neutral,Retail,Medium,Apple Inc.,https://www.investopedia.com/articles/government-policy-announcement,manufacturing pmi data signals economic expansion,18,Governance,1,1,2025,0.0
2916,2916,2916,2916,2916,2025-08-01,Geopolitical ceasefire prompts a broad market recovery,Mint,Regulatory Compliance Failure,Euro Stoxx 50,-1.53,103.98,Positive,Construction,Medium,Lockheed Martin,https://economictimes.indiatimes.com/news/economy/unemployment-rate,geopolitical ceasefire prompts a broad market recovery,18,Governance,1,1,2025,1.0
2917,2917,2917,2917,2917,2025-05-10,UK's FTSE 100 sees a boost from favorable trade data,Business Standard,Human Rights Allegation,Shanghai Composite,-1.22,157.77,Negative,Utilities,Low,Exxon Mobil,https://www.ft.com/content/geopolitical-summit,uk's ftse 100 sees a boost from favorable trade data,8,Social,0,0,2025,-1.0
2918,2918,2918,2918,2918,2025-05-03,Semiconductor shortages weigh heavily on tech sector profits,Bloomberg,Human Rights Allegation,IBOVESPA,3.88,174.43,Negative,Automotive,High,Microsoft,https://www.bloomberg.com/asia/telecommunications-news,semiconductor shortages weigh heavily on tech sector profits,8,Social,2,1,2025,-1.0
2919,2919,2919,2919,2919,2025-08-14,Consumer Discretionary stocks outperform as spending increases,Financial Times,Executive Misconduct,Hang Seng,3.77,134.13,Negative,Industrials,High,Exxon Mobil,,consumer discretionary stocks outperform as spending increases,1,Governance,2,1,2025,-1.0
2920,2920,2920,2920,2920,2025-03-14,Automotive industry faces headwinds from rising material costs,Reuters,Executive Misconduct,FTSE 100,-2.85,84.64,Negative,Materials,High,Apple Inc.,https://www.ft.com/content/media-entertainment-merger,automotive industry faces headwinds from rising material costs,14,Governance,2,1,2025,-1.0
2921,2921,2921,2921,2921,2025-03-03,Nikkei 225 index benefits from a weaker yen,Times of India,Water Pollution Incident,Dow Jones,3.64,141.52,Negative,Agriculture,High,Intel,https://economictimes.indiatimes.com/news/economy/unemployment-rate,nikkei 225 index benefits from a weaker yen,2,Environmental,2,1,2025,-1.0
2922,2922,2922,2922,2922,2025-05-27,Central Bank Governor signals potential shift in policy,Reuters,Regulatory Compliance Failure,NSE Nifty,-2.92,484.89,Negative,Healthcare,High,Ford Motor Company,https://www.reuters.com/markets/indices/ftse-100,central bank governor signals potential shift in policy,18,Governance,2,1,2025,-1.0
2923,2923,2923,2923,2923,2025-04-10,Media and Entertainment companies report a surge in streaming revenue,Financial Times,Regulatory Compliance Failure,NSE Nifty,-0.66,52.49,Neutral,Utilities,Low,Intel,https://www.cnbc.com/2025/09/automotive-industry-trends,media and entertainment companies report a surge in streaming revenue,7,Governance,0,0,2025,0.0
2924,2924,2924,2924,2924,2025-02-08,"Global trade talks collapse, causing market turmoil",Wall Street Journal,Accounting Fraud Investigation,S&P/TSX Composite,-4.69,266.48,Negative,Technology,Medium,Intel,https://timesofindia.indiatimes.com/business/finance/banking-sector-news,"global trade talks collapse, causing market turmoil",12,Governance,1,1,2025,-1.0
2925,2925,2925,2925,2925,2025-02-25,Quarterly report shows surprising losses for retail giants,Times of India,Antitrust Investigation,FTSE 100,2.21,132.84,Negative,Industrials,High,Lockheed Martin,https://www.wsj.com/europe/regulatory-changes,quarterly report shows surprising losses for retail giants,12,Governance,2,1,2025,-1.0
2926,2926,2926,2926,2926,2025-04-27,Supply chain issues impact manufacturing sector earnings,Barron's,Accounting Fraud Investigation,S&P/TSX Composite,-1.29,133.2,Positive,Pharmaceuticals,Medium,Intel,https://www.reuters.com/markets/stocks/tech-rally,supply chain issues impact manufacturing sector earnings,9,Governance,1,1,2025,1.0
2927,2927,2927,2927,2927,2025-03-24,New housing data release shows a slowdown in market activity,Bloomberg,Regulatory Compliance Failure,NSE Nifty,3.88,71.34,Neutral,Materials,Medium,Ford Motor Company,https://timesofindia.indiatimes.com/business/markets/stock-market-crash,new housing data release shows a slowdown in market activity,14,Governance,1,1,2025,0.0
2928,2928,2928,2928,2928,2025-08-11,Government spending bill is expected to stimulate the economy,Mint,Antitrust Investigation,Dow Jones,-3.57,293.49,Negative,Real Estate,Low,Ford Motor Company,https://www.cnbc.com/2025/09/automotive-industry-trends,government spending bill is expected to stimulate the economy,11,Governance,0,0,2025,-1.0
2929,2929,2929,2929,2929,2025-02-24,Consumer Discretionary stocks outperform as spending increases,Investopedia,Regulatory Compliance Failure,Euro Stoxx 50,-3.33,440.38,Negative,Energy,Medium,Chevron Corporation,https://www.moneycontrol.com/us-markets/nasdaq-composite,consumer discretionary stocks outperform as spending increases,5,Governance,1,1,2025,-1.0
2930,2930,2930,2930,2930,2025-06-26,Government spending bill is expected to stimulate the economy,Times of India,Regulatory Compliance Failure,NSE Nifty,-3.06,212.35,Neutral,Transportation,Medium,JPMorgan Chase,https://timesofindia.indiatimes.com/business/corporate-governance,government spending bill is expected to stimulate the economy,14,Governance,1,1,2025,0.0
2931,2931,2931,2931,2931,2025-06-12,E-commerce earnings report beats all analyst expectations,The Hindu Business Line,Antitrust Investigation,Shanghai Composite,2.25,260.61,Positive,Materials,Low,Chevron Corporation,https://www.wsj.com/europe/regulatory-changes,e commerce earnings report beats all analyst expectations,10,Governance,0,0,2025,1.0
2932,2932,2932,2932,2932,2025-04-24,Utilities sector remains stable during market fluctuations,CNBC,Accounting Fraud Investigation,BSE Sensex,3.97,155.19,Negative,Materials,High,JPMorgan Chase,https://www.wsj.com/china/market-rally,utilities sector remains stable during market fluctuations,11,Governance,2,1,2025,-1.0
2933,2933,2933,2933,2933,2025-02-05,Unexpected rise in unemployment fuels market pessimism,Reuters,Human Rights Allegation,NSE Nifty,3.16,460.81,Negative,Healthcare,High,Chevron Corporation,https://www.bloomberg.com/middle-east/news/bond-market-fluctuation,unexpected rise in unemployment fuels market pessimism,17,Social,2,1,2025,-1.0
2934,2934,2934,2934,2934,2025-08-06,Media and Entertainment companies report a surge in streaming revenue,Reuters,Executive Misconduct,Shanghai Composite,-1.31,357.29,Negative,Media & Entertainment,Medium,Exxon Mobil,https://www.business-standard.com/economy/inflation-data,media and entertainment companies report a surge in streaming revenue,14,Governance,1,1,2025,-1.0
2935,2935,2935,2935,2935,2025-06-27,Gold prices surge as investors flee riskier assets,Seeking Alpha,Accounting Fraud Investigation,Nikkei 225,2.03,425.75,Neutral,Pharmaceuticals,Medium,Bank of America,https://www.ft.com/content/currency-devaluation,gold prices surge as investors flee riskier assets,15,Governance,1,1,2025,0.0
2936,2936,2936,2936,2936,2025-02-26,ASX 200 gains on strong export performance,CNBC,Product Safety Recall,CAC 40,-0.36,194.45,Negative,Aerospace & Defense,High,Bank of America,https://www.reuters.com/business/retail-sector-earnings,asx 200 gains on strong export performance,3,Social,2,1,2025,-1.0
2937,2937,2937,2937,2937,2025-04-08,Government subsidy program gives a lift to the agriculture sector,Investopedia,Executive Misconduct,S&P 500,-2.91,316.47,Negative,Agriculture,High,Bank of America,https://www.investopedia.com/articles/government-policy-announcement,government subsidy program gives a lift to the agriculture sector,14,Governance,2,1,2025,-1.0
2938,2938,2938,2938,2938,2025-03-07,Major oil spill sends energy stocks plummeting,Yahoo Finance,Product Safety Recall,IBOVESPA,-1.07,246.34,Negative,Utilities,Medium,Microsoft,https://www.forbes.com/finance/geopolitical-event-impact,major oil spill sends energy stocks plummeting,3,Social,1,1,2025,-1.0
2939,2939,2939,2939,2939,2025-07-25,Unexpected rise in unemployment fuels market pessimism,Financial Times,Antitrust Investigation,IBOVESPA,-0.46,146.03,Negative,Finance,High,Bank of America,https://www.business-standard.com/finance/corporate-earnings,unexpected rise in unemployment fuels market pessimism,1,Governance,2,1,2025,-1.0
2940,2940,2940,2940,2940,2025-08-10,Unexpected rise in unemployment fuels market pessimism,The Motley Fool,Product Safety Recall,Hang Seng,-1.64,490.45,Negative,Finance,High,Microsoft,https://www.marketwatch.com/story/consumer-goods-report,unexpected rise in unemployment fuels market pessimism,3,Social,2,1,2025,-1.0
2941,2941,2941,2941,2941,2025-03-05,Market sentiment turns positive on vaccine trial results,The Motley Fool,Labor Rights Violation,KOSPI,-4.92,56.85,Negative,Aerospace & Defense,Low,JPMorgan Chase,https://www.ft.com/content/currency-devaluation,market sentiment turns positive on vaccine trial results,8,Social,0,0,2025,-1.0
2942,2942,2942,2942,2942,2025-08-05,Gold prices surge as investors flee riskier assets,Barron's,Regulatory Compliance Failure,TSX,3.41,312.32,Negative,Technology,High,Chevron Corporation,https://www.moneycontrol.com/us-markets/nasdaq-composite,gold prices surge as investors flee riskier assets,12,Governance,2,1,2025,-1.0
2943,2943,2943,2943,2943,2025-06-11,New IPO for a popular software firm is oversubscribed,Mint,Regulatory Compliance Failure,Russell 2000,0.25,469.52,Negative,Telecommunications,Medium,Intel,https://www.reuters.com/business/retail-sector-earnings,new ipo for a popular software firm is oversubscribed,15,Governance,1,1,2025,-1.0
2944,2944,2944,2944,2944,2025-02-05,,Mint,Accounting Fraud Investigation,BSE Sensex,-4.03,133.82,Positive,Automotive,Low,Ford Motor Company,https://www.moneycontrol.com/us-markets/dow-jones-industrial,,7,Governance,0,0,2025,1.0
2945,2945,2945,2945,2945,2025-02-17,Real Estate sector shows signs of overheating as interest rates fall,Reuters,Regulatory Compliance Failure,BSE Sensex,-3.37,187.97,Positive,Real Estate,Low,JPMorgan Chase,https://www.investopedia.com/articles/government-policy-announcement,real estate sector shows signs of overheating as interest rates fall,11,Governance,0,0,2025,1.0
2946,2946,2946,2946,2946,2025-06-13,Financial sector bracing for new capital requirements,Yahoo Finance,Product Safety Recall,Russell 2000,-1.36,425.53,Negative,Aerospace & Defense,Low,Microsoft,https://www.business-standard.com/international-business/trade-policy,financial sector bracing for new capital requirements,17,Social,0,0,2025,-1.0
2947,2947,2947,2947,2947,2025-06-17,Bond yields tumble as investors seek safe havens,Wall Street Journal,Regulatory Compliance Failure,ASX 200,-2.36,182.47,Positive,Automotive,Medium,Chevron Corporation,https://economictimes.indiatimes.com/stocks/bse-sensex-plunges,bond yields tumble as investors seek safe havens,5,Governance,1,1,2025,1.0
2948,2948,2948,2948,2948,2025-02-01,E-commerce earnings report beats all analyst expectations,Seeking Alpha,Antitrust Investigation,Nikkei 225,3.69,196.17,Neutral,Materials,Medium,Lockheed Martin,https://economictimes.indiatimes.com/stocks/bse-sensex-plunges,e commerce earnings report beats all analyst expectations,7,Governance,1,1,2025,0.0
2949,2949,2949,2949,2949,2025-02-23,E-commerce earnings report beats all analyst expectations,Economic Times,Antitrust Investigation,FTSE 100,-3.79,212.74,Negative,Retail,High,Ford Motor Company,https://www.ft.com/content/geopolitical-summit,e commerce earnings report beats all analyst expectations,16,Governance,2,1,2025,-1.0
2950,2950,2950,2950,2950,2025-06-23,New regulations on cryptocurrencies cause a market dip,MarketWatch,Executive Misconduct,BSE Sensex,4.91,383.29,Negative,Agriculture,Medium,Microsoft,https://www.wsj.com/china/market-regulation,new regulations on cryptocurrencies cause a market dip,7,Governance,1,1,2025,-1.0
2951,2951,2951,2951,2951,2025-07-07,Record-high inflation data rattles investors,Mint,Human Rights Allegation,Nasdaq Composite,4.02,317.34,Negative,Transportation,High,Bank of America,https://economictimes.indiatimes.com/industry/industrials,record high inflation data rattles investors,8,Social,2,1,2025,-1.0
2952,2952,2952,2952,2952,2025-08-04,Market braces for a major policy announcement from the EU,Wall Street Journal,Executive Misconduct,Dow Jones,0.99,205.59,Negative,Construction,Low,Apple Inc.,https://economictimes.indiatimes.com/stocks/bse-sensex-plunges,market braces for a major policy announcement from the eu,14,Governance,0,0,2025,-1.0
2953,2953,2953,2953,2953,2025-05-10,UK's FTSE 100 sees a boost from favorable trade data,Wall Street Journal,Antitrust Investigation,ASX 200,-3.88,196.81,Negative,Transportation,Medium,Ford Motor Company,https://timesofindia.indiatimes.com/business/markets/stock-market-crash,uk's ftse 100 sees a boost from favorable trade data,1,Governance,1,1,2025,-1.0
2954,2954,2954,2954,2954,2025-03-02,UK's FTSE 100 sees a boost from favorable trade data,Seeking Alpha,Accounting Fraud Investigation,KOSPI,1.67,283.05,Negative,Finance,High,Intel,https://www.ft.com/content/tech-sector-innovation,uk's ftse 100 sees a boost from favorable trade data,13,Governance,2,1,2025,-1.0
2955,2955,2955,2955,2955,2025-02-13,A massive data breach sends a tech company's stock tumbling,Seeking Alpha,Accounting Fraud Investigation,FTSE 100,-1.11,394.24,Negative,Retail,Medium,Intel,https://www.investopedia.com/articles/government-policy-announcement,a massive data breach sends a tech company's stock tumbling,0,Governance,1,1,2025,-1.0
2956,2956,2956,2956,2956,2025-07-08,A massive data breach sends a tech company's stock tumbling,Barron's,Human Rights Allegation,S&P/TSX Composite,2.81,234.19,Neutral,Retail,Low,Lockheed Martin,https://www.ft.com/content/geopolitical-summit,a massive data breach sends a tech company's stock tumbling,8,Social,0,0,2025,0.0
2957,2957,2957,2957,2957,2025-02-23,Dow Jones plunges as market fears recession,Investopedia,Human Rights Allegation,Russell 2000,-4.77,474.03,Negative,Healthcare,Low,Microsoft,https://economictimes.indiatimes.com/industry/industrials,dow jones plunges as market fears recession,8,Social,0,0,2025,-1.0
2958,2958,2958,2958,2958,2025-07-28,Gold prices surge as investors flee riskier assets,Bloomberg,Accounting Fraud Investigation,CAC 40,-1.01,84.48,Negative,Agriculture,Low,Intel,https://www.bloomberg.com/canada/tsunami-warnings,gold prices surge as investors flee riskier assets,10,Governance,0,0,2025,-1.0
2959,2959,2959,2959,2959,2025-06-13,Nikkei 225 index benefits from a weaker yen,Wall Street Journal,Accounting Fraud Investigation,CAC 40,1.81,491.21,Neutral,Industrials,Medium,Chevron Corporation,,nikkei 225 index benefits from a weaker yen,0,Governance,1,1,2025,0.0
2960,2960,2960,2960,2960,2025-06-08,Quarterly report shows surprising losses for retail giants,Seeking Alpha,Worker Strike,IBOVESPA,-3.71,352.68,,Automotive,Medium,Lockheed Martin,https://www.business-standard.com/international-business/trade-policy,quarterly report shows surprising losses for retail giants,8,Social,1,1,2025,
2961,2961,2961,2961,2961,2025-02-05,Geopolitical ceasefire prompts a broad market recovery,Yahoo Finance,Regulatory Compliance Failure,FTSE 100,2.12,352.72,Negative,Energy,Low,Chevron Corporation,https://timesofindia.indiatimes.com/business/finance/banking-sector-news,geopolitical ceasefire prompts a broad market recovery,9,Governance,0,0,2025,-1.0
2962,2962,2962,2962,2962,2025-05-26,Tech Giant's New Product Launch Sparks Sector-Wide Gains,Reuters,Accounting Fraud Investigation,Nikkei 225,-4.97,114.57,Negative,Finance,Low,Lockheed Martin,https://www.ft.com/content/currency-devaluation,tech giant's new product launch sparks sector wide gains,13,Governance,0,0,2025,-1.0
2963,2963,2963,2963,2963,2025-04-16,China's Shanghai Composite falls after new trade restrictions,The Motley Fool,Human Rights Allegation,KOSPI,3.27,383.29,Negative,Technology,High,Lockheed Martin,https://www.moneycontrol.com/us-markets/sp-500,china's shanghai composite falls after new trade restrictions,3,Social,2,1,2025,-1.0
2964,2964,2964,2964,2964,2025-07-27,Central Bank's dovish tone hints at future rate cuts,The Economist,Carbon Emissions Violation,FTSE 100,,221.19,Negative,Consumer Goods,Medium,Exxon Mobil,https://economictimes.indiatimes.com/news/economy/unemployment-rate,central bank's dovish tone hints at future rate cuts,2,Environmental,1,1,2025,-1.0
2965,2965,2965,2965,2965,2025-05-22,China's Shanghai Composite falls after new trade restrictions,CNBC,Antitrust Investigation,Dow Jones,-1.81,310.2,Neutral,Retail,Low,Ford Motor Company,https://www.ft.com/content/media-entertainment-merger,china's shanghai composite falls after new trade restrictions,13,Governance,0,0,2025,0.0
2966,2966,2966,2966,2966,2025-08-09,Financial sector bracing for new capital requirements,Bloomberg,Product Safety Recall,Russell 2000,,98.34,Negative,Aerospace & Defense,High,Ford Motor Company,https://www.business-standard.com/economy/trade-disputes-impact,financial sector bracing for new capital requirements,3,Social,2,1,2025,-1.0
2967,2967,2967,2967,2967,2025-06-27,A massive data breach sends a tech company's stock tumbling,MarketWatch,Antitrust Investigation,KOSPI,3.21,157.99,Negative,Finance,High,Ford Motor Company,https://www.investopedia.com/articles/government-policy-announcement,a massive data breach sends a tech company's stock tumbling,0,Governance,2,1,2025,-1.0
2968,2968,2968,2968,2968,2025-02-28,Consumer Discretionary stocks outperform as spending increases,MarketWatch,Regulatory Compliance Failure,Dow Jones,-1.49,76.07,Negative,Materials,High,JPMorgan Chase,https://www.moneycontrol.com/us-markets/dow-jones-industrial,consumer discretionary stocks outperform as spending increases,12,Governance,2,1,2025,-1.0
2969,2969,2969,2969,2969,2025-05-31,Banking stocks dip after a major scandal is revealed,Seeking Alpha,Executive Misconduct,BSE Sensex,2.93,499.19,Negative,Consumer Goods,High,Exxon Mobil,https://www.cnbc.com/2025/10/real-estate-market-analysis,banking stocks dip after a major scandal is revealed,11,Governance,2,1,2025,-1.0
2970,2970,2970,2970,2970,2025-08-13,Merger talks between two banks fall through,Yahoo Finance,Antitrust Investigation,CAC 40,,61.58,Positive,Industrials,Low,Ford Motor Company,https://www.bloomberg.com/middle-east/news/bond-market-fluctuation,merger talks between two banks fall through,18,Governance,0,0,2025,1.0
2971,2971,2971,2971,2971,2025-02-16,Federal Reserve Chairman's speech causes market volatility,The Hindu Business Line,Accounting Fraud Investigation,KOSPI,2.46,302.11,Neutral,Healthcare,Medium,Lockheed Martin,https://www.forbes.com/crypto/cryptocurrency-regulation,federal reserve chairman's speech causes market volatility,6,Governance,1,1,2025,0.0
2972,2972,2972,2972,2972,2025-07-03,Financial sector bracing for new capital requirements,Financial Times,Antitrust Investigation,ASX 200,0.69,336.12,Neutral,Aerospace & Defense,Low,Bank of America,https://www.bloomberg.com/canada/tsunami-warnings,financial sector bracing for new capital requirements,16,Governance,0,0,2025,0.0
2973,2973,2973,2973,2973,2025-05-18,Real Estate sector shows signs of overheating as interest rates fall,MarketWatch,Accounting Fraud Investigation,Nikkei 225,3.22,491.54,Positive,Transportation,Low,Microsoft,https://www.moneycontrol.com/us-markets/dow-jones-industrial,real estate sector shows signs of overheating as interest rates fall,11,Governance,0,0,2025,1.0
2974,2974,2974,2974,2974,2025-03-29,Real Estate sector shows signs of overheating as interest rates fall,Economic Times,Regulatory Compliance Failure,TSX,3.3,228.75,Positive,Energy,Low,Exxon Mobil,https://www.forbes.com/crypto/cryptocurrency-regulation,real estate sector shows signs of overheating as interest rates fall,0,Governance,0,0,2025,1.0
2975,2975,2975,2975,2975,2025-03-31,Market sentiment turns positive on vaccine trial results,Forbes,Executive Misconduct,S&P/TSX Composite,0.63,45.6,Negative,Finance,Low,Apple Inc.,https://timesofindia.indiatimes.com/business/markets/stock-market-crash,market sentiment turns positive on vaccine trial results,11,Governance,0,0,2025,-1.0
2976,2976,2976,2976,2976,2025-07-03,,CNBC,Antitrust Investigation,Nikkei 225,3.42,456.71,Negative,Finance,High,Intel,https://www.bloomberg.com/middle-east/news/bond-market-fluctuation,,4,Governance,2,1,2025,-1.0
2977,2977,2977,2977,2977,2025-07-23,E-commerce earnings report beats all analyst expectations,The Hindu Business Line,Antitrust Investigation,IBOVESPA,0.24,175.88,Negative,Utilities,Low,Intel,https://www.wsj.com/japan/economic-data-release,e commerce earnings report beats all analyst expectations,7,Governance,0,0,2025,-1.0
2978,2978,2978,2978,2978,2025-07-02,Geopolitical ceasefire prompts a broad market recovery,Barron's,Regulatory Compliance Failure,Nasdaq Composite,1.23,438.35,Neutral,Aerospace & Defense,Medium,Chevron Corporation,https://www.business-standard.com/finance/corporate-earnings,geopolitical ceasefire prompts a broad market recovery,4,Governance,1,1,2025,0.0
2979,2979,2979,2979,2979,2025-02-02,Utilities sector remains stable during market fluctuations,The Motley Fool,Product Safety Recall,Hang Seng,3.84,150.87,Negative,Automotive,High,Apple Inc.,https://www.reuters.com/business/energy/oil-market-update,utilities sector remains stable during market fluctuations,19,Social,2,1,2025,-1.0
2980,2980,2980,2980,2980,2025-08-03,Tech Giant's New Product Launch Sparks Sector-Wide Gains,Mint,Accounting Fraud Investigation,CAC 40,-1.97,81.81,Positive,Real Estate,Medium,Apple Inc.,https://www.moneycontrol.com/us-markets/dow-jones-industrial,tech giant's new product launch sparks sector wide gains,14,Governance,1,1,2025,1.0
2981,2981,2981,2981,2981,2025-03-20,Financial sector bracing for new capital requirements,Reuters,Executive Misconduct,Hang Seng,1.49,190.51,Negative,Materials,High,JPMorgan Chase,https://www.investopedia.com/articles/government-policy-announcement,financial sector bracing for new capital requirements,12,Governance,2,1,2025,-1.0
2982,2982,2982,2982,2982,2025-03-14,Massive stock buyback program announced by a consumer goods company,Wall Street Journal,Antitrust Investigation,Euro Stoxx 50,-2.97,69.84,Positive,Agriculture,Medium,General Motors,https://economictimes.indiatimes.com/stocks/bse-sensex-plunges,massive stock buyback program announced by a consumer goods company,9,Governance,1,1,2025,1.0
2983,2983,2983,2983,2983,2025-05-01,Quarterly report shows surprising losses for retail giants,Business Standard,Antitrust Investigation,Dow Jones,4.5,197.16,Neutral,Technology,Low,Bank of America,https://www.moneycontrol.com/us-markets/sp-500,quarterly report shows surprising losses for retail giants,16,Governance,0,0,2025,0.0
2984,2984,2984,2984,2984,2025-03-20,Automotive industry faces headwinds from rising material costs,Wall Street Journal,Antitrust Investigation,BSE Sensex,1.15,83.6,Positive,Media & Entertainment,Medium,Ford Motor Company,https://timesofindia.indiatimes.com/business/finance/banking-sector-news,automotive industry faces headwinds from rising material costs,11,Governance,1,1,2025,1.0
2985,2985,2985,2985,2985,2025-06-13,Mining company stock surges on commodity price boom,Financial Times,Executive Misconduct,NSE Nifty,-4.2,411.78,Positive,Industrials,Low,Exxon Mobil,https://www.investopedia.com/articles/supply-chain-disruption,mining company stock surges on commodity price boom,1,Governance,0,0,2025,1.0
2986,2986,2986,2986,2986,2025-05-01,Central Bank's dovish tone hints at future rate cuts,Forbes,Regulatory Compliance Failure,Hang Seng,2.48,427.1,Neutral,Pharmaceuticals,Low,General Motors,https://www.cnbc.com/2025/10/real-estate-market-analysis,central bank's dovish tone hints at future rate cuts,15,Governance,0,0,2025,0.0
2987,2987,2987,2987,2987,2025-05-24,Massive stock buyback program announced by a consumer goods company,Economic Times,Labor Rights Violation,FTSE 100,4.25,151.21,Negative,Telecommunications,High,Ford Motor Company,https://www.bloomberg.com/asia/policy/central-bank-meeting,massive stock buyback program announced by a consumer goods company,3,Social,2,1,2025,-1.0
2988,2988,2988,2988,2988,2025-08-14,Quarterly report shows surprising losses for retail giants,Seeking Alpha,Regulatory Compliance Failure,DAX,0.33,461.74,Negative,Agriculture,High,Intel,https://www.business-standard.com/economy/economic-stimulus,quarterly report shows surprising losses for retail giants,5,Governance,2,1,2025,-1.0
2989,2989,2989,2989,2989,2025-06-17,Central Bank's dovish tone hints at future rate cuts,The Motley Fool,Regulatory Compliance Failure,Euro Stoxx 50,4.1,453.1,Negative,Automotive,Low,Exxon Mobil,https://www.business-standard.com/finance/corporate-earnings,central bank's dovish tone hints at future rate cuts,5,Governance,0,0,2025,-1.0
2990,2990,2990,2990,2990,2025-03-11,New regulations on cryptocurrencies cause a market dip,The Motley Fool,Executive Misconduct,KOSPI,,433.4,Neutral,Transportation,Low,Intel,https://www.cnbc.com/2025/12/healthcare-sector-outlook,new regulations on cryptocurrencies cause a market dip,7,Governance,0,0,2025,0.0
2991,2991,2991,2991,2991,2025-03-18,Bond yields tumble as investors seek safe havens,Reuters,Regulatory Compliance Failure,CAC 40,-2.89,23.03,Negative,Transportation,Medium,Ford Motor Company,https://www.cnbc.com/2025/10/real-estate-market-analysis,bond yields tumble as investors seek safe havens,5,Governance,1,1,2025,-1.0
2992,2992,2992,2992,2992,2025-03-27,Utilities sector remains stable during market fluctuations,Yahoo Finance,Antitrust Investigation,Shanghai Composite,2.7,76.7,Neutral,Retail,Medium,Ford Motor Company,https://www.bloomberg.com/asia/policy/central-bank-meeting,utilities sector remains stable during market fluctuations,11,Governance,1,1,2025,0.0
2993,2993,2993,2993,2993,2025-03-09,Semiconductor shortages weigh heavily on tech sector profits,Forbes,Antitrust Investigation,Shanghai Composite,4.17,433.17,Negative,Telecommunications,High,Bank of America,,semiconductor shortages weigh heavily on tech sector profits,9,Governance,2,1,2025,-1.0
2994,2994,2994,2994,2994,2025-08-02,Unexpected rise in unemployment fuels market pessimism,Mint,Accounting Fraud Investigation,Nasdaq Composite,1.04,490.23,Positive,Media & Entertainment,Medium,Microsoft,https://economictimes.indiatimes.com/news/economy/unemployment-rate,unexpected rise in unemployment fuels market pessimism,0,Governance,1,1,2025,1.0
2995,2995,2995,2995,2995,2025-07-15,Automotive industry faces headwinds from rising material costs,Barron's,Regulatory Compliance Failure,KOSPI,-2.4,214.02,Negative,Healthcare,High,General Motors,https://www.theeconomist.com/finance-and-economics/trade-tariffs,automotive industry faces headwinds from rising material costs,9,Governance,2,1,2025,-1.0
2996,2996,2996,2996,2996,2025-04-01,Central Bank's dovish tone hints at future rate cuts,The Hindu Business Line,Carbon Emissions Violation,Shanghai Composite,1.79,401.22,Neutral,Industrials,Medium,Bank of America,https://www.bloomberg.com/australia/asx-200-performance,central bank's dovish tone hints at future rate cuts,2,Environmental,1,1,2025,0.0
2997,2997,2997,2997,2997,2025-04-18,Mining company stock surges on commodity price boom,Barron's,Accounting Fraud Investigation,KOSPI,0.99,265.75,Neutral,Healthcare,Low,Lockheed Martin,https://www.wsj.com/japan/economic-data-release,mining company stock surges on commodity price boom,6,Governance,0,0,2025,0.0
2998,2998,2998,2998,2998,2025-08-14,Geopolitical ceasefire prompts a broad market recovery,Forbes,Regulatory Compliance Failure,Euro Stoxx 50,,255.04,Negative,Automotive,Medium,General Motors,https://www.business-standard.com/economy/economic-stimulus,geopolitical ceasefire prompts a broad market recovery,4,Governance,1,1,2025,-1.0
2999,2999,2999,2999,2999,2025-03-11,Geopolitical ceasefire prompts a broad market recovery,CNBC,Regulatory Compliance Failure,Nikkei 225,3.89,308.3,Negative,Energy,High,Chevron Corporation,https://www.moneycontrol.com/us-markets/dow-jones-industrial,geopolitical ceasefire prompts a broad market recovery,13,Governance,2,1,2025,-1.0
3000,3000,3000,3000,3000,2025-07-29,Healthcare stocks gain on robust demand and strong outlook,Seeking Alpha,Executive Misconduct,Russell 2000,1.52,280.86,Negative,Materials,Low,Microsoft,https://www.ft.com/content/geopolitical-summit,healthcare stocks gain on robust demand and strong outlook,7,Governance,0,0,2025,-1.0
3001,3001,3001,3001,3001,2025-07-29,Energy company's dividend hike excites shareholders,Yahoo Finance,Regulatory Compliance Failure,Hang Seng,-0.28,256.41,Negative,Materials,Low,Chevron Corporation,https://economictimes.indiatimes.com/news/transportation,energy company's dividend hike excites shareholders,18,Governance,0,0,2025,-1.0
3002,3002,3002,3002,3002,2025-04-05,Dow Jones plunges as market fears recession,Seeking Alpha,Accounting Fraud Investigation,Nasdaq Composite,-0.82,65.56,Negative,Automotive,High,Apple Inc.,https://timesofindia.indiatimes.com/business/agriculture-sector,dow jones plunges as market fears recession,10,Governance,2,1,2025,-1.0
3003,3003,3003,3003,3003,2025-04-23,China's Shanghai Composite falls after new trade restrictions,Investopedia,Accounting Fraud Investigation,CAC 40,4.36,477.22,Neutral,Automotive,Low,Lockheed Martin,https://economictimes.indiatimes.com/industry/industrials,china's shanghai composite falls after new trade restrictions,16,Governance,0,0,2025,0.0
3004,3004,3004,3004,3004,2025-07-10,Retail sales report surpasses all forecasts,Barron's,Executive Misconduct,Nikkei 225,2.2,401.63,Negative,Materials,Medium,Exxon Mobil,https://www.reuters.com/business/energy/oil-market-update,retail sales report surpasses all forecasts,14,Governance,1,1,2025,-1.0
3005,3005,3005,3005,3005,2025-04-11,Market sentiment turns positive on vaccine trial results,CNBC,Accounting Fraud Investigation,KOSPI,3.49,319.12,Negative,Healthcare,High,Bank of America,https://www.reuters.com/markets/indices/ftse-100,market sentiment turns positive on vaccine trial results,11,Governance,2,1,2025,-1.0
3006,3006,3006,3006,3006,2025-08-11,Real Estate sector shows signs of overheating as interest rates fall,Reuters,Human Rights Allegation,Hang Seng,-4.5,174.51,Neutral,Automotive,Low,Intel,https://timesofindia.indiatimes.com/business/agriculture-sector,real estate sector shows signs of overheating as interest rates fall,8,Social,0,0,2025,0.0
3007,3007,3007,3007,3007,2025-05-06,Mining company stock surges on commodity price boom,Financial Times,Accounting Fraud Investigation,Dow Jones,-3.4,1.06,Negative,Energy,Medium,Intel,https://www.moneycontrol.com/us-markets/nasdaq-composite,mining company stock surges on commodity price boom,9,Governance,1,1,2025,-1.0
3008,3008,3008,3008,3008,2025-06-16,Semiconductor shortages weigh heavily on tech sector profits,Business Standard,Executive Misconduct,BSE Sensex,-4.97,147.46,Negative,Healthcare,Medium,Intel,https://www.investopedia.com/articles/supply-chain-disruption,semiconductor shortages weigh heavily on tech sector profits,6,Governance,1,1,2025,-1.0
3009,3009,3009,3009,3009,2025-07-03,Merger talks between two banks fall through,Times of India,Regulatory Compliance Failure,IBOVESPA,2.67,330.54,Negative,Construction,High,General Motors,https://economictimes.indiatimes.com/stocks/bse-sensex-plunges,merger talks between two banks fall through,4,Governance,2,1,2025,-1.0
3010,3010,3010,3010,3010,2025-05-21,Retail sales report surpasses all forecasts,The Hindu Business Line,Regulatory Compliance Failure,FTSE 100,3.83,4.04,Positive,Automotive,Medium,Exxon Mobil,https://www.forbes.com/crypto/cryptocurrency-regulation,retail sales report surpasses all forecasts,0,Governance,1,1,2025,1.0
3011,3011,3011,3011,3011,2025-08-07,Nikkei 225 index benefits from a weaker yen,The Hindu Business Line,Executive Misconduct,Nasdaq Composite,-4.66,32.53,Positive,Media & Entertainment,Low,Lockheed Martin,https://www.wsj.com/europe/regulatory-changes,nikkei 225 index benefits from a weaker yen,14,Governance,0,0,2025,1.0
3012,3012,3012,3012,3012,2025-06-16,New housing data release shows a slowdown in market activity,Seeking Alpha,Executive Misconduct,S&P 500,-3.54,42.99,Negative,Utilities,High,Ford Motor Company,https://www.moneycontrol.com/us-markets/sp-500,new housing data release shows a slowdown in market activity,10,Governance,2,1,2025,-1.0
3013,3013,3013,3013,3013,2025-05-31,Semiconductor shortages weigh heavily on tech sector profits,Reuters,Antitrust Investigation,S&P 500,1.86,202.71,Positive,Construction,Medium,Microsoft,https://economictimes.indiatimes.com/industry/industrials,semiconductor shortages weigh heavily on tech sector profits,9,Governance,1,1,2025,1.0
3014,3014,3014,3014,3014,2025-02-28,Automotive industry faces headwinds from rising material costs,The Economist,Accounting Fraud Investigation,Nikkei 225,0.69,174.2,Positive,Aerospace & Defense,Medium,Chevron Corporation,https://www.moneycontrol.com/us-markets/sp-500,automotive industry faces headwinds from rising material costs,7,Governance,1,1,2025,1.0
3015,3015,3015,3015,3015,2025-07-27,Media and Entertainment companies report a surge in streaming revenue,CNBC,Regulatory Compliance Failure,Hang Seng,-0.83,278.49,,Consumer Goods,Low,Ford Motor Company,https://www.reuters.com/business/energy/oil-market-update,media and entertainment companies report a surge in streaming revenue,4,Governance,0,0,2025,
3016,3016,3016,3016,3016,2025-04-30,Government subsidy program gives a lift to the agriculture sector,Financial Times,Regulatory Compliance Failure,S&P 500,2.99,166.76,Neutral,Telecommunications,Medium,Bank of America,https://www.theeconomist.com/world/government-policy-announcement,government subsidy program gives a lift to the agriculture sector,10,Governance,1,1,2025,0.0
3017,3017,3017,3017,3017,2025-02-15,ASX 200 gains on strong export performance,Reuters,Worker Strike,KOSPI,-2.1,318.42,Negative,Retail,High,General Motors,https://www.wsj.com/china/market-rally,asx 200 gains on strong export performance,3,Social,2,1,2025,-1.0
3018,3018,3018,3018,3018,2025-05-17,Automotive industry faces headwinds from rising material costs,Investopedia,Regulatory Compliance Failure,FTSE 100,0.82,409.75,Negative,Retail,High,Apple Inc.,https://www.reuters.com/markets/stocks/tech-rally,automotive industry faces headwinds from rising material costs,6,Governance,2,1,2025,-1.0
3019,3019,3019,3019,3019,2025-02-11,Tech Giant's New Product Launch Sparks Sector-Wide Gains,The Motley Fool,Executive Misconduct,DAX,-2.22,212.9,Neutral,Industrials,Low,Intel,https://www.marketwatch.com/story/consumer-goods-report,tech giant's new product launch sparks sector wide gains,7,Governance,0,0,2025,0.0
3020,3020,3020,3020,3020,2025-08-07,Government spending bill is expected to stimulate the economy,Bloomberg,Human Rights Allegation,Euro Stoxx 50,-0.17,105.88,Neutral,Aerospace & Defense,Low,Apple Inc.,https://www.ft.com/content/consumer-confidence-report,government spending bill is expected to stimulate the economy,8,Social,0,0,2025,0.0
3021,3021,3021,3021,3021,2025-05-22,Government spending bill is expected to stimulate the economy,The Economist,Accounting Fraud Investigation,Shanghai Composite,4.02,152.28,Negative,Telecommunications,Low,Intel,https://www.reuters.com/markets/indices/ftse-100,government spending bill is expected to stimulate the economy,14,Governance,0,0,2025,-1.0
3022,3022,3022,3022,3022,2025-07-17,Pharmaceutical company's drug approval drives stock upward,Forbes,Regulatory Compliance Failure,CAC 40,0.12,53.49,Neutral,Healthcare,Medium,JPMorgan Chase,https://www.business-standard.com/international-business/trade-policy,pharmaceutical company's drug approval drives stock upward,7,Governance,1,1,2025,0.0
3023,3023,3023,3023,3023,2025-03-07,Real Estate sector shows signs of overheating as interest rates fall,Times of India,Accounting Fraud Investigation,Nasdaq Composite,-1.76,469.95,Negative,Automotive,Medium,Intel,https://www.reuters.com/business/retail-sector-earnings,real estate sector shows signs of overheating as interest rates fall,12,Governance,1,1,2025,-1.0
